recipeID,url,name,mainIngredients,auxiliaryIngredients,seasonings,steps
667630,https://home.meishichina.com/recipe-667630.html,家庭水煮鱼,鲜黑魚片：适量,甘蓝：适量 | 香菜碎：适量 | 小米辣：适量,食用油：适量 | 麻椒：适量 | 盐：适量,"1 将甘蓝切条炒一下。
2 金汤加入适量的水烧开，下入刚炒制的甘蓝。
3 鲜黑魚片下入锅中小火氽水，保持肉质鲜嫩。
4 然后将魚片捞入至金汤锅中煮30秒。
5 加入香菜碎即可，魚片肉质滑嫩，酸麻辣金汤口感浓郁。"
667655,https://home.meishichina.com/recipe-667655.html,肉末雪菜毛豆,肉沫：适量 | 毛豆：适量,雪菜：一盒 | 小葱：一根,料酒：少许 | 十三香：少许 | 牛肉粉：适量 | 松茸鲜：少许,"1 所需食材:毛豆、肉沫、雪菜
2 起锅烧油，油热加入肉沫翻炒
3 肉沫变色后加入料酒少许
4 加入葱花翻炒
5 加入雪菜翻炒一分钟
6 加入毛豆翻炒
7 加入十三香少许
8 加入牛肉粉翻炒
9 最后加入松茸鲜少许翻炒均匀，炒至毛豆全熟
10 完成！"
667582,https://home.meishichina.com/recipe-667582.html,麻辣水煮鱼,黑魚片：一袋,金汤酸酱：适量 | 菠菜：适量,食用油：适量 | 盐：适量 | 干红辣椒：适量 | 花椒粒：适量 | 麻椒粒：适量,"1 将金汤酸酱加入适量的的烧开。
2 将焯好菠菜(什么菜都可以)放入锅中煮1分钟。
3 黑魚片需要小火煮1分钟至熟。
4 干辣椒，麻椒、花椒。
5 锅中放入适量的食用油烧热，放入花椒、麻椒小火炸出香味。
6 再放入干辣椒炸香。
7 锅中放入氽好的黑魚片，淋入刚炸香的料油，香气四溢，令人垂涎。"
667594,https://home.meishichina.com/recipe-667594.html,炒时蔬,西兰花：适量 | 杏鲍菇：2个,红彩椒：1个 | 秋葵：适量 | 蒜蓉：适量,食用油：适量 | 料酒：适量 | 生抽：适量 | 盐：适量 | 淀粉水：适量,"1 西兰花洗净后，短暂焯水、过凉备用。
2 秋葵、红彩椒同样焯水过凉待用。
3 杏鲍菇切滚刀块焯水过凉。
4 蒜蓉。
5 锅中放入适量的食用油烧热，下入蔬菜，加入料酒、生抽、盐翻炒。
6 加入蒜蓉快速翻炒。
7 淋入适量的淀粉水勾欠，即可出锅。
8 一盘颜色各异，诱人食欲的炒时蔬作为早餐菜品满足人体之需。"
667606,https://home.meishichina.com/recipe-667606.html,啤酒香辣蟹,螃蟹：适量,洋葱：适量 | 啤酒：适量,花椒：适量 | 生姜：适量 | 火锅底料：适量,"1 活螃蟹放水池冲一冲
2 穿心杀蟹:把蟹按在灶台上，铁筷子从蟹眼睛中间插进去，搅动一下，依次杀完
3 清理→刷洗：流水、刷净、滤干。剪足：剪掉腿末端，保留整只钳与大腿。去脐：用剪刀撬一下蟹脐，直接掰掉，流水轻轻冲洗擦拭污渍
4 斩半锁黄：卡好后，猛拍刀背对半砍开，切面厚蘸干淀粉
5 炸制：六成热油，切面站油里不动，炸至切面金黄后，翻炒至整体变橙，捞出
6 备菜:备好洋葱块、姜片、蒜片
7 炒料：留底油，炒香火锅底料，放姜、蒜、花椒、干辣椒。煸蟹:下螃蟹翻炒均匀。焖收:倒入啤酒，大约淹没螃蟹即可，不盖盖子煮，保持沸腾。出锅:准备收汁时，下洋葱块，翻炒至红油亮泽，出锅"
667603,https://home.meishichina.com/recipe-667603.html,洋芋擦擦,土豆：2个（洋芋）,葱绿：适量 | 面粉：适量,食油：适量 | 盐：适量,"1 土豆洗净去皮
2 用擦板擦成粗丝
3 拌入面粉，不要太多，保证每根均匀粘上即可
4 铺匀，把粘连的分开
5 蒸锅加入适量水烧开
6 切一小碗葱绿
7 水开后大火上锅蒸8分钟
8 蒸好后倒出来摊开冷却，把粘连的分开
9 锅中倒油烧至7成热
10 倒入葱绿炒出香味
11 加入蒸好的洋芋擦擦炒散
12 加入食盐炒匀继续翻炒散
13 出锅即可食用
14 加入油泼辣子风味更佳
15 拌匀、开吃"
667579,https://home.meishichina.com/recipe-667579.html,怪味鸡爪,鸡爪：适量,洋葱：适量 | 蒜片：适量 | 干辣椒：适量 | 小米椒：适量,白砂糖：适量 | 陈醋：适量 | 鸡精：适量 | 海椒面：适量 | 花椒面：适量,"1 鸡爪剪掉指甲，斩成二半。洗干净血水
2 鸡爪冷水下锅焯水，煮出血沫油沫，简单撇去
3 另外起锅加开水，加姜葱料酒，放鸡爪煮软后捞出来（盖着盖子煮，0.5-1h），滤干。
4 炖鸡爪时，准备洋葱、蒜片、干海椒（爱吃辣的话再切点小米椒）。料汁准备:少量醋和白砂糖按体积1:1，加适量酱油，混匀，加约2～3倍的冷开水，备用。
5 热锅上油，加洋葱、蒜片、干海椒、花椒、小米椒爆香，鸡爪下锅翻炒过油。加入准备好的料汁翻炒均匀（搅一搅再倒，白砂糖会沉底），收汁后加入海椒面、花椒面、鸡精尝味道起锅（味道不够就撒点盐）"
667557,https://home.meishichina.com/recipe-667557.html,蕨菜炒腊肉,蕨菜：适量 | 腊肉：适量 | 香肠：适量,,花椒：适量 | 蒜：适量 | 盐：适量 | 鸡精：适量,"1 蕨菜用水洗洗
2 锅里水开后下蕨菜，再次沸腾3分钟关火，迅速捞出放进凉水，期间换水3次
3 蕨菜捞出切段，煮熟的腊肉，香肠切片，大蒜切成较小的蒜粒
4 一半猪油、一半菜籽油，烧开后下蒜粒简单翻炒
5 马上下入花椒、腊肉、香肠
6 放入蕨菜，加入盐、味精，猛火翻炒出锅（蕨菜已经煮熟了，这一步只是调味加热）"
667526,https://home.meishichina.com/recipe-667526.html,蒸三文鱼,三文鱼：一块,小米辣：1个 | 白芝麻：适量 | 葱花：少许,食用油：适量 | 蚝油：适量 | 辣椒芝麻油：适量,"1 三纹魚去鳞洗净，加入盐及料酒腌15分钟，上锅蒸8至10分钟。
2 倒出原汁，再加入料汁蒸1一2分钟。
3 三文魚蒸好，小米辣、葱花、白芝麻点缀即可。"
667528,https://home.meishichina.com/recipe-667528.html,清炒苦瓜,苦瓜：2根,水：500亳升,油：适量 | 盐：少许 | 自制钙粉：适量,"1 苦瓜一破2半
2 去掉瓜瓤。
3 斜刀切成片放入盘子里备用
4 锅里加水烧开
5 倒入苦瓜片加入少许盐和油焯水2分钟
6 捞出来备用
7 锅里放油少许倒入苦瓜放入自制钙粉
8 拌匀放入盐少许
9 装盘出锅(成品图)"
666977,https://home.meishichina.com/recipe-666977.html,黄豆酱焗海鲜,小鱿鱼：适量 | 虾：适量 | 马头鱼：适量,九层塔：适量 | 蒜头：适量 | 生姜：适量,花生油：适量 | 普宁黄豆酱：适量,"1 鱿鱼，虾和鱼提前解冻
2 将虾剪去虾枪虾须开背
3 全部处理好备用
4 蒜头和生姜切粒备用
5 九层塔洗净备用
6 锅中少许油放入虾
7 中小火煎香变色
8 砂锅加热加入花生油，放入蒜头和姜粒炒出香味
9 将所有材料一起摆放进砂锅里面
10 加入适量普宁黄豆酱
11 加入少许清水
12 盖上盖子中小火焗十分钟左右
13 出锅前放入九层塔即可"
666967,https://home.meishichina.com/recipe-666967.html,粉蒸牛肉,牛肉：适量,红薯：适量,花生油：适量 | 蒸肉粉：适量,"1 牛肉洗净改刀切片
2 牛肉加入蒸肉粉配带的调味汁拌匀
3 加入蒸肉粉拌匀
4 红薯去皮洗净切薄片
5 将红薯摆入盘中，先上锅蒸十分钟左右
6 放入牛肉，洒上少量水
7 上锅继续蒸
8 蒸大概十分钟左右即可"
667500,https://home.meishichina.com/recipe-667500.html,缤纷炒时蔬,香菇：7朵 | 青椒：1个 | 黄彩椒：1个 | 元葱：半个,西红柿：2个,食用油：适量 | 料酒：适量 | 生抽：适量 | 盐：适量 | 鸡精：少许,"1 将西红柿切成丁。
2 香菇洗净切条再焯水。
3 锅中放入适量的食用油烧热，下入蔬菜翻炒。
4 加入适量的料酒、生抽、盐、再加入西红柿丁快速翻炒，出锅前加少许鸡精。
5 将菜品盛入盘中，五彩缤纷，营养丰富。"
667513,https://home.meishichina.com/recipe-667513.html,酸辣水煮魚,黑魚片：1盒,金汤酸酱：1袋 | 甘蓝：适量,盐：适量 | 鸡精：少许 | 干红辣椒：适量 | 花椒粒：适量 | 食用油：适量,"1 购买的黑魚片。
2 倒入盘中很新鲜，不错。
3 金酸汤酱第一次购买(此次用了1/3的量)。
4 将锅中倒入适量的酸汤，加入适量的水烧开(这个酸汤酱口感不错)。
5 将甘蓝爆炒一下，放入金汤中煮1分钟即可。
6 另一锅烧水下入魚片汆一下捞出放入酸汤中，另一锅加入适量的食用油烧热，加入花椒及干辣椒快速爆香，放入金汤魚锅中即可。"
666965,https://home.meishichina.com/recipe-666965.html,西葫芦虾饼,西葫芦：适量 | 虾滑：适量,胡萝卜：适量,花生油：适量 | 盐：适量 | 玉米淀粉：适量,"1 西葫芦洗净擦丝
2 少量胡萝卜擦丝
3 加入适量盐拌匀杀出水份
4 虾仁处理好切小粒
5 西葫芦杀出好后挤去水份
6 加入虾滑，适量盐和玉米淀粉
7 抓拌均匀
8 再把切粒的虾肉放入碗里，再次抓拌均匀
9 将西葫芦一个个搓圆按压成饼状
10 锅中适量花生油，放入饼胚
11 中小火慢煎，煎至两面金黄即可"
667499,https://home.meishichina.com/recipe-667499.html,时蔬烤鸡胸肉,鸡胸肉：1块（200克） | 贝贝南瓜：200克 | 西蓝花：150克 | 红黄小番茄：200克,蒜：3瓣 | 橄榄油：2勺 | 海盐：适量 | 黑胡椒碎：适量,腌鸡胸肉：如下 | 生抽：1勺 | 海盐：适量 | 黑胡椒碎：适量 | 米酒：1勺 | 蒜：1瓣,"1 准备好食材，西蓝花，小番茄洗净，贝贝南瓜洗净切块，鸡胸肉切块，蒜切片。
2 鸡胸肉中放蒜片
3 放入少许海盐，没有海盐就放普通盐
4 放1勺生抽或者味极鲜酱油。
5 放1勺米酒，料酒黄酒都可以。
6 研磨适量黑胡椒碎，拌匀腌制10分钟入味。
7 贝贝南瓜，红黄小番茄，西蓝花放入烤碗中，放入适量海盐，普通食盐也可以。
8 放入2勺橄榄油，做减脂餐橄榄油最合适。
9 研磨适量适量黑胡椒碎，然后把食材拌匀
10 贝贝南瓜，小番茄，西蓝花在烤碗中摆好
11 摆上腌制好的鸡胸肉和蒜片，放入预热好的烤箱中190度烤30分钟。
12 时间到取出即可享用了。"
666956,https://home.meishichina.com/recipe-666956.html,口蘑烩虾仁,口蘑：适量 | 虾仁：适量,欧芹碎：适量,花生油：适量 | 黑胡椒海盐：适量,"1 口蘑处理好洗净备用
2 虾仁提前解冻后开背
3 锅中热油放入虾仁炒至变色
4 适量黑胡椒海盐调味盛出
5 锅中适量底油放入口蘑
6 小火慢煎，口蘑煎出汁水底部金黄
7 将口蘑翻过另一面同样煎至断生
8 放入虾仁翻炒均匀
9 出锅前再加入少许黑胡椒海盐和欧芹碎调味即可"
666954,https://home.meishichina.com/recipe-666954.html,酸萝卜焖鱼,鲈鱼：适量 | 酸萝卜：适量,生姜：适量 | 葱花：适量,花生油：适量 | 蚝油：适量 | 盐：适量,"1 鲈鱼处理好洗净切一下花刀
2 生姜洗净切片
3 酸萝卜洗净切细
4 锅中热油放入鲈鱼
5 煎至两面金黄
6 放入姜片炒出香味
7 加入适量清水
8 加入适量蚝油，盐调味
9 放入酸萝卜，大火煮开转小火焖15分钟左右入味即可"
667494,https://home.meishichina.com/recipe-667494.html,百香果柠檬虾,鲜虾：1斤左古,百香果：2个 | 柠檬：半个,生抽：2勺 | 葱花：适量 | 蒜末：1头蒜 | 干红椒：3个 | 辣椒油：适量 | 蚝油：1勺 | 白糖：少许 | 姜片：3片 | 鸡精：少许,"1 鲜虾洗净加葱姜，料酒煮熟
2 盛出放冰水中冰一下，捞出
3 蒜花，葱花，干红椒切段放入小盆中。油烧开炸香。再放入辅料和调料拌匀（百香果掏出果肉，柠檬切片）
4 抖匀
5 鲜虾剥去皮后放入调料中
6 拌匀
8 晚餐"
666947,https://home.meishichina.com/recipe-666947.html,酸萝卜焖鸭,鸭肉：适量 | 酸萝卜：适量,生姜：适量,花生油：适量 | 生抽：适量 | 蚝油：适量 | 老抽：适量,"1 鸭肉斩块备用
2 将鸭肉冷水下锅焯烫后捞出洗净
3 生姜洗净切片备用
4 酸萝卜洗净切细备用
5 锅中热油放入姜片炒香
6 放入鸭肉翻炒炒干水份
7 加入适量蚝油，生抽，老抽
8 翻炒均匀上色入味
9 加入适量清水
10 大火煮开转小火焖40分钟左右
11 大概30分钟左右即可放入酸萝卜，继续焖大概十分钟即可"
666940,https://home.meishichina.com/recipe-666940.html,包菜炒粉签,惠来粉签：适量 | 包菜：适量,五花肉：适量 | 鸡蛋：适量,花生油：适量 | 老抽：适量 | 盐：适量,"1 粉签提前泡发备用
2 适量五花肉切薄片备用
3 粉签用热水烫过后过凉水捞出沥干
4 粉签加入适量花生油和老抽拌匀
5 包菜切细备用
6 锅中热油打入鸡蛋炒定型后盛出
7 热锅放入五花肉煸炒出油脂
8 放入包菜
9 翻炒均匀炒软
10 适量盐调味
11 放入粉签和鸡蛋
12 大火快速翻炒均匀即可"
666939,https://home.meishichina.com/recipe-666939.html,牛肉虾仁炒丝瓜,牛肉：适量 | 虾仁：适量,丝瓜：适量,花生油：适量 | 玉米淀粉：适量 | 生抽：适量 | 蚝油：适量 | 盐：适量,"1 牛肉洗净切片
2 加入适量玉米淀粉，生抽，蚝油抓匀
3 适量花生油抓匀静置备用
4 丝瓜去皮洗净切滚刀块
5 虾仁处理好开背备用
6 锅中热油放入牛肉翻炒
7 加入虾仁翻炒
8 炒至七八成熟盛出备用
9 锅中底油放入丝瓜翻炒
10 适量盐调味
11 加入少量清水
12 炒至丝瓜七八成熟
13 放入虾仁和牛肉
14 大火快速翻炒均匀即可"
667480,https://home.meishichina.com/recipe-667480.html,娃娃菜炒玉米香肠,娃娃菜：半棵,玉米肠：2根,油：适量 | 盐：适量,"1 玉米香肠2根切成片装盘备用
2 叶子用手揶成大片备用
3 帮也切成宽条
4 锅里倒油烧热
5 和叶子和邦子一起翻炒
6 下入玉米肠一起炒
7 稍加一点水加入盐少许调味
8 出锅装盘(成品图)"
666938,https://home.meishichina.com/recipe-666938.html,黄瓜皮炒肉沫,黄瓜皮：适量 | 肉沫：适量,小米辣：适量 | 蒜苗：适量 | 蒜末：适量,花生油：适量 | 蚝油：适量,"1 蒜蓉，小米辣和蒜苗切碎备用
2 肉沫提前绞碎备用
3 黄瓜皮提前清水浸泡出咸味
4 黄瓜皮改刀切小块
5 锅中热油放入肉沫翻炒均匀炒干水份
6 加入适量蚝油调味炒匀
7 放入蒜末种小米辣炒香
8 放入黄瓜皮
9 大火快速翻炒
10 出锅前放入蒜苗炒匀即可"
667445,https://home.meishichina.com/recipe-667445.html,绿茄子炒彩椒,绿茄子：1个 | 黄彩椒：1个,蒜蓉：适量,食用油：适量 | 生抽：适量 | 料酒：适量 | 盐：适量 | 鸡精：适量,"1 绿茄子洗净先切片。
2 再切成丝状。
3 锅中放入适量的食用油烧热，下入禄茄子，料酒、姜粉、生抽、盐、鸡精、放入黄彩椒同炒。
4 菜品盛入盘中，颜色美观，营养丰富。"
667455,https://home.meishichina.com/recipe-667455.html,酥梨糖醋肉,鸡胸肉：适量 | 翠冠梨：适量 | 豌豆：适量,玉米淀粉：适量,油：适量 | 盐：适量 | 白醋：适量 | 白糖：适量 | 柠檬汁：适量,"1 翠冠梨去皮切小块，部分榨成梨汁
2 鸡胸肉切1-2mm厚片，用盐和梨汁腌制10分钟
3 取一片鸡胸肉，包裹住一颗梨丁
4 全部做好
5 整个丸子均匀滚上一层厚的玉米淀粉
6 全部做好备用。?
7 锅中放油烧六成热（筷子放油里冒细密小泡），下入梨肉丸子，中火炸至表面定型微黄，捞出控油
8 柠檬汁、香醋、白糖、清水搅拌均匀
9 油温升高至八成热复炸30秒，炸到通体金黄酥脆，捞出沥干多余油脂?
10 锅里留一点点底油，倒入准备好的糖醋汁，小火搅拌至白糖完全融化，淋入水淀粉关火，把炸好的梨肉球倒入糖醋汁里快速翻拌，全部裹上汤汁
11 装盘，撒豌豆点缀即可"
667454,https://home.meishichina.com/recipe-667454.html,番茄土豆炖牛肉,土地：1大个500克 | 番茄：4个860克,洋葱：半个,香叶：4片 | 八角：3个 | 桂皮：1块 | 花椒：10多粒 | 生姜：适量 | 老抽：1勺 | 生抽：2勺 | 黄酒：3勺 | 盐：2小勺 | 冰糖：10克 | 食用油：适量,"1 准备好食材，牛肉提前用水浸泡去血水。
2 牛肉，番茄，洋葱都切块，土豆去皮切块。
3 牛肉冷水入锅，放花椒姜片1勺黄酒焯水捞出再次清洗干净。
4 锅放适量油，小火炒香八角，香叶，桂皮，姜片。
5 放牛肉翻炒2分钟，炒制牛肉变色。
6 放2勺生抽调味，用味极鲜酱油也可以。
7 放入1勺老抽，老抽起到上色的作用，不喜欢可不放，不影响整体味道。
8 放入2勺米酒，也可以用料酒或者黄酒，主要起到去腥的作用。
9 翻炒至上色后放入一半的番茄，剩下的一半番茄最后放。
10 炒制番茄出汤汁，把番茄的味道融入到牛肉里。
11 加入没过食材的开水，炖菜用开水炖更省时间。
12 加盖大火烧开转中小火炖40分钟。
13 时间到放入剩下的番茄，土豆和洋葱。
14 翻炒均匀后放入2勺盐，盐根据自家口味放。
15 放入10克冰糖，再继续炖10分钟土豆入味熟透。
16 汤汁浓郁的番茄炖牛肉就好了，盛出即可享用啦！"
667001,https://home.meishichina.com/recipe-667001.html,肥牛响铃卷粉丝煲,肥牛：适量 | 响铃卷：适量,娃娃菜：适量 | 粉丝：适量 | 番茄：适量,花生油：适量 | 盐：适量 | 海盐黑胡椒：适量,"1 番茄洗净切块
2 娃娃菜洗净切大块即可
3 响铃卷清水泡软备用
4 肥牛卷备用
5 响铃卷摊开放入肥牛，再将其卷起卷紧
6 锅中热油放入番茄，少许盐调味翻炒
7 加入适量清水，大火煮开转小火
8 煮出番茄汁
9 放入娃娃菜
10 盖上盖子将娃娃菜焖软
11 放入粉丝
12 放入肥牛响铃卷，盖上焖至断生
13 出锅前少许海盐黑胡椒和葱花即可"
666903,https://home.meishichina.com/recipe-666903.html,黄瓜干炒五花肉,黄瓜干：适量 | 五花肉：适量,小米辣：适量 | 蒜苗：适量,花生油：适量 | 蚝油：适量,"1 黄瓜干清水浸泡20分钟左右改刀切小块
2 五花肉洗净切片
3 蒜苗和小米辣洗净切块
4 锅中热油放入五花肉炒出油脂
5 加入适量蚝油炒匀
6 放入小米辣炒匀
7 放入黄瓜干翻炒均匀
8 放入蒜苗
9 大火快速炒匀即可"
666889,https://home.meishichina.com/recipe-666889.html,沙茶土豆牛腩,牛腩：适量,胡萝卜：适量 | 土豆：适量,花生油：适量 | 盐：适量 | 沙茶酱：适量 | 蚝油：适量,"1 牛腩改刀切块
2 牛腩冷水下锅焯烫后洗净
3 胡萝卜土豆去皮切块
4 锅中热油放入牛腩翻炒
5 放入沙茶酱，适量蚝油
6 翻炒均匀炒香
7 加入适量清水
8 金针菇牛腩转入高压锅中小火压15分钟左右
9 牛腩焖软后放入胡萝卜和土豆
10 焖至断生粉糯即可"
667346,https://home.meishichina.com/recipe-667346.html,肉丝炒黄花菜,鲜黄花菜：适量,肉丝：适量,食用油：适量 | 料酒：适量 | 生抽：适量 | 盐：适量 | 鸡精：少许,"1 网购鲜黄花菜摘去根部，只留花骨朵。
2 反复洗净。
3 锅中有烧开，下入黄花菜焯一下即可捞出。
4 将肉切成丝状。
5 锅中放入适量的食用油烧热，下入瘦肉丝翻炒，再加入料酒、生抽翻炒。
6 盛出装盘，黄花菜味道鲜美，加入肉丝营养丰富。"
667086,https://home.meishichina.com/recipe-667086.html,麻婆豆腐皮蛋,豆腐：适量 | 皮蛋：适量,肉沫：适量,花生油：适量 | 火锅底料：适量 | 蚝油：适量,"1 肉沫备用
2 豆腐切块备用
3 皮蛋去壳后改刀切块
4 锅中热油放入肉沫炒匀
5 适量蚝油炒匀入味
6 放入火锅底料炒香
7 加入适量清水
8 放入豆腐和皮蛋
9 大火煮开焖煮入味收汁即可"
667166,https://home.meishichina.com/recipe-667166.html,肉沫炖粉条,红薯粉条：适量 | 肉沫：适量,葱花：适量,花生油：适量 | 生抽：适量 | 蚝油：适量 | 老抽：适量 | 盐：适量,"1 肉沫备用
2 红薯粉皮加入清水泡软备用
3 锅中热油放入肉沫
4 翻炒均匀炒干水份
5 加入适量蚝油，生抽，老抽，盐
6 翻炒均匀上色入味
7 放入泡软的粉皮
8 加入适量清水
9 翻炒均匀煮开
10 将粉皮焖软入味收汁即可"
667371,https://home.meishichina.com/recipe-667371.html,玉米鸡翅煲,鸡翅：500克 | 玉米：1根 | 去皮土豆：400克 | 胡萝卜：200克 | 洋葱：小半个,生姜：适量 | 花椒：10多粒 | 八角：1个 | 米酒：1勺 | 水：1碗 | 食用油：适量,料汁：如下 | 蒜蓉辣酱：1勺 | 郫县豆瓣酱：1勺 | 生抽：2勺 | 老抽：1勺 | 米酒：2勺 | 糖：1小勺 | 胡椒粉：半小勺,"1 准备好食材，鸡翅洗净两面划刀，其他配菜洗切好。
2 鸡翅冷水入锅，放花椒，姜片，1勺米酒焯水后捞出再次洗净备用。
3 调料汁：碗中放入1勺蒜蓉辣酱，蒜蓉辣椒酱是我自己做的。
4 1勺郫县豆瓣酱，没有蒜蓉辣酱就放2勺郫县豆瓣酱。
5 放入1勺老抽调色，喜欢颜色浓郁的可以多放半勺老抽。
6 放入2勺生抽调味，也可以放味极鲜酱油，
7 放入2勺米酒，自家酿的米酒，没有就放料酒或者黄酒。
8 放入1勺白糖，不喜欢白糖可以省略不放。
9 放入小半勺黑胡椒粉搅匀备用
10 锅中放少许油，鸡翅煎至两面金黄盛出，鸡翅煎一下会更香。
11 锅再次放油下姜片八角炒出香味，做荤菜我习惯放颗八角。
12 放入洋葱，胡萝卜，玉米，土豆翻炒均匀。
13 把煎好的鸡翅摆在胡萝卜土豆上面，鸡翅煎过已经很好熟了。
14 把调好的料汁淋在鸡翅土豆胡萝卜玉米上面
15 放入1大碗水，喜欢汤汁多的可以放2碗水。
16 盖好锅盖大火烧开小火焖煮30分钟，25分钟左右的时候根据自家口味放入适量盐，在煮5分钟入味即可
17 盛出即可享用了，酱汁包裹着各个食材，非常的好吃下饭。"
666855,https://home.meishichina.com/recipe-666855.html,牛肉虾仁炒芦笋,牛肉：适量 | 虾仁：适量,芦笋：适量,花生油：适量 | 玉米淀粉：适量 | 蚝油：适量 | 生抽：适量 | 盐：适量,"1 牛肉洗净切片
2 牛肉加入适量玉米淀粉，蚝油，生抽抓匀
3 适量花生油抓匀静置备用
4 芦笋清水洗净改刀切段
5 虾仁备用
6 锅中热油放入牛肉翻炒
7 放入虾仁快速翻炒
8 适量蚝油炒匀调味盛出
9 锅中热油放入芦笋快速翻炒
10 少许盐调味
11 放入炒过的虾仁牛肉
12 大火快速翻炒均匀即可"
667362,https://home.meishichina.com/recipe-667362.html,闽南沙茶面,牛肉：适量 | 猪心：适量 | 虾：适量 | 海蛎：适量,生菜：适量 | 豆芽：适量,沙茶粉：适量 | 沙茶酱：适量 | 花生酱：适量 | 盐：适量 | 味精：适量 | 白糖：适量,"1 准备好食材
2 调料准备好
3 热锅，加入姜丝，虾头扁炒一下做汤底！
4 加入沙茶粉，蒜丁
5 沙茶酱两勺，花生酱一勺，炒融化
6 加入水
7 把虾头用过滤勺过滤起来扔掉，加入牛奶，盐，味精，白糖（这里按照自己口味加）
8 加入豆腐下去浸满汤汁
9 加入食材在汤里煮熟！
10 加入面，菜，料煮熟，加入两勺沙茶汤底就可以开动！"
667349,https://home.meishichina.com/recipe-667349.html,鸡胸肉版椒盐小酥肉,鸡胸肉：850克,红薯淀粉：180克 | 鸡蛋（带壳每个50克左右）：5个,生姜：25克 | 洋葱：40克 | 十三香：1小勺 | 盐：5克 | 生抽：4勺 | 蚝油：3勺 | 水：50克 | 椒盐：适量 | 辣椒粉：适量 | 食用油：适量,"1 准备好食材，鸡胸肉洗净切条，洋葱切丝，生姜切片，红薯淀粉用这种有颗粒的最好了。
2 鸡胸肉里加入生姜洋葱，1小勺盐
3 1小勺十三香，不喜欢十三香的可以不放。
4 放入生抽4勺。
5 放入蚝油3勺。
6 拌匀腌制30分钟入味。
7 红薯淀粉180克，打入5个鸡蛋
8 放入50克左右的水，调成流动性糊状，没有红薯淀粉用玉米淀粉?面粉也可以。
9 倒入腌好的鸡胸肉条拌匀。
10 热锅倒入油加热至筷子插入周围冒小泡，
11 一条条把裹好面糊的鸡胸肉放入油锅中小火炸3-5分钟。
12 颜色微黄捞出。
13 油温再次升高，倒入炸好的酥肉再次复炸一遍，捞出控油。
14 撒上椒盐和辣椒粉即可开吃了。"
666861,https://home.meishichina.com/recipe-666861.html,粉蒸贝贝南瓜,贝贝南瓜：适量,蒸肉粉：适量,花生油：适量,"1 贝贝南瓜去籽洗净切块
2 贝贝南瓜放入蒸肉粉的调味包抓匀，再加入适量花生油拌匀
3 加入蒸肉粉抓拌均匀
4 将贝贝南瓜摆入盘中
5 高压锅加入适量清水，上蒸架后把贝贝南瓜放入锅中
6 大火煮开高压锅5分钟左右即可"
666856,https://home.meishichina.com/recipe-666856.html,砂锅素三鲜,香菇：适量 | 木耳：适量 | 油面筋：适量 | 魔芋结：适量,香葱：适量,花生油：适量 | 生抽：适量 | 蚝油：适量 | 白糖：适量,"1 油面筋备用
2 魔芋结备用
3 香菇和木耳提前泡发备用
4 泡发好的香菇改刀切块
5 香葱洗净切葱花备用
6 砂锅黄油放入葱花炒出香味
7 放入香菇翻炒
8 放入木耳炒匀
9 适量蚝油生抽调味
10 加入适量清水
11 放入油面筋
12 加入魔芋结
13 大火煮开，少许白糖调味即可"
666860,https://home.meishichina.com/recipe-666860.html,黄豆炖蹄花,猪蹄：适量 | 黄豆：适量,生姜：适量,盐：适量,"1 黄豆提前泡发
2 猪脚冷水下锅焯烫洗净
3 生姜洗净切片
4 猪脚放入高压锅中
5 放入姜片
6 加入适量清水
7 放入泡发好的黄豆
8 大火煮开高压锅压30分钟左右，出锅前少许盐调味"
667343,https://home.meishichina.com/recipe-667343.html,烤猪排,猪排：两块,大葱：半根 | 口蘑：2个,盐：适量,"1 猪排用锤子敲松一些。两面用盐抹匀。
2 烤箱预热200度5分钟。把食材都铺在锡纸上。
3 200度烤7分钟，之后转220度烤5分钟。
4 烤完之后取出。
5 改刀后装盘。"
666854,https://home.meishichina.com/recipe-666854.html,子姜鱼片,鱼片：适量,子姜：适量 | 剁椒：适量 | 蒜蓉：适量,花生油：适量 | 白糖：适量,"1 鱼片备用
2 子姜洗净切细
3 蒜头拍扁剁碎
4 锅中热油放入蒜末炒出香味
5 放入剁椒炒匀
6 放入子姜炒出香味
7 加入适量清水，大火煮开加入少许白糖
8 放入鱼片，大火煮开断生
9 再放入剩下的子姜煮开即可"
667334,https://home.meishichina.com/recipe-667334.html,白灼阿根廷红虾,阿根廷红虾：600g | 生姜：1块 | 大葱：1块,味极鲜：20毫升 | 菜籽油：5毫升,,"1 准备主要食材:阿根廷红虾600克?生姜5克?大葱15克?浙里味极鲜20毫升
2 红虾去虾线，剪虾枪，处理干净
3 大葱生姜切细丝，泼热油激发香味
4 20毫升【味极鲜】+1勺清水，白灼汁制作完成
5 锅中加清水，放大葱生姜，15毫升黄酒
6 水开倒入红虾煮1分钟
7 撇去浮沫关火，装盘
8 白灼红虾制作完成
9 红虾入口软弹鲜甜，搭配白灼汁刚刚好"
666852,https://home.meishichina.com/recipe-666852.html,椒盐羊排,羊排：适量,青椒：适量 | 红椒：适量 | 洋葱：适量 | 生姜：适量,花生油：适量 | 蚝油：适量 | 椒盐粉：适量,"1 羊排冷水下锅焯烫后洗净
2 羊排加入姜片
3 加入适量清水，高压锅大火15分钟左右即可
4 青红椒洗净切细备用
5 洋葱洗净切细
6 不粘锅少许油放入压过的羊排
7 中小火煎至微焦，放入蚝油
8 翻炒均匀入味
9 放入洋葱，炒匀炒出香味
10 放入青红椒，大火快速翻炒
11 出锅前放入椒盐粉即可"
666847,https://home.meishichina.com/recipe-666847.html,蒜蓉丝瓜粉丝煲,丝瓜：适量 | 粉丝：适量,蒜蓉：适量,花生油：适量 | 蚝油：适量 | 盐：适量,"1 蒜蓉拍扁剁碎，清水冲洗干净备用
2 粉丝提前泡发备用
3 丝瓜去皮洗净切块
4 锅中热油放入蒜蓉炒出香味
5 加入适量蚝油，盐调味翻炒均匀备用
6 丝瓜均匀摆入砂锅中
7 放入粉丝
8 加入提前炒好的蒜蓉酱
9 加入少量清水煮开
10 焖至断生即可"
666843,https://home.meishichina.com/recipe-666843.html,豆腐焖牛肉,豆腐：适量 | 牛肉：适量,线椒：适量,花生油：适量 | 蚝油：适量 | 玉米淀粉：适量 | 生抽：适量 | 盐：适量,"1 牛肉洗净改刀切片
2 牛肉加入蚝油，生抽，玉米淀粉抓匀
3 适量花生油抓匀锁住水分
4 豆腐改刀切块
5 适量线椒备用
6 锅中热油放入豆腐
7 煎至两面金黄盛出
8 锅中底油放入牛肉，翻炒均匀
9 加入线椒翻炒
10 倒入豆腐
11 加入适量清水
12 加入适量蚝油调味
13 大火煮开两三分钟左右即可"
667330,https://home.meishichina.com/recipe-667330.html,卤鸡爪,鸡爪：2斤,鸡蛋：5个,黄豆酱：50克 | 郫县豆瓣酱：30克 | 生抽：3勺 | 老抽：2勺 | 盐：2小勺 | 白糖：1勺 | 姜片：几片 | 香葱：3颗 | 花椒：1小把 | 八角：2个 | 桂皮：1小块 | 干辣椒：6个 | 香叶：3片 | 黄酒：适量,"1 鸡爪提前洗净，各种配料准备好。
2 鸡爪冷水入锅，放入花椒姜片和黄酒，水开撇去浮末捞出鸡爪再次洗净。
3 锅中放入3碗水，八角，香叶，花椒，桂皮，辣椒，姜片，香葱全部放入锅中，然后加入白糖。
4 放入郫县豆瓣酱，喜欢这个味道的可以多放一些，最后盐就要适当放少些。
5 放入黄豆酱，不是豆瓣酱哦。
6 放入2勺老抽增色，老抽多少根据自家喜好放。
7 放入3勺生抽，生抽主要调味。
8 把料汁煮开几分钟，把香料味道煮出来，这样的卤汁卤的东西才更好吃。
9 放入焯水的鸡爪，汤汁没过鸡爪正好。
10 盖好盖子大火烧开转中火卤25分钟，然后放入2小勺盐（10克左右）放了几个煮鸡蛋一起卤15分钟。
11 程序结束让鸡爪和鸡蛋在锅中浸泡2小时再吃更入味。"
667326,https://home.meishichina.com/recipe-667326.html,笋干红烧肉,五花肉：575克,泡发笋干：260克,生姜：适量 | 干辣椒：3个 | 香叶：3片 | 八角：2个 | 桂皮：1小块 | 味极鲜酱油：2勺 | 老抽：1勺 | 米酒：2勺 | 白糖：15克 | 开水：适量,"1 准备好食材，笋干提前一晚泡发清洗干净，五花肉洗净切块，其他调料切配好，小碗中放入味极鲜酱油2勺，老抽1勺，米酒2勺。
2 五花肉凉水入锅，放入姜片和1勺米酒，水开煮1分钟去血沫，捞出五花肉冲洗干净。
3 中不放油放入五花肉，选择煎炸程序180度10分钟，如果用普通锅就用小火煎就可以。
4 小火煎到五花肉几面焦黄至出油。
5 放入干辣椒，桂皮，八角，香叶，生姜。
6 放入15克白糖，用冰糖更好，糖的多少看自家口味放。
7 倒入调好的味极鲜，老抽和米酒，没有米酒用料酒或者黄酒。
8 加入泡发的笋干，然后用筷子翻拌均匀。
9 加入没过食材的开水，一定要用开水，大火煮开转中小火炖45分钟。
10 放入1小勺盐（大概5克左右），盐根据自家口味放，再炖10分钟。
11 10分钟后笋干红烧肉就做好了，笋干鲜香入味，红烧肉软而不烂，一点不腻，配米饭简直绝了。"
666842,https://home.meishichina.com/recipe-666842.html,番茄肥牛滑蛋,番茄：适量 | 肥牛：适量,鸡蛋：适量,花生油：适量 | 蚝油：适量 | 淀粉水：适量 | 盐：适量,"1 肥牛备用
2 番茄洗净切块
3 鸡蛋打入碗中，加入适量淀粉水搅拌均匀
4 平底锅热锅放入肥牛
5 中小火煎出油，煎至两面金黄
6 锅中热油放入番茄
7 加入适量盐
8 翻炒出茄汁
9 炒好的番茄加入肥牛里，翻炒均匀
10 倒入鸡蛋
11 盖上小火焖一两分钟关火，余温静置蛋液定型即可"
666841,https://home.meishichina.com/recipe-666841.html,粉蒸板筋肉,板筋肉：适量,红薯：适量,蒸肉粉：适量,"1 板筋肉洗净改刀切块
2 红薯去皮洗净切片
3 板筋肉加入蒸肉粉的调味包抓匀，加入蒸肉粉抓匀
4 红薯均匀铺在盘子里
5 板筋肉也铺入盘中
6 高压锅加入适量清水上蒸架，把肉放入锅中
7 高压锅中火20分钟左右即可"
667317,https://home.meishichina.com/recipe-667317.html,蟹柳滑蛋,鸡蛋：4个,蟹柳：6根,盐：适量 | 黑胡椒粉：少许 | 橄榄油：适量,"1 准备好食材，我家鸡蛋比较小，如果鸡蛋够大用3个就可以。
2 蟹柳化冻后撕成条，鸡蛋放少许盐打散备用，鸡蛋里也可以放一些牛奶更嫩滑。
3 锅提前预热放少许橄榄油，下蟹柳翻炒片刻。
4 倒入蛋液转小火用铲子不停往中间推，旁边蛋液开始凝固。
5 此时关火利用锅中余温直到蛋液凝固，撒上黑胡椒碎。
6 盛出即可享用了
7 超级嫩滑的蟹柳滑蛋，低脂又美味。
8 喂你吃"
666840,https://home.meishichina.com/recipe-666840.html,剁椒芋仔,芋仔：适量,葱花：适量,花生油：适量 | 剁椒：适量 | 白糖：适量,"1 芋仔去皮洗净切块
2 蒜头拍扁剁碎
3 锅中热油炒香蒜末
4 加入适量剁椒
5 翻炒均匀加入适量清水
6 这个芋仔，大火煮开转小火焖
7 焖至芋仔断生，适量白糖调味即可"
666820,https://home.meishichina.com/recipe-666820.html,葱油手撕鸡,鸡：适量,洋葱：适量 | 生姜：适量 | 葱：适量,花生油：适量 | 生抽：适量 | 老抽：适量 | 蚝油：适量,"1 鸡肉洗净擦干水份
2 洋葱洗净切块
3 生姜洗净切片
4 将洋葱和姜片放跟鸡肉一起放入盘中
5 加入适量生抽，蚝油，老抽
6 揉抓均匀
7 抓匀的鸡静置一小时左右腌制入味
8 香葱洗净切段
9 高压锅热油放入葱段
10 将葱段炒出香味
11 放入鸡肉，连带腌鸡的汤汁一起倒入锅中，加入少许的水
12 高压锅大火煮开压5-10分钟左右，中间看整鸡的大小，出锅晾凉即可"
666849,https://home.meishichina.com/recipe-666849.html,椒盐鸡腿,鸡腿：适量,鸡蛋：适量 | 红薯粉：适量,蚝油：适量 | 生抽：适量 | 椒盐粉：适量 | 盐：适量,"1 鸡腿洗净沥干水分
2 鸡腿加入适量蚝油，生抽，盐抓匀腌制半小时以上
3 腌制过后打入鸡蛋
4 加入椒盐粉和红薯粉揉抓均匀
5 鸡腿放入锡纸盘中
6 烤箱提前预热230度烤40分钟左右
7 中途需要将鸡腿翻面，烤至鸡腿金黄酥脆即可"
667294,https://home.meishichina.com/recipe-667294.html,烤豆角,豆角：500克,菜油：20克,生抽：15克 | 白糖：10克 | 醋：10克,"1 买回的豆角，用手择成16厘米长度的段，总盐水泡泡，洗净备用。
2 锅里倒入28毫升的菜油，油烧到120度，放入豆角段翻炒片刻。
3 待豆角都炒至变色后，放入一勺生抽，少许老抽，白糖和醋。
4 将调料翻炒均匀，豆角都裹上调料。
5 盖上锅盖小火焖40分钟。
6 40分钟后揭开盖子，哇，香气扑鼻，就这个豆角可以吃两碗米饭了吧。"
666817,https://home.meishichina.com/recipe-666817.html,肉汁白萝卜,白萝卜：适量 | 五花肉：适量,八角：适量 | 香叶：适量 | 生姜：适量,蚝油：适量 | 生抽：适量,"1 五花肉洗净切片备用。
2 白萝卜去皮洗净切块。
3 生姜，八角，香叶备用。
4 锅中水开放入白萝卜焯烫一分钟左右捞出。
5 热锅放入五花肉煸炒出油脂。
6 放入姜片，八角，香叶炒出香味。
7 放入白萝卜翻炒均匀。
8 加入适量蚝油，生抽。
9 翻炒均匀上色入味。
10 加入适量清水。
11 大火煮开转小火焖30分钟左右。
12 白萝卜焖至断生，大火收汁即可。"
666815,https://home.meishichina.com/recipe-666815.html,辣豆腐低卡锅,娃娃菜：适量 | 金针菇：适量 | 香菇：适量 | 豆腐：适量 | 魔芋结：适量 | 肥牛卷：适量,小米辣：适量 | 葱花：适量,韩式辣酱：1勺 | 辣椒粉：1勺 | 黄豆酱：1勺 | 生抽：1勺,"1 娃娃菜洗净切块。
2 香菇洗净改刀切块。
3 金针菇洗净切去根部。
4 豆腐切块备用。
5 肥牛卷备用。
6 小米辣和葱花备用。
7 碗中加入生抽，黄豆酱，韩式辣酱，辣椒粉，加入适量清水搅拌均匀。
8 魔芋结备用。
9 将娃娃菜，金针菇，香菇和豆腐放入锅中。
10 倒入酱汁。
11 盖上大火煮开转小火煮五分钟左右。
12 放入魔芋结和肥牛。
13 煮开再放入小米辣和葱花，大火煮开即可。"
666812,https://home.meishichina.com/recipe-666812.html,韭菜佃鱼春卷,韭菜：适量 | 九肚鱼：适量（豆腐鱼）,肉沫：适量,花生油：适量 | 盐：适量 | 胡椒粉：适量,"1 肉沫提前绞碎备用。
2 韭菜洗净切细。
3 九肚鱼处理洗净去软骨，改刀切小块。
4 碗中放入九肚鱼和肉沫。
5 加入适量盐和胡椒粉抓匀。
6 抓过的肉沫和九肚鱼放入韭菜中，加入适量花生油。
7 将馅料放入春卷皮上。
8 把它卷起卷紧备用。
9 锅中热油放入春卷，中小火慢炸。
10 炸至两面金黄即可。"
667227,https://home.meishichina.com/recipe-667227.html,创意金汤玉米笋,鲜玉米笋：6个,熟南瓜泥：适量 | 薄荷：2朵(点缀),葱油：适量 | 料酒：少许 | 盐：适量 | 淀粉水：少许,"1 玉米笋洗净焯水2分钟。
2 捞出摆盘。
3 锅中放入适量的葱油，少许料酒、盐、及蒸熟过滤的南瓜泥。
4 烧开后加入少许的淀粉水勾芡即可。
5 将南瓜汤汁淋入玉米笋上，一盘颜色金黄的玉米笋诱人食欲，且营养丰富。"
666811,https://home.meishichina.com/recipe-666811.html,口蘑黑椒牛仔骨,牛仔骨：适量 | 口蘑：适量,青椒：适量 | 红椒：适量,花生油：适量 | 黑椒酱：适量,"1 牛仔骨备用。
2 青红椒洗净去籽切块。
3 口蘑洗净改刀切块。
4 锅中热油放入牛仔骨。
5 煎至两面金黄先盛出。
6 锅中底油放入口蘑翻炒。
7 放入煎过的牛仔骨。
8 加入黑椒酱，翻炒均匀加入适量清水。
9 中火煮开几分钟让牛仔骨入味。
10 放入青红椒。
11 大火快速翻炒至断生即可。"
666790,https://home.meishichina.com/recipe-666790.html,沙茶白萝卜牛肉丸,白萝卜：适量 | 牛肉丸：适量,肥牛：适量,花生油：适量 | 沙茶酱：适量 | 蒜头酥：适量 | 盐：适量,"1 肥牛卷备用。
2 牛肉丸备用。
3 白萝卜去皮洗净切块。
4 锅中热油放入白萝卜翻炒均匀。
5 加入适量清水。
6 加入沙茶酱，大火煮开转小火煲。
7 煲至白萝卜断生放入牛肉丸。
8 继续煲十分钟左右入味。
9 出锅前放入肥牛卷，煮至断生，加入葱花和蒜头酥即可。"
667174,https://home.meishichina.com/recipe-667174.html,素炒黄西葫芦丝,黄色西葫芦：1个,青小米辣：2个 | 红小米辣：2个 | 小香葱：适量,食用油：适量 | 料酒：适量 | 盐：适量,"1 黄西葫芦洗净，切去两头，切成丝状、青、红椒切段。
2 锅中放入适量的食用油烧热，下入黄葫芦丝翻炒。
3 加入适量的料酒，盐翻炒，最后加入青、红椒段翻炒出锅。
4 最后撒入香葱花点缀即可，颜色美观、清新爽口。"
666756,https://home.meishichina.com/recipe-666756.html,芝士烤贝贝南瓜,贝贝南瓜：适量,马苏里拉芝士碎：适量,欧芹碎：适量,"1 贝贝南瓜洗净去籽切小块。
2 将贝贝南瓜放入烤盘中。
3 烤箱230度烤20分钟左右。
4 20分钟将贝贝南瓜取出摆入盘中。
5 均匀的铺上芝士碎。
6 烤箱继续10分钟左右即可。
7 出锅前再洒上适量欧芹碎。"
667181,https://home.meishichina.com/recipe-667181.html,白灼秋葵绣球菇,秋葵：适量 | 绣球菇：半朵,泰椒：一个,蒸鱼豉油：适量 | 椒麻汁：适量,"1 所需食材、绣球菇、秋葵、蒸鱼豉油、椒麻汁。
2 绣球菇撕成小朵。
3 水开下入秋葵焯水一分钟，捞出投凉。
4 绣球菇焯水半分钟。
5 捞出投凉。
6 秋葵斜刀切片。
7 摆入盘中。
8 绣球菇放上面。
9 放一个小米辣，淋入椒麻汁。不能吃辣放蒸鱼豉油。我两种都放了。
10 完成了！营养又美味！"
666745,https://home.meishichina.com/recipe-666745.html,浇汁豆腐,普宁豆干：适量,蒜头：适量 | 葱花：适量,花生油：适量 | 蚝油：适量 | 生抽：适量 | 烧烤料：适量 | 孜然粉：适量 | 盐：适量,"1 蒜头拍扁剁碎备用。
2 普宁豆干改刀切块。
3 锅中热油放入蒜头炒香。
4 放入烧烤料和孜然粉。
5 加入适量清水。
6 适量蚝油，盐调味。
7 大火煮开收一下汁。
8 出锅前适量淀粉水勾芡煮开即可。
9 锅中热油放入普宁豆干。
10 大火炸至金黄。
11 炸好后盛入盘中。
12 淋上酱汁即可。"
667176,https://home.meishichina.com/recipe-667176.html,醋溜白菜,白菜：6大片,红辣椒：半个,猪油：适量 | 盐：适量 | 蒜：适量 | 葱：适量 | 醋：适量 | 酱油：适量 | 鸡精：适量 | 糖：适量,"1 将白菜叶剥下来，放到淡盐水中浸泡20分钟。（可有效去除残留农药）
2 用3勺醋、1勺酱油、1勺糖、半勺盐、小半勺鸡精、1勺淀粉、2勺清水调成碗汁备用（普通小汤勺的量）。
3 白菜斜刀切成片，把白菜帮子和叶子分开放。
4 煎炒锅中倒入适量猪油，油热后放入红辣椒、蒜末、葱末，用锅铲煸炒出香味。
5 放入白菜帮子大火煸炒1分钟左右，煸炒至稍稍有些变软。
6 将白菜叶放入锅中煸炒30秒左右。
7 将碗的酱汁倒入锅中，烧开后煸炒均匀。
8 关火，淋少许香油即可。"
666741,https://home.meishichina.com/recipe-666741.html,芋仔粉蒸肉,五花肉：适量,芋仔：适量,蚝油：适量 | 老抽：适量 | 蒸肉粉：适量,"1 五花肉洗净改刀切片。
2 五花肉加入蒸肉粉配带的调味包，加入适量蚝油抓匀。
3 放入蒸肉粉。
4 加入适量清水，抓拌均匀备用。
5 芋仔去皮洗净切小块。
6 碗中放入芋仔。
7 将五花肉铺在碗中。
8 高压锅加入适量清水，放入五花肉。
9 高压锅大火煮开压20分钟左右即可。
10 出锅前加入适量葱花即可。"
667159,https://home.meishichina.com/recipe-667159.html,蒜黄炒腐竹,蒜黄：一小把 | 腐竹：一小把,,花生油：适量 | 盐：少许,"1 蒜黄，备用。
2 洗净，沥干水分，切寸段。
3 腐竹用清水泡发一夜，捞出，挤出多余水分，切段，备用。
4 锅烧热放适量油，倒入蒜黄，加少许盐调味，大火翻炒，炒香，再倒入腐竹，翻炒几下即可出锅。
5 装盘即食。
6 蒜香可口。"
666734,https://home.meishichina.com/recipe-666734.html,土豆焖鸭,鸭肉：适量 | 土豆：适量,生姜：适量,花生油：适量 | 蚝油：适量 | 老抽：适量 | 生抽：适量,"1 鸭肉洗净斩块备用。
2 生姜洗净切片。
3 土豆去皮洗净切块备用。
4 锅中热油放入姜片炒香。
5 放入鸭肉，大火煸炒炒干水份。
6 加入适量蚝油，生抽，老抽。
7 翻炒均匀上色入味。
8 加入适量清水，大火煮开中小火焖20分钟左右。
9 20分钟后放入土豆。
10 继续中小火焖至土豆断生，大火收一下汁即可。"
667145,https://home.meishichina.com/recipe-667145.html,海鲜虾滑大烩菜,虾滑：1袋 | 海带苗：适量,大白莱：7片 | 粉条：适量 | 水：600毫升,干鱼粉：少许 | 葱花：少许,"1 海带和粉条在砂锅里提前泡好。
2 大白菜邦洗净去叶备用。
3 叶子也洗净切成宽条。
4 大白萝卜切成宽条备用。
5 把白萝卜白菜帮一起下锅煮好捞出来备用。
6 虾滑挤出来放入锅里。
7 挤出来的虾滑煮一下。
8 加入鱼粉干。
9 拌匀。
10 撒点葱花完成。"
667143,https://home.meishichina.com/recipe-667143.html,山药珍珠丸子,铁棍山药：100g | 糯米：150g | 猪肉馅：300g,葱：少许,耗油：少许 | 盐：少许 | 玉米淀粉：少许,"1 铁棍山药备用。
2 将山药洗净去皮。
3 上锅蒸熟后，捣烂。
4 糯米备用。
5 糯米提前冷水浸泡一天，捞出后，沥干水分。
6 猪肉馅备用。
7 在肉馅中，掺入山药泥、少许玉米淀粉、盐和蚝油。
8 拌匀。
9 手沾水防粘，再捏成合适大小的丸子。
10 丸子外边滚上一层糯米。
11 如图所示。
12 装在盘子里。
13 上锅隔水蒸，水开大火蒸20分钟。
14 出锅撒葱花。
15 取出。
16 软糯不柴，健脾养胃，糯香美味。"
667083,https://home.meishichina.com/recipe-667083.html,凉拌菠菜,菠菜：一把,蒜：适量,花生油：适量 | 盐：少许 | 白糖：少许 | 生抽：少许 | 白醋：少许,"1 择好的菠菜，洗净，沥干水分。
2 菠菜水开焯1-2分钟，捞出过凉挤一下水分，切寸段，备用。
3 加少许盐捣成蒜泥，备用。
4 放入蒜泥，淋适量热油激出香味，加少许盐、白糖、生抽和白醋调味。
5 搅拌均匀即可。
6 装盘即食。
7 蒜香爽口，下饭菜。"
666218,https://home.meishichina.com/recipe-666218.html,虾滑肥牛卷,虾滑：适量 | 肥牛：适量,葱花：适量,花生油：适量 | 生抽：适量 | 蚝油：适量 | 玉米淀粉：适量,"1 肥牛提前解冻。
2 虾滑备用。
3 将肥牛卷摊开后放入虾滑。
4 酿好虾滑后把肥牛卷卷紧。
5 锅中少量花生油，放入肥牛卷。
6 煎至两面微焦。
7 加入适量蚝油，生抽。
8 适量清水中小火焖两三分钟左右。
9 出锅前少许淀粉水勾芡。"
666214,https://home.meishichina.com/recipe-666214.html,胡萝卜土豆焖鸡,鸡肉：适量 | 胡萝卜：适量 | 土豆：适量,生姜：适量 | 葱花：适量,花生油：适量 | 盐：适量 | 生抽：适量 | 蚝油：适量,"1 鸡肉洗净沥干水分。
2 生姜洗净切片备用。
3 胡萝卜去皮洗净切块。
4 土豆去皮洗净切块。
5 锅中热油放入姜片炒香。
6 放入鸡肉煸炒炒干水份。
7 适量蚝油，生抽，盐翻炒均匀。
8 放入土豆和胡萝卜。
9 翻炒均匀。
10 加入适量清水，大火煮开转小火焖30分钟左右即可。"
666674,https://home.meishichina.com/recipe-666674.html,牛肉鱼片泡菜锅,牛肉：适量 | 鱼片：适量,泡菜：适量,花生油：适量 | 白糖：适量 | 玉米淀粉：适量 | 蚝油：适量 | 生抽：适量,"1 鱼片备用。
2 牛肉洗净改刀切薄片。
3 牛肉加入适量蚝油，玉米淀粉，生抽抓匀。
4 适量花生油抓匀锁住水分。
5 泡菜备用。
6 锅中热油放入泡菜炒出香味。
7 加入适量清水。
8 大火煮开，少许白糖调味。
9 加入牛肉。
10 放入鱼片。
11 大火煮开至牛肉和鱼片断生即可。"
667070,https://home.meishichina.com/recipe-667070.html,炸脆皮鸡翅根,鸡翅根：适量,面粉：适量 | 淀粉：适量,胡椒粉：若干 | 料酒：若干 | 葱丝：适量 | 生抽：适量,"1 鸡翅根打两下花刀，以便更入味。
2 冷水下锅，加入料酒。
3 焯烫约去血沫，时长约5min。
4 捞出过冷水，放入盐，胡椒，生抽，葱丝，腌制约1小时。
5 调个脆皮粉，3份白面混合1份淀粉，加食盐。
6 鸡翅根裹上脆皮粉。
7 清水里泡3秒。
8 取出后，二次裹脆皮粉，放置10min，让面粉充分吸收尽水分。
9 油锅下入鸡翅根，油温不易过大。
10 中途记得均匀翻个面。
11 大约炸5分钟，糊黄颜色开始出现即可出锅。
12 成品就好啦。"
666914,https://home.meishichina.com/recipe-666914.html,红焖鲤里段,鲤鱼段：适量,生姜片：适量 | 蒜蓉：适量,食用油：适量 | 料酒：适量 | 生抽：适量 | 盐：适量 | 鸡精：适量,"1 鲤鱼段一块洗净去鳞，魚段上切几刀便于入味。
2 锅中将油烧热，下入魚段煎制金黄。
3 然后烹入料酒，加入生抽、盐、生姜片炖制。
4 最后放入蒜蓉烧浓，加入鸡精即可。
5 将成品盛入盘中，鲤鱼肉质鲜嫩，营养又美味。"
667061,https://home.meishichina.com/recipe-667061.html,清蒸秋葵,秋葵：适量,红小米椒：2个 | 青小米椒：1个 | 蒜蓉：适量,食用油：适量 | 料酒：适量 | 生抽：适量 | 鸡精：少许,"1 将秋葵洗净，切去两头，再切半，蒸6至8分钟。
2 切好的配料。
3 锅中放入食用油烧热，加入碗汁:生抽、料酒、淀粉水、鸡精烧开至浓即可。
4 浇入至刚蒸好的秋葵上，青红小米椒点缀，颜色美观、口味鲜美。"
667067,https://home.meishichina.com/recipe-667067.html,海米烧莴笋,莴笋：两根 | 海米：一把,姜：少许 | 干红辣椒：少许,花生油：适量 | 盐：少许 | 生抽：少许,"1 正宗湛江特产海米。
2 海米用温水泡10分钟，洗净沥干，备用。
3 莴笋刮皮，洗净，斜切片，备用。
4 姜丝和干红辣椒，备用。
5 锅烧热放适量油，倒入姜丝和干红辣椒爆香，再倒入海米，翻炒均匀，继续倒入莴笋片加少许盐和生抽调味，翻炒几下即可。
6 出锅装盘即食。
7 鲜香清甜，咸鲜爽口，微微回甘带点脆。"
666125,https://home.meishichina.com/recipe-666125.html,洋葱炒鱼片,鱼片：适量,洋葱：适量,花生油：适量 | 薄盐生抽：适量 | 玉米淀粉：适量 | 蛋清：适量 | 盐：适量,"1 鱼片备用。
2 洋葱洗净切细。
3 锅中水开放入鱼片，焯烫至变色捞出。
4 锅中热油放入洋葱。
5 大火快速翻炒炒香。
6 放入鱼片。
7 加入适量薄盐生抽，大火快速翻炒均匀即可。
8 出锅前加入适量葱花。"
666175,https://home.meishichina.com/recipe-666175.html,肉沫芋仔,芋艿：适量,肉沫：适量,花生油：适量 | 蚝油：适量 | 盐：适量,"1 肉沫备用。
2 芋艿洗净去皮切小块。
3 锅中热油放入肉沫炒匀。
4 炒至微焦后适量蚝油，盐调味。
5 翻炒均匀入味。
6 放入芋艿炒勺。
7 加入适量清水，煮开盖上焖。
8 焖至芋艿断生，汤汁浓稠，出锅前加入少许葱花即可。"
666933,https://home.meishichina.com/recipe-666933.html,烤鱼块,草鱼：500g,花椒：2勺 | 姜丝：适量,蚝油：2勺 | 辣椒粉：1勺,"1 草鱼在市场上让老摊主切成块备用。
2 加入适量调料腌制十分钟后摆盘。
3 空气炸锅十五分钟左右就可以吃了。"
666930,https://home.meishichina.com/recipe-666930.html,贝贝南瓜酿肉,贝贝南瓜：1个,梅花肉馅：适量,盐：适量,"1 贝贝南瓜削皮（我嫌瓜皮太硬），从顶部留一部分横切做盖子用。
2 掏去瓜子备用
3 肉馅加盐拌均，填入瓜中。
4 盖上瓜盖，放入蒸锅加热，上汽一会儿后在瓜表面撒少许的盐。
5 半个小时出锅即可。蒸的时候可以先把小瓜盖打开，以更肉馅客易蒸熟。"
666929,https://home.meishichina.com/recipe-666929.html,海鲜菇番茄鱼片,鱼片：适量 | 番茄：适量 | 海鲜菇：适量,葱：适量 | 姜：适量 | 蒜：适量 | 淀粉：适量 | 鸡蛋：适量,油：适量 | 盐：适量 | 料酒：适量 | 生抽：适量 | 胡椒粉：适量,"1 配菜准备：番茄、海鲜菇、葱姜蒜。
2 切好的鲢鱼片加姜丝、盐、料酒、胡椒粉、鸡蛋清、水淀粉拌匀。
3 葱白、蒜切碎，海鲜菇切段。
4 番茄在沸水中烫一分钟去皮，切小丁。
5 热锅冷油，放入葱蒜末炒香。
6 放入番茄翻炒。
7 放入海鲜菇翻炒一会。
8 加水烧开。
9 放入鱼片烧2分钟。
10 撒入葱花，加盐、生抽调味。
11 汤鲜味美，营养丰富。"
666277,https://home.meishichina.com/recipe-666277.html,蚝仔紫菜煎蛋,生蚝：适量 | 紫菜：适量,鸡蛋：适量,花生油：适量 | 盐：适量 | 胡椒粒：适量 | 玉米淀粉：适量,"1 紫菜用不粘锅小火煎至翠绿色，取出放袋子里捏碎。
2 生蚝加入适量玉米淀粉揉抓洗净。
3 锅中水开放入生蚝焯烫1分钟左右。
4 焯过水的生蚝放入碗中。
5 打入鸡蛋。
6 放入紫菜，加入适量盐和胡椒粉。
7 搅拌均匀备用。
8 锅中热油倒入蛋液。
9 煎至两面金黄即可。"
666912,https://home.meishichina.com/recipe-666912.html,酸辣土豆丝,土豆：260g,大蒜：7g | 干辣椒：8g,盐：2g | 白胡椒粉：1g | 小米醋：15g,"1 准备主要食材:土豆260克?大蒜7克?干辣椒段8克。
2 土豆去皮擦丝，多淘洗几遍，洗出淀粉，干辣椒段水泡一下控干再用，大蒜切片。
3 锅中放适量油，大蒜辣椒炸香。
4 土豆丝大火翻炒，放盐2克，白胡椒粉1克。
5 太干可淋少许清水翻炒，出锅前放15克小米醋翻炒几下关火。
6 快手小炒酸辣土豆丝制作完成。
7 酸辣开胃，下饭又解腻。"
666258,https://home.meishichina.com/recipe-666258.html,土豆宽粉焖鸡,鸡肉：适量 | 土豆：适量 | 宽粉：适量,生姜：适量,花生油：适量 | 蚝油：适量 | 盐：适量 | 生抽：适量,"1 鸡肉洗净沥干水分备用。
2 土豆去皮洗净切块。
3 生姜切片备用。
4 锅中适量放入土豆。
5 将土豆煎炒至金黄后盛出。
6 锅中底油放入鸡肉。
7 放入姜片，将鸡肉煎香。
8 适量蚝油，生抽，盐调味炒匀。
9 加入适量清水，大火煮开。
10 放入土豆。
11 焖煮至土豆断生。
12 放入宽粉。
13 大火煮开把宽粉煮断生即可。"
666916,https://home.meishichina.com/recipe-666916.html,糖醋里脊,猪里脊：1条,,,"1 卖家提前切好的猪里脊小条，加盐、白胡椒和一点酱油，抓匀腌10分钟。没有白胡椒也不要紧。
2 调糊：1个鸡蛋+玉米淀粉，调稀一点的面糊，开始时容易有小面疙瘩，带个手套抓抓。
3 面糊倒进肉里，拌匀待用。
4 开大火先烧热锅，倒油烧到7成左右的温度。用筷子点一点刚才的面糊，进油里如果很快浮起来，肉肉就可以下锅炸了。
5 最好一根一根的肉条下锅，一面定型后再翻面。
6 漏勺碰触肉条，感觉硬挺了之后第一遍的炸就完成了。盛出来，大火再复炸10秒出锅。
7 另起一锅，放入番茄酱，一点醋，白糖，开火炒料汁。
8 料汁开始冒泡，继续翻拌炒到浓郁，加入炸好的肉条与料汁共舞，出锅撒上白芝麻。
9 好吃！"
666907,https://home.meishichina.com/recipe-666907.html,洋葱炒白玉木耳,洋葱：一个 | 白玉木耳：一小把,,花生油：少许 | 盐：少许 | 生抽：少许,"1 白玉木耳备用。
2 水开后放入白玉木耳煮10分钟，10分钟后关火继续焖半小时。
3 用凉水清洗一下，白玉木耳煮泡好的颜色更白，味道更肥美。
4 洋葱去皮，洗净，切丝，备用。
5 锅烧热放适量油，倒入洋葱，大火快速翻炒几下，再倒入白玉木耳，加少许盐和生抽调味，翻炒均匀即可出锅。
6 装盘即食。
7 清淡爽口。"
666905,https://home.meishichina.com/recipe-666905.html,美味早餐：西葫芦鸡蛋饼,西葫芦：1个 | 鸡蛋：3-4个,盐：2g | 葱花：一撮 | 蕃茄酱：适量 | 玉米淀粉：15g,,"1 西葫芦清洗干净。
2 西葫芦刨丝，加入鸡蛋、盐和玉米淀粉搅拌均匀。
3 加入葱花拌匀。
4 锅烧热、倒油，用勺子舀一勺进锅里摊开（摊小点好翻面），转中小火煎至金黄上色。
5 翻面后盖上盖，熟的更快口感还嫩。
6 一共煎了4块，每勺放进锅之前要加点油。
7 注意：蛋液有点多的时候用勺子推一推即可，很好成型。
8 试试吧。"
666257,https://home.meishichina.com/recipe-666257.html,沙葛焖猪肚,猪肚：适量,沙葛：适量,花生油：适量 | 胡椒粒：适量 | 盐：适量,"1 猪肚洗净后焯水备用。
2 胡椒粒用刀压碎。
3 猪肚和胡椒粒放入高压锅中。
4 加入适量清水。
5 大火煮开压20分钟左右。
6 沙葛去皮洗净切块。
7 压好的猪肚改刀切块。
8 锅中适量花生油，放入沙葛翻炒。
9 放入猪肚。
10 加入猪肚原汤。
11 大火煮开焖5分钟左右，出锅前少许盐和葱花调味即可。"
666660,https://home.meishichina.com/recipe-666660.html,擂辣椒烧猪脚,猪脚：适量 | 青椒：适量,蒜头：适量 | 生姜：适量,花生油：适量 | 生抽：适量 | 老抽：适量 | 蚝油：适量,"1 猪脚冷水下锅焯烫好洗净备用。
2 蒜头备用。
3 生姜洗净切片。
4 青椒洗净切块备用。
5 锅中热油放入姜片炒香。
6 放入猪脚翻炒均匀。
7 加入适量蚝油，生抽，老抽。
8 翻炒均匀加入适量清水。
9 将猪脚转入高压锅中火15分钟左右。
10 蒜头热油下锅煎炒至金黄盛出。
11 热锅热油放入青椒。
12 煸炒至虎皮状。
13 放入压软烂的猪脚。
14 翻炒均匀煮开。
15 放入炒过的蒜头。
16 大火烧两三分钟左右入味即可。"
666191,https://home.meishichina.com/recipe-666191.html,豆豉干煎鸡,鸡肉：适量,洋葱：适量 | 生姜：适量 | 蒜头：适量,花生油：适量 | 玉米淀粉：适量 | 蚝油：适量 | 生抽：适量 | 盐：适量,"1 鸡肉洗净后斩块。
2 鸡肉加入适量玉米淀粉，生抽，盐，蚝油抓匀腌制备用。
3 蒜头，生姜备用。
4 洋葱洗净切小块。
5 锅中热油放入鸡肉中小火煎。
6 煎至两面金黄。
7 放入生姜和蒜头炒香。
8 放入豆豉，加入适量清水盖上焖五分钟左右。
9 水分收干后放入洋葱，大火爆炒炒香即可。"
667025,https://home.meishichina.com/recipe-667025.html,腌笃鲜,咸五花肉：适量 | 扇骨：适量,莴笋：适量 | 千张结：适量 | 雷笋：适量,花生油：适量 | 生姜：适量,"1 咸五花肉清洗后改刀切块。
2 扇骨和咸肉冷水下锅焯烫后洗净。
3 雷笋处理好改刀切块。
4 生姜洗净切片。
5 锅中热油放入姜片炒出香味。
6 放入扇骨和咸肉大火翻炒。
7 加入适量清水。
8 将汤底转入珐琅锅中煮开，放入雷笋。
9 盖上小火煲1小时左右。
10 莴笋处理好切块。
11 千张洗净后打结。
12 1小时左右的汤底。
13 放入莴笋块煮开。
14 放入千张结。
15 大火煮开继续煲五分钟左右即可。"
667047,https://home.meishichina.com/recipe-667047.html,韭菜炒海米,韭菜：一把 | 海米：一把,姜：少许 | 干红辣椒：少许,花生油：适量 | 盐：少许 | 生抽：少许,"1 湛江特产淡干海米(金钩虾米)。
2 择好的韭菜，洗净，沥干水分。
3 切寸段，备用。
4 姜切丝，干红辣椒切段，备用。
5 锅烧热放适量油，倒入姜和辣椒爆香，再倒入海米翻炒均匀，继续倒入韭菜加少许盐和生抽调味，大火快炒几下即可。
6 出锅装盘即食。
7 咸香可口。"
667041,https://home.meishichina.com/recipe-667041.html,腌笃鲜,咸肉：500g | 鲜肉：250g | 春笋或冬笋：500g | 莴笋：250g,木耳：若干 | 小葱：适量 | 姜片：若干,味精：1 勺 | 白糖：1 勺,"1 咸肉泡10分钟，清洗干净，放沸水焯5分钟。
2 春笋切滚刀块。
3 莴笋也是切滚刀块。
4 泡发一下木耳。
5 煮一锅开水。
6 将咸肉，咸肉切块连同笋块放入锅里，大开转小火煮30分钟。
7 将泡发的木耳和莴笋和姜片续入锅里再煮15分钟。
8 出锅前，撒上小葱段。
9 出锅，加入1勺味精，1勺白糖，鲜香可口，咸肉本身有咸味，如果觉得口味淡可以放入些许食盐。"
666637,https://home.meishichina.com/recipe-666637.html,番茄土豆泥肉沫,番茄：适量 | 土豆：适量,肉沫：适量,花生油：适量 | 蚝油：适量 | 生抽：适量 | 盐：适量,"1 土豆去皮洗净切片。
2 将土豆上锅蒸熟。
3 番茄去皮洗净切块。
4 肉沫备用。
5 蒸好的土豆捣成泥备用。
6 锅中热油放入肉沫炒干水份。
7 加入适量蚝油，生抽炒香。
8 放入番茄。
9 加入适量盐，翻炒出茄汁。
10 加入适量清水，焖煮五分钟左右。
11 放入土豆泥，搅拌均匀煮开即可。
12 做好后可以用来拌饭拌面。"
666185,https://home.meishichina.com/recipe-666185.html,杂菜拌粉条,粉条：适量,上海青：适量 | 香菇：适量 | 胡萝卜：适量,芝麻油：适量 | 盐：适量 | 鸡精：适量 | 生抽：适量 | 花生油：适量 | 陈醋：适量,"1 粉条提前泡软备用。
2 上海青洗净备用。
3 香菇提前泡发好后切片。
4 胡萝卜洗净擦丝。
5 锅中水开适量花生油，放入上海青焯烫断生捞出。
6 粉条下锅烫软后再捞出。
7 锅中热油放入香菇炒香。
8 放入胡萝卜丝翻炒。
9 炒至断生后关火备用。
10 粉条加入适量生抽，芝麻油拌匀。
11 放入炒好的胡萝卜和香菇。
12 加入适量盐和鸡精，陈醋。
13 加入上海青。
14 抓拌均匀入味即可，喜欢辣的可以再加入油泼辣子。"
667037,https://home.meishichina.com/recipe-667037.html,槐花炒鸡蛋,槐花：适量 | 鸡蛋：三枚,,盐：少许 | 猪油：适量,"1 这是我从拼多多上买的两斤槐花，取一点下来。
2 用盐水把槐花洗一下，再用清水把它洗一下。
3 用沥水篮把槐花捞到里头沥水。
4 三枚鸡蛋打散。
5 把槐花撂在鸡蛋液里。
6 起锅倒油，然后把鸡蛋液槐花倒在锅里，用小火慢烤成一个饼状，熟了可以装盘。"
666178,https://home.meishichina.com/recipe-666178.html,煎焗鲈鱼,鲈鱼：适量,洋葱：适量 | 生姜：适量 | 蒜头：适量 | 葱花：适量,花生油：适量 | 玉米淀粉：适量 | 蚝油：适量 | 生抽：适量,"1 鲈鱼洗净改刀切块。
2 鱼肉加入适量玉米淀粉和蚝油抓匀腌制。
3 洋葱洗净切块。
4 生姜和蒜头备用。
5 锅中热油放入鲈鱼。
6 中小火煎至金黄。
7 放入蒜头和姜片炒香。
8 适量生抽呛锅炒香。
9 加入少量清水将鱼焗两三分钟。
10 放入洋葱，翻炒均匀炒出香味即可。"
667027,https://home.meishichina.com/recipe-667027.html,彩椒拌蛤蜊肉,蛤蜊肉：半斤 | 迷你彩椒：3个,葱花：适量 | 香菜：适量 | 蒜：适量 | 生抽：2匙 | 陈醋：3匙 | 白糖：1匙 | 辣椒面：1匙,,"1 生吃的食材洗净。
2 这四样切好，蒜单独一个小碗。
3 锅内烧热水。
4 水开后放蛤蜊肉，煮开后再2分钟捞出。
5 放盘子里备用。
6 锅洗干净烧热后，放4勺油，烧热。
7 趁油热倒入小碗中，吃辣的可以放点辣椒粉，搅匀后放2勺酱油和3勺醋，白糖我放早了，浇油时先不要放白糖哈。
8 将料汁倒入盘子里，拌匀就可以开吃啦。
9 一会就吃光了。"
666554,https://home.meishichina.com/recipe-666554.html,红烧荷包蛋,荷包蛋：3个,,,"1 煎3个蛋。
2 准备酱汁，然后酱汁与荷包蛋，一起煮，期间荷包蛋翻一下面，让酱汁吸收到荷包蛋里，完成，可以吃了！
3 香喷喷的红烧荷包蛋就做好了！"
666822,https://home.meishichina.com/recipe-666822.html,雪碧糖醋排骨,排骨：适量 | 雪碧：1罐,,香醋：4勺 | 生抽：2勺 | 老抽：1勺 | 糖：半勺 | 葱：半颗 | 姜：3片 | 花椒粒：4个 | 八角：1个 | 盐：适量 | 玉米油：适量 | 白芝麻：少许,"1 排骨加葱姜焯水。
2 捞出洗净擦去水分，放入盘中，调料汁调出。
3 油热煎排骨，至两面金黄。
4 加葱姜，八角，花椒粒炒香。
5 加入1罐雪碧，电压力锅选择红烧。
6 压好的。
7 再入大勺大火收汤，撒上白芝麻。"
666797,https://home.meishichina.com/recipe-666797.html,三七炒鸡蛋,三七：一把 | 鸡蛋：两个,,花生油：适量 | 盐：适量,"1 自家种的三七。
2 择好，淘洗干净。
3 鸡蛋敲入碗中。
4 加少许盐，用筷子快速搅散。
5 锅烧热放适量油，倒入鸡蛋液，翻炒一下，用铲子捣块，再倒入三七，加少许盐调味，翻炒几下即可。
6 出锅装盘。
7 家常养生菜。"
666772,https://home.meishichina.com/recipe-666772.html,炝拌三七,三七：一把,清水：适量 | 蒜：少许 | 葱：少许 | 干红辣椒：少许 | 白芝麻：少许,花生油：适量 | 盐：少许 | 生抽：少许 | 醋：少许 | 鸡精：少许 | 味精：少许 | 白糖：少许,"1 自家种的三七。
2 择好备用。
3 淘洗干净。
4 沸水烫一下。
5 捞出沥干水分。
6 蒜末、葱花、干红辣椒段和白芝麻备用。
7 挤出多余水分，放入盘中。
8 加蒜末、葱花、干红辣椒和白芝麻，撒一点盐、味精、鸡精、白糖、醋和生抽。
9 烧热油至微微冒烟，对准干红辣椒和葱花一泼，滋啦一声，麻辣鲜香扑面而来。
10 快速翻拌均匀。
11 芝麻香混着醋香直窜鼻尖，美味爽口。"
666770,https://home.meishichina.com/recipe-666770.html,香芋蒸鸡翅,鸡中翅：适量 | 香芋：适量,姜：适量 | 葱：适量 | 豆瓣酱：适量 | 淀粉：适量,盐：适量 | 料酒：适量 | 老抽：适量 | 蚝油：适量,"1 鸡中翅泡去血水，捞出沥干。
2 中翅对半切开，加姜丝、葱段、盐、料酒、生抽、老抽、蚝油、豆瓣酱、淀粉拌匀腌制2小时以上。
3 香芋去皮洗净切片，放到盘中。
4 上面放腌制好的中翅。
5 煮饭时放到蒸格上一起蒸。
6 撒上葱花。
7 香芋软糯，中翅入味，做法简单。"
666768,https://home.meishichina.com/recipe-666768.html,咸肉冬笋炒包菜,咸肉：适量 | 冬笋：适量 | 包菜：适量,蒜苗：适量,盐：适量 | 蚝油：适量,"1 咸肉切条，冬笋焯水后切片，包菜切碎，蒜苗切小段。
2 热锅冷油，放入咸肉丝炒香。
3 放入蒜白和笋片翻炒。
4 放入包菜炒软。
5 放入蒜苗，加少量盐和蚝油调味炒匀。"
666754,https://home.meishichina.com/recipe-666754.html,菠萝虾球,大虾：300g | 菠萝：一块,,胡椒粉：适量 | 盐：半勺（腌虾） | 蛋黄：1个 | 淀粉：4勺 | 白糖：2勺 | 蕃茄沙司：2勺 | 生抽：1勺 | 白醋：2勺 | 盐（加料汁中）：半勺,"1 大虾去头去虾线，收拾干净，开背深点，放入胡椒粉，盐，蛋黄和匀。
2 放入玉米淀粉，拌匀。
3 菠萝切片。
4 生抽，白糖，白醋，盐，蕃茄沙司一起拌匀。
5 油热，下入大虾煎炸至两面金黄捞出。
6 留少许底油倒入料汁，炒至浓稠。
7 倒入虾仁，菠萝炒匀。
9 灯光下。"
666705,https://home.meishichina.com/recipe-666705.html,肉末炒酸豆角,酸豆角：1袋 | 肉末：适量,葱花：适量,食用油：适量 | 料酒：适量 | 生抽：适量 | 盐：少许 | 鸡精：少许,"1 将肉洗净切成颗粒状。
2 酸豆角反复洗净后，焯水2至3分钟后捞出，再切成小段。
3 锅中放入适量的食用油烧热，加入肉末炒制，再加入适量的料酒、生抽。
4 倒入酸豆角继续炒。
5 很吸油(又加了2小勺油)，最后放入盐、葱花、鸡精。
6 炒匀出锅。
7 盛入盘中，香味扑鼻、酸咸鲜融合，焦香油润。"
666709,https://home.meishichina.com/recipe-666709.html,蚕豆炒胡萝卜,蚕豆：适量,胡萝卜：适量,食用油：适量 | 料酒：适量 | 盐：适量 | 鸡精：少许,"1 胡萝卜去皮切片同蚕豆(去内皮焯水才碧绿，再加点盐)。
2 锅中放入适量食用油烧热，下入蚕豆胡萝卜，料酒炒制。
3 出锅加入少许鸡精即可。
4 蚕豆胡萝卜颜色非常漂亮！胡萝卜是云南小胡萝卜颜色橘红色，蚕豆一定要剥去内皮，焯水后才会很绿(拍照绝非美颜)。"
666737,https://home.meishichina.com/recipe-666737.html,菠萝鸡翅,鸡翅：6个（个大）,菠萝：一块,,"1 鸡翅洗净，两面切两刀，菠萝切片备用?。
2 ?鸡翅放入盆中，加入生抽1勺、老抽半勺、淀粉1勺、少许盐、白胡椒粉抓匀，腌30分钟?。
3 锅中油热煎鸡翅，两面金黄捞出?。
4 ?煎菠萝片，煎出香味。
5 鸡翅放入。
6 倒入料汁（生抽1勺，蚝油1勺，蜂蜜1勺，小半碗水），煮12分钟大火收汁。
7 关火。"
666647,https://home.meishichina.com/recipe-666647.html,香酥大虾,大虾：7个,淀粉：适量 | 面包糠：适量 | 食用鲜花：3朵 | 薄荷：2朵,食用油(炸制用)：适量 | 料酒(腌虾用)：适量 | 盐(腌虾用)：适量,"1 大虾洗净去头去内脏，加入适量的盐、料酒、腌制10分钟。
2 这是淀粉加了南瓜粉搅拌均匀。
3 先将虾沾满干淀粉，再沾淀粉汁。
4 再沾上面包糠。
5 锅中加入适量的食用油洗热，下入虾胚炸制。
6 第一遍炸好捞出，复炸二遍。
7 捞出装盘，香酥大虾口感非常酥脆。"
666682,https://home.meishichina.com/recipe-666682.html,焖牛脊边条,牛脊边条：1条 | 水：适量,五指毛桃：适量 | 鹿茸：2片(可不放),生抽：适量 | 红烧酱油：适量 | 料酒：适量 | 盐：适量 | 葱段：3段 | 姜片：3片,"1 将牛脊边条洗净，加入料酒、葱焯水后捞出放入高压锅中。
2 加入生抽、红烧酱油、料酒、盐、葱段、姜片五指毛桃、鹿茸、及水压半小时。
3 取出牛脊边条，既可切片沾料食用，也可切块炖土豆。"
666726,https://home.meishichina.com/recipe-666726.html,清炒冰草,冰草：600克,大蒜：2瓣 | 干辣椒：2个,盐：1g | 白胡椒粉：1g,"1 准备主要食材:冰草600克?大蒜2瓣切片?干辣椒2个切段。
2 锅中倒入适量油，大蒜辣椒炸香。
3 放入冰草大火翻炒变软。
4 加盐1克，白胡椒粉一克，翻炒几下关火出锅。
5 冰草杆脆嫩，菜叶软滑滑的，非常清爽，好吃极了。"
666725,https://home.meishichina.com/recipe-666725.html,苹果炖猪排,梅花肉：适量 | 苹果：1个,,蒜：适量 | 葱：适量 | 生抽：2勺 | 白糖：1勺 | 蚝油：1勺 | 料酒：1勺 | 黑胡椒粉：1勺 | 玉米油：适量 | 盐：适量,"1 备好食材，梅花肉切成一定厚度的片。
2 用刀背敲上去，两边都敲一下。
3 放入盆中，加盐，蒜片，黑胡椒粉，油拌匀，腌40分钟左右。
4 苹果切片，葱蒜切段。
5 油热放入腌好的肉片。
6 3分钟后翻片，煎至两面金黄捞出。
7 下入葱蒜炒香。
8 放入苹果炒一会儿。
9 肉片放上面。
10 加入生抽，蚝油，料酒，白糖。
11 加开水没过苹果与肉，大火烧开，中小火炖20分钟。
12 大开收汤。"
666707,https://home.meishichina.com/recipe-666707.html,五味斋蒸两样,面条菜：300g | 胡萝卜：1颗 | 玉米面：150g,青蒜苗：2根,食盐：5g | 食油：20ml | 花椒油：3ml,"1 玉米面加盐炒熟备用。
2 面条菜和胡萝卜。
3 择洗干净。
4 弄成细一点儿的萝卜丝。
5 水开蒸五六分钟，放凉兑入青蒜苗。
6 面条菜控水凉干，放上青蒜苗。
7 面条菜和萝卜丝淋油，分别加玉米面拌匀上锅。
8 水开再蒸五六分钟，即可食用。
9 放点儿芝麻酱或辣椒油，味道儿更足。
10 和什锦粥是好搭档。"
666702,https://home.meishichina.com/recipe-666702.html,芦笋口蘑炒虾仁,虾：400g | 芦笋：300g | 口蘑：1盒,洋葱：1个,生抽：适量 | 蒜香椒盐粉：适量,"1 准备食材：将虾去头和虾线，剪成两段；口蘑用面粉洗净，切快；芦笋去皮切段。
2 将虾裹上红薯淀粉，锅中倒油，爆香虾至变色捞出备用。
3 然后将口蘑芦笋爆炒，加入适量的生抽和热水，再放入洋葱一起翻炒片刻。
4 最后将虾再次倒入锅中，一起翻炒，放入适量的椒盐粉，翻炒均匀，收汤汁后即可。"
666701,https://home.meishichina.com/recipe-666701.html,胡萝卜蒸蛋,鸡蛋：适量 | 胡萝卜：适量,小葱：适量 | 淀粉：适量,盐：适量 | 料酒：适量 | 生抽：适量,"1 胡萝卜擦成丝。
2 放锅中焯水后捞出。
3 鸡蛋加盐、料酒打成蛋液。
4 胡萝卜、香葱放入蛋液中。
5 放入两勺淀粉水。
6 搅拌均匀。
7 蒸碗抹点油，倒入胡萝卜蛋液，上面盖盆子或保鲜膜，上锅蒸20分钟。
8 蒸好取出，可以直接吃或倒扣在盆里切块。
9 做法简单，营养丰富。"
666698,https://home.meishichina.com/recipe-666698.html,羊肚菌酿虾滑,羊肚菌：适量 | 虾滑：1袋,粉丝：1卷,蒸鱼豆豉油：适量,"1 将羊肚菌用温水泡发，再用面粉洗净，用厨房纸巾将水擦拭干，用剪刀剪开，将虾滑挤进去。
2 将粉丝泡软剪断，放盘子中间，大火水开后蒸8分钟即可。
3 最后淋上蒸鱼豉油即可。"
666648,https://home.meishichina.com/recipe-666648.html,美味炸大虾,大虾：7个,淀粉：适量 | 面包糠：适量,食用油：适量 | 料酒：适量 | 盐：适量,"1 将鲜虾去头，去虾线洗净，加入料酒盐腌制10分钟。
2 将大虾粘满干淀粉，用竹棍将虾穿直。
3 再粘淀粉水后，放入面包糠中粘匀。
4 逐个粘好再进行炸制。
5 锅中食用油烧至5层热，将虾胚下入锅中炸制(中小火为宜)。
6 一遍捞出后，再复炸一遍。
7 大虾外皮美观酥脆。
8 点缀网购的鲜花，颜色美观、口感酥脆。"
666663,https://home.meishichina.com/recipe-666663.html,鸡蛋炒蔬菜,鸡蛋：2个,小胡萝卜：2根 | 甜豆：适量,食用油：适量 | 料酒：适量 | 生抽：适量 | 盐：适量,"1 胡萝卜去皮切成片，再焯水。
2 甜豆焯水，切段。
3 先炒鸡蛋。
4 再加入适量食用油烧热，加入胡萝卜片、甜豆翻炒。
5 加入料酒、生抽、盐、鸡蛋。
6 翻炒出锅。
7 鸡蛋炒蔬菜，颜色美观，营养丰富。"
666657,https://home.meishichina.com/recipe-666657.html,酥炸小黄鱼,小黄魚：3条 | 淀粉：适量 | 面包糠：适量 | 淀粉水：适量,薄荷：1朵(点缀) | 椒盐：适量(撒魚上),食用油：适量 | 料酒：适量 | 盐：适量 | 胡椒粉：适量,"1 将小黄魚去头及内脏洗净。
2 加入盐、料酒、腌制20分钟入味。
3 先将小黄魚粘上淀粉。
4 再粘淀粉水后，放入面包糠中裹匀。
5 锅中食用油烧至5层热，下入小黄魚炸制。
6 炸制两遍捞出装盘，撒入椒盐、薄荷点缀，口感酥脆、外焦里软。"
666642,https://home.meishichina.com/recipe-666642.html,蚕豆小炒,蚕豆：适量,小胡萝卜：2根 | 元葱：半个,食用油：适量 | 料酒：适量 | 生抽：适量 | 盐：适量,"1 胡萝卜洗净去皮，切成片。
2 放入锅中焯水几分钟。
3 蚕豆洗净焯水。
4 快炒出锅，盛入盘中。"
666671,https://home.meishichina.com/recipe-666671.html,炒红薯叶,红薯叶：适量,蒜花：适量 | 干辣椒：2个,盐：少许 | 味精：少许 | 油：适量,"1 花盆中种的。
2 剪到盆里，加点盐用水冲洗干净。
3 控去水加盐腌15分钟。
4 再次冲水洗去盐，捞出。蒜切片，干辣椒切段。
5 锅中油热炒香葱片和辣椒。
6 放入红薯叶大火翻炒。
7 加盐，味精炒匀。
8 出锅。"
666664,https://home.meishichina.com/recipe-666664.html,烤羊腿,鲜羊腿：1个,洋葱：半个 | 苹果：半个,蚝油：2勺 | 生抽：2勺 | 辣椒粉：10g,"1 鲜羊腿一个改好花刀备用。
2 洋葱和苹果切碎备用。
3 加入蚝油、生抽、辣椒粉，少许白糖拌匀。
4 放入羊腿腌制四小时左右。
5 摆入锡纸中盖好。
6 送入烤箱上下火180度烤约五十分钟。
7 打开锡纸盖，倒掉汤汁再180度烤十分钟左右。
8 汤汁收干后就可食用。"
666651,https://home.meishichina.com/recipe-666651.html,赛螃蟹,鸡蛋：四个,姜：一小块,花生油：适量 | 盐：少许 | 醋：少许,"1 姜切成姜末。
2 姜末用醋浸泡。
3 蛋黄装在碗内。
4 在蛋黄内，加少许盐，蛋黄搅均匀。
5 蛋清装在碗内。
6 在蛋清内，加少许水和盐，再将蛋清打发。
7 炒锅烧热后，放入适量油，将蛋清倒入锅中。
8 调小火，然后将凝结的蛋清搅拌碎后。
9 装盘备用。
10 再倒入适量油烧热，将鸡蛋黄倒入锅中。
11 将鸡蛋黄搅散至完全凝结，再将醋泡好的姜末倒入锅内。
12 搅拌均匀。
13 将炒好的鸡蛋黄倒入锅中。
14 搅拌均匀。
15 装盘即食。
16 嫩滑鲜美！"
666639,https://home.meishichina.com/recipe-666639.html,酸菜烧鸭血,酸菜：半棵 | 鸭血：600g,五花肉：三两 | 姜：少许 | 干红辣椒：少许 | 蒜：少许 | 葱：少许 | 纯净水：适量,花生油：适量 | 盐：少许 | 白酒：少许 | 耗油：少许 | 生抽：少许 | 鸡精：少许,"1 腌制的酸菜。
2 酸菜切好。
3 挤出多余的水分。
4 姜切丝、干红辣椒切段、蒜切片和葱花备用。
5 五花肉备用。
6 鸭血洗净备用。
7 切成厚点的片。(太薄煮出来就烂了)
8 冷水下锅。
9 放少许白酒，水开，撇去浮沫。
10 捞出来，不过凉水，放入盆中，备用。
11 锅烧热放适量油，倒入五花肉炒香，再倒入酸菜，放点耗油，一起炒香，酸菜的酸味炒出来。
12 再加适量水，放入鸭血。
13 放少许盐、白胡椒粉和生抽，焖煮三到五分钟。
14 调味放入少许生抽和鸡精。
15 撒上葱花。
16 出锅装盆。
17 酸辣开胃。
18 下饭菜。"
666635,https://home.meishichina.com/recipe-666635.html,自制鸡蛋豆腐,黄豆：适量 | 鸡蛋：5个,葱花：2根,蚝油：1勺,"1 鸡蛋加少许盐调味打散备用。
2 把黄豆打成豆浆汁后过滤备用。
3 把两种液体混合均匀后盖上保鲜膜上锅蒸十五分钟左右取出。
4 晾凉后切块备用。
5 小火少油慢煎至两面金黄。
6 调入蚝油酱汁后加入葱段即可食用。"
666633,https://home.meishichina.com/recipe-666633.html,囗蘑酿虾滑,虾滑：半袋 | 口蘑：适量,清水：半碗,生抽：1勺 | 蚝油：半勺 | 老抽：半勺 | 黑胡椒：1勺 | 淀粉：1勺 | 食盐：1小勺 | 芝麻：少许,"1 备好食材。料汁为调料和辅料放一起调匀的。口蘑掰掉柄。
2 挤入虾滑。
3 煎至两面金黄。
4 翻个煎。
5 倒入料汁，炖一下使浓稠。
6 最后撒上芝麻与葱碎。
8 上桌了。"
666615,https://home.meishichina.com/recipe-666615.html,麻婆豆腐,豆腐：200g,大葱：1段 | 大蒜：2瓣 | 玉米淀粉：1g,郫县豆瓣酱：1勺 | 生抽：1勺 | 麻椒粉：1g | 白胡椒粉：1g,"1 准备主要食材:嫩豆腐或者中豆腐200克?大蒜大葱切碎?郫县豆瓣一勺?麻椒粉1克?白胡椒粉1克?生抽1勺?玉米淀粉1克。
2 喷少许油，把葱蒜豆瓣酱炒一下。
3 适量清水，豆腐放进去，加生抽，麻椒粉，白胡椒粉调味，中小火烧2分钟。
4 淋入适量水淀粉关火出锅。
5 少油版麻婆豆腐制作完成。
6 软软嫩嫩，搭配一碗糙米饭，饱腹感超强，好吃又无负罪感。"
666614,https://home.meishichina.com/recipe-666614.html,洋葱猪排,猪排肉：2块 | 大洋葱：1/2个,,,"1 将洋葱切块分成两份，把肉块两边用松肉锤锤松，在肉的边缘四周划口子，煎时中间就不会向上拱了；
2 置一大碗，放肉块入内，加上小苏打1/4小勺、生抽1/2小勺、白糖1/4小勺、胡椒粉1/3小勺、白兰地1小勺，再加清水2小勺，用手搓均匀，让调料完全渗入肉内；
3 放密实盒入冰箱约一天；
4 铸铁锅加热，锅热放底油，铺入肉块；
5 用咸肉压压住煎片刻，再翻转面用咸肉压压住煎，煎至肉至七八成熟；
6 倒入一半洋葱与肉块一起煎，时不时翻炒下洋葱块，煎至肉熟微焦成褐色，全部出锅；
7 放入另一半洋葱，稍翻几下；
8 倒入碗汁前搅拌几下，再倒入锅，用锅铲不断搅拌，烧成出大泡；
9 淋入煎好的猪排上面，开动！"
666613,https://home.meishichina.com/recipe-666613.html,味极鲜爆虾,活虾：约500克,,,"1 把虾煎去箭咀和须，洗净用厨房纸吸干水；
2 虾只入碗，加入生粉2大勺、精盐1/3小勺、胡椒粉1/3小勺、白兰地1小勺，翻均匀，让虾只充分吸汁；
3 腌制好后入碟，静置约20~30分钟；
4 把红葱头切片，把蒜头和生姜剁成末；
5 把碗汁材料入碗，搅拌均匀；
6 锅热放底油，均匀地铺上虾只，两面稍煎至刚断生，盛起；
7 锅放底油，倒入配料，爆香；
8 大火翻炒片刻；
9 倒入碗汁，快速兜均匀，上碟。"
666599,https://home.meishichina.com/recipe-666599.html,鸡蛋炒蔬菜,鸡蛋：2个,甘蓝：适量 | 胡萝卜：1根,食用油：适量 | 料酒：适量 | 盐：适量,"1 将甘蓝洗净撕成片。
2 胡萝卜去皮切片并焯水。
3 鸡蛋先炒一下取出，锅中放适量的食用油烧热，下入甘蓝、鸡蛋、胡萝卜翻炒。
4 加入料酒、生抽、盐、快速翻炒。
5 盛入盘中，颜色漂亮，富有营养。"
666597,https://home.meishichina.com/recipe-666597.html,虾仁玉子烧,鸡蛋豆腐：240g | 鸡蛋：1个 | 虾仁：120g | 大葱：1段,白胡椒粉：0.5g,青梅紫苏柚子风味调味露：15ml | 盐：1g,"1 准备主要食材鸡蛋豆腐240克?鸡蛋50克?虾仁120克?大葱8克?盐1克?白胡椒粉0.5克。
2 120克虾仁加0.5克白胡椒粉腌制五分钟，一个鸡蛋打散+1克盐+60毫升温开水混合均匀，撇去浮沫。
3 鸡蛋豆腐切片摆盘一圈，如图。
4 中间放上鸡蛋豆腐，倒蛋液，表面摆虾仁。
5 盖上保鲜膜，蒸15分钟关火。
6 淋入20毫升《青梅紫苏柚子风味调味露》中间放葱丝，泼5毫升玉米热油激发葱香。
7 虾仁玉子烧制作完成，虾仁嫩弹，鸡蛋豆腐鲜嫩，口感丰富，少油健康。
8 这道菜厨房小白也能轻松拿捏。"
666585,https://home.meishichina.com/recipe-666585.html,羊肚菌炒芦笋,芦笋：200g | 羊肚菌：50g,蒜：2瓣,盐：1匙 | 淀粉：1匙,"1 芦笋去根切斜段，羊肚菌泡软，对半切开。
2 芦笋焯水烫熟。
3 羊肚菌煮5分钟。
4 底油爆香蒜片。
5 炒芦笋。
6 放入羊肚菌炒炒炒。
7 淀粉加水勾芡。
8 出锅。"
666584,https://home.meishichina.com/recipe-666584.html,芹菜炒牛肉丝,牛肉丝：适量 | 芹菜：2根,油菜：2棵,葱花：适量 | 祘：4头 | 盐：少许,"1 炒牛肉丝适量切末备用。
2 酸菜切末备用。将上述菜切成丝备用。
3 锅里倒油热后下祘姜炒出香味倒入所有的食材起炒。
4 加λ加调料牛肉丝一起翻炒到能咬动为止。
5 盛出装盘可以吃了。
6 配一碗米饭更爽口。"
666573,https://home.meishichina.com/recipe-666573.html,大肉芹菜炒黄豆,芹菜：一把 | 熟大肉：适量,黄豆：50克,油：少许 | 盐：少许 | 五香粉：少许,"1 芹菜一把洗净。
2 放在案板上。
3 红辣椒洗净备用。
4 把红辣椒切小丁各用。
5 熟大肉备用。
6 黄豆提前泡3个小时。
7 芹菜也切成小丁。
8 锅里烧油。
9 放入芹菜煸炒。
10 在放入黄豆一起炒匀。
11 在放熟大肉。
12 放入红辣椒一起炒匀。
13 加入盐和五香粉拌匀。
14 可以出锅了(成品图)。"
666570,https://home.meishichina.com/recipe-666570.html,炸袖珍菇炸菌菇,袖珍菇：适量,面粉：适量 | 淀粉：2勺 | 鸡蛋：2个 | 葱：适量,盐：适量 | 椒盐粉：适量,"1 将袖珍菇洗净，撒上盐腌制15分钟。
2 将淀粉，面粉，椒盐粉，鸡蛋，葱，加入适量水搅拌均匀至酸奶的浓稠状。
3 将腌制好的袖珍菇用手攥干倒进面糊中搅拌均匀。
4 小火炸至两面金黄色。
5 捞出，可以撒上辣椒粉或者孜然粉。"
666567,https://home.meishichina.com/recipe-666567.html,荠菜冬笋豆干春卷,冬笋：适量 | 荠菜：适量 | 豆干：适量 | 香菇：适量 | 鸡蛋：适量,蒜泥：适量,油：适量 | 盐：适量 | 生抽：适量 | 蚝油：适量,"1 荠菜洗净，锅中水烧开放入荠菜焯水一分钟，捞出过凉。
2 沥干水分切细。
3 香菇、冬笋（已焯水）、豆干切丁。
4 全部食材放在大盆中，打入一个鸡蛋，加油、蒜泥、盐、生抽、蚝油拌匀。
5 大馄饨皮一边放上馅，另外三方抹上水。
6 卷起，开口处捏紧。
7 小春卷做好了。
8 煎锅放油，放入春卷稍煎黄。
9 加春卷一半高度的水，盖盖煎熟。
10 鲜香少油，好吃。"
666368,https://home.meishichina.com/recipe-666368.html,清炒儿菜,儿菜：300g,辣椒：1个 | 蒜：2瓣,盐：1匙 | 酱油：1匙,"1 新鲜儿菜洗干净。
2 切掉底部老根，切片。
3 放1匙盐去除苦涩味道。
4 投洗几遍后，再焯水，20秒。
5 油锅爆一下辣椒和蒜片，倒入儿菜，快速翻炒。
6 出锅前放一点点酱油调味。"
666515,https://home.meishichina.com/recipe-666515.html,油豆腐酿肉,夹心肉：适量 | 油豆腐：适量 | 鸡蛋：适量 | 香菇：适量,葱：适量 | 姜：适量 | 红薯淀粉：适量,油：适量 | 盐：适量 | 料酒：适量 | 生抽：适量 | 蚝油：适量,"1 夹心肉剁成肉沫。
2 放入香菇丁、葱碎，打入一个鸡蛋，加盐、料酒、生抽、蚝油、红薯淀粉拌匀。
3 油豆腐撕开口子，用筷子塞入肉馅。
4 热锅冷油，放入葱白、姜丝炒出香味，加生抽、蚝油、水。
5 因为数量不多，所以转到小锅中，放入酿好肉的油豆腐烧煮10分钟，酌情加盐调味，淋入水淀粉勾薄芡。
6 出锅。"
666055,https://home.meishichina.com/recipe-666055.html,桑拿鸡,鸡腿：2个 | 虫草花：适量 | 冬瓜：适量,葱花：适量,花生油：适量 | 玉米淀粉：适量 | 蚝油：适量 | 生抽：适量,"1 虫草花提前泡发。
2 鸡腿去骨洗净切细。
3 冬瓜洗净去皮切薄片。
4 鸡腿肉加入玉米淀粉，蚝油，生抽抓匀，再适量花生油锁住水分。
5 冬瓜均匀平铺在锅中。
6 放入适量虫草花。
7 将鸡腿肉铺在冬瓜上。
8 再把剩下的虫草花铺上。
9 加入少量清水，盖上焖煮大概15-20分钟左右即可。
10 出锅前加入少许葱花即可。"
666421,https://home.meishichina.com/recipe-666421.html,雪里蕻炒牛肉,雪里蕻：160g(腌制好的) | 牛里脊：160g,彩椒：一个 | 葱：适量 | 蒜：适量 | 姜：适量,花生油：适量 | 料酒：少许 | 豆瓣酱：一勺,"1 将腌制好的雪里蕻，用清水简单投洗一遍，去除表面的盐分，切成碎丁。
2 牛里脊备用。
3 牛里脊切丁。
4 彩椒洗净备用。
5 彩椒去蒂去籽，切丁。
6 葱姜蒜切好，备用。
7 豆瓣酱备用。
8 热锅下油，爆香葱、姜和蒜，放入牛肉丁爆炒，加料酒，去除腥味。
9 炒至七成熟时，加入豆瓣酱，再放入切好的雪里蕻丁和彩椒丁，翻炒至全熟，让食材的味道充分融合，即可出锅享用。
10 装盘即食。
11 咸鲜香辣美味可口，下饭菜。"
665864,https://home.meishichina.com/recipe-665864.html,番茄鸡蛋焖牛腩,牛腩：适量 | 番茄：适量 | 鸡蛋：适量,八角：适量 | 桂皮：适量 | 香叶：适量 | 生姜：适量,花生油：适量 | 生抽：适量 | 蚝油：适量 | 老抽：适量 | 盐：适量,"1 牛腩改刀切小块。
2 牛腩冷水下锅焯烫出血水后洗净。
3 生姜，八角，桂皮，香叶备用。
4 锅中热油放入香料炒香。
5 放入牛腩翻炒均匀。
6 适量生抽，蚝油，老抽翻炒均匀上色。
7 加入适量清水。
8 将牛腩转入高压锅中大火15分钟左右即可。
9 锅中热油打入鸡蛋，煎至两面金黄。
10 锅中底油放入番茄，加入少量盐炒出茄汁。
11 加入焖过的牛腩，加入适量原汤。
12 放入煎过的鸡蛋。
13 大火煮开后中小火焖5分钟左右入味即可。"
666414,https://home.meishichina.com/recipe-666414.html,黄酒烧猪蹄,猪蹄：两个 | 黄酒：一瓶,八角：适量 | 桂皮：适量 | 红辣椒：适量 | 白芷：适量 | 草果：适量 | 花椒：适量 | 茴香：适量 | 姜：适量,盐：适量 | 油：适量 | 酱油：适量 | 老抽：适量 | 料酒：适量 | 冰糖：适量 | 豆瓣酱：一勺 | 黄豆酱：一勺 | 水：适量,"1 猪蹄处理干净，放入姜片备用。
2 锅中入水放入猪蹄，加料酒，花椒焯水。
3 焯水后捞出冲洗一下。
4 所需大料准备就绪。
5 高压锅入油烧热，放入冰糖炒糖色，加入猪蹄翻炒均匀。
6 加入大料继续翻炒。
7 放入豆瓣酱，黄豆酱，酱油，盐，老抽，黄酒。
8 末过猪蹄即可，盖上盖子上汽后压三十分钟。
9 时间到排气开盖，大火收汁。
10 好吃又下饭的猪蹄就可以出锅啦。
11 撒入熟芝麻即可上桌。"
665809,https://home.meishichina.com/recipe-665809.html,蒜香芥末花螺,花螺：适量,蒜蓉酱：适量 | 生姜：适量 | 芥末：适量 | 葱花：适量,花生油：适量 | 蚝油：适量 | 生抽：适量,"1 花螺抓洗干净备用。
2 生姜洗净切片。
3 炒好的蒜蓉酱备用，每次做蒜蓉酱都可以做多一点备用。
4 锅中热油放入姜片炒香。
5 放入花螺大火翻炒。
6 加入适量蒜蓉酱。
7 适量蚝油和生抽调味。
8 加入适量芥末翻炒均匀。
9 加入适量清水。
10 大火煮开中火焖大约十分钟左右。
11 出锅前适量淀粉水勾薄芡即可。"
666412,https://home.meishichina.com/recipe-666412.html,雪菜炒鸡蛋,腌制雪菜：160g | 鸡蛋：三个,蒜：适量 | 干辣椒：适量,花生油：适量,"1 腌制好的雪菜，备用。
2 鸡蛋磕入碗内。
3 用筷子搅匀。
4 切好的蒜和干红辣椒段，备用。
5 锅内加适量油烧热，倒入蛋液，划散，倒入蒜和辣椒炒香，再倒入腌制好的雪菜，大火翻炒均匀即可。
6 出锅装盘即食。
7 咸香美味！"
666403,https://home.meishichina.com/recipe-666403.html,辣椒蒜叶五花肉,五花肉：300克 | 蒜叶：约100克 | 螺旋辣椒：约75克,小米辣椒圈：2条量 | 姜：4~6片 | 蒜片：2瓣量 | 葱头片：2粒量,麻辣川香汁：1大勺 | 黄酱：1小勺 | 味极鲜：1小勺 | 白糖：1/2小勺 | 胡椒粉：1/3小勺 | 白酒：1小勺,"1 把蒜叶切段、辣椒切块、小米辣切圈、生姜、葱头和蒜头都切片；
2 把五花肉切片；
3 中慢火爆出油来；
4 把猪肉拨开两边，放麻辣川香汁1大勺、黄酱1小勺，爆香；
5 放生姜葱头蒜头和小米椒，爆香；
6 与猪肉一起兜均匀；
7 倒入蒜叶和螺旋椒，味极鲜1小勺、白糖1/2小勺、胡椒粉1/3小勺、白酒1小勺，快手兜匀；
8 一般来说，小炒不应该有汤汁，看，锅底干干的，出锅。"
665678,https://home.meishichina.com/recipe-665678.html,毛豆千张烧牛肉,毛豆：适量 | 千张：适量,牛肉：适量,花生油：适量 | 玉米淀粉：适量 | 生抽：适量 | 老抽：适量 | 蚝油：适量 | 盐：适量,"1 牛肉洗净切薄片。
2 牛肉加入适量玉米淀粉，生抽，老抽，蚝油抓匀。
3 适量花生油抓匀锁住水分放置一旁备用。
4 千张洗净改刀切块。
5 毛豆洗净备用。
6 锅中水开放入千张焯水后再次洗净。
7 锅中热油放入牛肉炒至七八成熟后盛出。
8 锅中底油放入毛豆翻炒。
9 加入少许盐。
10 适量蚝油翻炒均匀。
11 加入适量清水。
12 大火煮开转小火焖15-20分钟左右。
13 放入千张，焖煮两三分钟。
14 放入牛肉搅拌均匀煮开。
15 出锅前适量淀粉水勾芡即可。"
665525,https://home.meishichina.com/recipe-665525.html,海鲜杂拼,梭子蟹：适量 | 罗氏虾：适量 | 鱿鱼：适量 | 花甲：适量,生姜：适量,花生油：适量 | 玉米淀粉：适量 | 蚝油：适量,"1 生姜切片。
2 罗氏虾剪去虾枪虾须洗净备用。
3 梭子蟹处理好洗净备用。
4 花甲洗净备用。
5 鱿鱼处理好洗净，改刀切块。
6 梭子蟹均匀沾上玉米淀粉。
7 锅中热油将梭子蟹下锅煎至金黄后盛出。
8 锅中酱油将罗氏虾下锅煎出虾油。
9 放入煎过的梭子蟹。
10 放入姜片，加入适量清水。
11 放入花甲。
12 放入鱿鱼。
13 放入蟹钳和蟹壳，盖上大火焖断生入味。
14 出锅前少许淀粉水收汁即可。"
666381,https://home.meishichina.com/recipe-666381.html,福州鱼丸,鱼丸：适量,青蒜苗：适量 | 生菜：适量,盐：适量 | 酱油：适量 | 香油：适量 | 水：适量,"1 福州鱼丸四颗。
2 汤锅入水煮沸，放入鱼丸。
3 碗中放入青蒜丝，盐，酱油和香油。
4 鱼丸煮熟至浮起来，放入生菜。
5 加一点煮鱼丸的汤。
6 盛入鱼丸即可享用。"
666361,https://home.meishichina.com/recipe-666361.html,蒸马哈鱼,大马哈鱼：适量,葱段：适量,食用油：适量 | 料酒：适量,"1 马哈魚洗净切成块状，加入食用油、料酒、葱段。
2 入锅蒸制10至15分钟(这是口感微咸的，不用再加盐)。
3 取出倒出原有的汤汁，淋入料汁即可，可搭配各种粥食用。。"
666359,https://home.meishichina.com/recipe-666359.html,香菇炒彩椒,香菇：8朵 | 小红彩椒：2个 | 小黄彩椒：2个,蒜蓉：适量,食用油：适量 | 料酒：适量 | 盐：适量 | 鸡精：少许,"1 锅中放入食用油烧热，下入香菇切片翻炒。
2 将彩椒切成丝，蒜蓉备用。
3 加入料酒、生抽、盐，再下入彩椒、蒜蓉、鸡精快速翻炒。
4 将菜品盛入盘中，颜色美观，营养又美味。"
666375,https://home.meishichina.com/recipe-666375.html,清蒸鲈鱼块,鲈鱼：半条,青蒜苗：适量 | 姜：适量,蒸鱼豉油：适量 | 料酒：适量,"1 半条鲈鱼背划刀，加料酒和姜腌制。
2 青蒜苗洗净切碎。
3 腌好的鲈鱼切块装盘。
4 放入姜片上开水锅蒸十五分钟。
5 七八分钟倒掉盘中的水哦。
6 锅中入油烧热放入青蒜末超香。
7 炒好后一同淋入鲈鱼上。
8 再淋入蒸鱼豉油即可。"
666341,https://home.meishichina.com/recipe-666341.html,白玉木耳炒西芹,白玉木耳：一小把 | 西芹：一棵,蒜：少许 | 干红辣椒：少许,花生油：适量 | 盐：适量 | 生抽：少许,"1 取一小把，水开后放入白玉木耳煮10分钟，10分钟后关火继续焖半小时，用凉水清洗一下，白玉木耳煮泡好的颜色更白，味道更肥美，如图所示。
2 择好的西芹，洗净，沥干水分，切寸段，备用。
3 蒜切片，红干辣椒切段。
4 锅烧热放适量油，倒入蒜和辣椒爆香，再倒入西芹，大火翻炒几下加适量盐和少许生抽调味，继续倒入白玉木耳，翻炒均匀即可。
5 出锅装盘即食。
6 香脆可口。"
666269,https://home.meishichina.com/recipe-666269.html,手工鸡肉丸,鸡胸肉：1块,鸡蛋清：1个 | 淀粉水：适量,猪油：10g | 料酒：适量 | 盐：适量 | 姜粉：适量 | 白胡椒粉：适量,"1 将鸡胸肉洗净，反复泡出血水，控去水份，切小片状。
2 放入料理机中，加入适量的料酒，鸡蛋清、盐、白胡椒粉、姜粉、猪油、淀粉水。
3 搅拌成泥状。
4 既不能太稠，也不能大稀，适度才能挤出丸子。
5 准备一份水先将左手沾水，再取肉泥，右手拿勺子先沾均匀水，再取左手虎口挤出的丸子。
6 逐个下入锅中(每次勺子都得沾水)，才能顺利取下丸子下入锅中。
7 锅里的水是凉开水，慢慢小火加热，至丸子慢慢氽熟浮起即熟。
8 另一个锅是已烧开的汤水，将丸子捞出放入此锅，不必再煮，微开即可。
9 捞出鸡肉丸放入泡好的枸杞、自种的薄荷叶点缀，鲜嫩可口，营养美味。"
666354,https://home.meishichina.com/recipe-666354.html,仔姜炒肉片,夹心肉：适量 | 仔姜：适量,淀粉：适量 | 葱：适量 | 蒜：适量 | 辣椒：适量,油：适量 | 盐：适量 | 生抽：适量 | 料酒：适量,"1 夹心肉切薄片，加盐、料酒、生抽、水淀粉拌匀腌制10分钟。
2 葱、蒜、辣椒切好备用。
3 仔姜去皮洗净。
4 切薄片。
5 热锅冷油，放入肉片滑炒变色，放入葱白蒜辣椒。
6 放入仔姜翻炒几分钟。
7 撒入葱花，适量加盐炒匀。
8 没有老姜的辛辣，爽脆又美味。"
665419,https://home.meishichina.com/recipe-665419.html,番茄鸡蛋肉沫,番茄：适量,鸡蛋：适量 | 肉沫：适量,花生油：适量 | 生抽：适量 | 蚝油：适量 | 盐：适量,"1 适量肉沫提前绞碎备用。
2 鸡蛋打入碗中搅拌均匀。
3 番茄去皮洗净切片。
4 锅中热油倒入蛋液。
5 煎至金黄后盛出。
6 锅中热油放入肉沫炒香。
7 加入适量生抽，蚝油炒入味。
8 放入番茄翻炒。
9 适量盐调味炒出茄汁。
10 放入煎过的鸡蛋。
11 加入适量清水。
12 大火煮开焖两三分钟左右即可出锅。"
666332,https://home.meishichina.com/recipe-666332.html,蒸芹菜叶,芹菜叶：150g,大蒜：2瓣,盐：1g | 芝麻香油：5ml | 食用油：少量,"1 芹菜叶清洗干净控干水分，面粉适量，大蒜2瓣。
2 芹菜叶上喷少许油搅拌一下，面粉少量多次撒在芹菜上翻拌均匀，薄薄的一层面粉即可。
3 水开后蒸5分钟。
4 大蒜捣成蒜泥，加盐，一勺清水，芝麻香油，芹菜抄散散热。
5 放入大蒜泥，搅拌一下。
6 是主食也是菜，河南人爱吃的蒸菜，蓬松不粘，很好吃哦！"
665418,https://home.meishichina.com/recipe-665418.html,酸菜鱼牛肉双拼,鱼片：适量 | 牛肉：适量,酸菜：适量,花生油：适量 | 酸汤料包：适量 | 生抽：适量 | 蚝油：适量 | 玉米淀粉：适量,"1 牛肉洗净切薄片。
2 牛肉加入生抽，蚝油，玉米淀粉抓匀，再适量花生油抓匀锁住水份。
3 半成品鱼片备用。
4 锅中热油放入酸菜翻炒炒出香味。
5 放入酸菜料包。
6 加入适量清水。
7 大火煮开三五分钟入味。
8 放入牛肉。
9 放入鱼片。
10 大火煮开至鱼片和牛肉断生即可出锅。"
666328,https://home.meishichina.com/recipe-666328.html,灵芝乌鸡汤,乌鸡：半只 | 小灵芝：一朵,麦冬：五颗 | 西洋参：五片 | 当归：一片 | 黄芪：五片 | 红枣：三颗 | 枸杞：适量,盐：适量 | 水：适量 | 姜：适量 | 料酒：适量,"1 乌鸡洗净改刀。
2 红枣，灵芝等所需配料就行。
3 锅中入水放入乌鸡煮沸，加姜片料酒去腥。
4 乌鸡焯水后冲洗干净，和配料一起放入锅中。
5 大火煮沸转小火。
6 慢炖一个小时。
7 汤炖好后加盐调味，撒入枸杞。
8 美美的滋补汤就可以享用啦。"
666323,https://home.meishichina.com/recipe-666323.html,白玉木耳炒西蓝花,白玉木耳：一小把 | 西蓝花：一小棵,蒜：适量 | 干红辣椒：适量,花生油：适量 | 盐：适量,"1 白玉木耳，备用。
2 取一小把，放入盆中。
3 水开后放入白玉木耳煮10分钟。
4 10分钟后关火继续焖半小时。
5 用凉水清洗一下。
6 白玉木耳煮泡好的颜色更白，味道更肥美。
7 西蓝花，备用。
8 西蓝花切成小朵，淘洗干净。锅里加点油，焯水2分钟。捞出，过凉水，再捞出，沥干水分。
9 蒜切片，干红辣椒切段，备用。
10 锅烧热放适量油，倒入蒜和辣椒，大火爆香，再倒入西蓝花和白玉木耳翻炒几下，加适量盐调味即可。
11 出锅装盘即食。
12 清淡可口。"
665344,https://home.meishichina.com/recipe-665344.html,虾滑粿肉,肉沫：适量 | 虾滑：适量 | 马蹄：适量,葱花：适量 | 鸡蛋：适量 | 腐皮：适量,花生油：适量 | 玉米淀粉：适量 | 生抽：适量 | 蚝油：适量 | 五香粉：适量,"1 马蹄去皮洗净。
2 肉沫提前绞碎备用。
3 香葱洗净切葱花。
4 马蹄切碎。
5 肉沫和马蹄放入盆中。
6 加入适量盐，生抽，蚝油和五香粉。
7 加入鸡蛋和玉米淀粉。
8 抓拌均匀入味。
9 虾滑提前解冻备用。
10 腐皮均匀铺上肉沫。
11 挤上虾滑。
12 将肉卷粿起来卷紧后把腐皮切断。
13 粿肉卷放置冰箱定型后切小块。
14 锅中热油放入粿肉，小火慢炸。
15 炸至金黄即可出锅。"
666314,https://home.meishichina.com/recipe-666314.html,糖醋排骨,猪肋排：600g,大葱：40g | 生姜：20g | 八角：1个 | 白芝麻：1勺 | 白胡椒粉：1g | 料酒：2勺 | 盐：4g,,"1 准备好所需食材。
2 锅中放适量清水，猪肋排凉水下锅，放大葱一段，姜2片，料酒2勺。
3 水开后撇去浮沫，焯水两分钟。
4 捞出来用温热水清洗干净，厨房用纸擦干水分备用。
5 先准备糖醋料汁，记住54321口诀，操作很简单:5勺亨氏番茄沙司+4勺白醋。
6 3勺白糖+2勺清水。
7 混合均匀一道完美糖醋菜。
8 锅中放适量油，倒入排骨煎炒，煎到排骨两面微焦黄即可。
9 一次性加入足量热开水，水量没过排骨，放姜一片，大葱一段，八角一个，白胡椒粉1克，混合好的糖醋料汁。
10 大火煮开转小火焖煮40分钟。
11 开盖加4克食用盐，再焖煮10分钟。
12 待汤汁浓稠，翻炒至每块排骨都裹满亮泽的糖醋汁关火。
13 装盘，撒上熟白芝麻，一道酸甜入味的年夜菜糖醋排骨制作完成。
14 排骨软嫩不柴，吃起来甜香不腻，年夜饭的抢手硬菜非它莫属。"
666309,https://home.meishichina.com/recipe-666309.html,滋补鸽子汤,鸽子：一只,红枣：三个 | 枸杞：适量 | 当归：适量 | 麦冬：适量 | 西洋参：适量 | 黄芪：适量 | 姜：适量 | 桂圆：适量,水：适量 | 盐：适量 | 面粉：适量,"1 一只鸽子准备就绪。
2 鸽子改刀切大块，放入面粉和水反复搅拌。
3 搭配根据自己需要选择。
4 鸽子冲洗赶紧，用热水沐浴一下。
5 鸽子放入砂锅，依次放入红枣等配料。
6 加入开水需一次加足。
7 大火煮沸转小火。
8 慢炖一个小时左右。
9 汤炖好后加盐调味，撒入枸杞。
10 滋补鸽子汤就可以享用啦。"
665291,https://home.meishichina.com/recipe-665291.html,酸菜焖牛尾,牛尾骨：适量 | 酸菜：适量,生姜：适量 | 八角：适量 | 桂皮：适量 | 香叶：适量,花生油：适量 | 生抽：适量 | 蚝油：适量 | 老抽：适量 | 盐：适量,"1 牛尾骨冷水下锅焯烫出血水后洗净备用。
2 姜片，八角，桂皮，香叶备用。
3 锅中热油放入香料炒出香味。
4 放入牛尾骨翻炒均匀。
5 适量蚝油，生抽，老抽，盐翻炒均匀。
6 炒过的牛尾骨转入高压锅中。
7 加入适量清水。
8 高压锅大火煮开转中火压20分钟左右。
9 焖好的牛尾骨开盖备用。
10 酸菜洗净改刀切小块。
11 锅中热油放入酸菜翻炒炒干水份。
12 放入焖入味的牛尾骨。
13 加入适量牛尾骨汤和清水，大火煮开中小火焖多15分钟左右即可。"
666299,https://home.meishichina.com/recipe-666299.html,小炒香干,香芹：100g | 厚豆干：1块 | 肉片：100g,干辣椒：1个 | 大蒜：2瓣,盐：1g | 生抽：1勺 | 白胡椒粉：0.5g | 味精：1g,"1 准备主要食材。
2 肉片加老抽，白胡椒粉，白糖，玉米淀粉混合均匀，放一点油腌制30分钟。香芹切段，香干切薄片，辣椒大蒜改刀备用。
3 锅中放适量油，大蒜辣椒炸香，肉片滑炒变色。
4 加豆干，放白胡椒粉，生抽调味。
5 放芹菜，沿锅边加一点水，大火翻炒，出锅前放味精调味，关火。
6 小炒香干制作完成。
7 香辣开胃，香干软嫩。
8 年夜饭的下饭菜，香干寓意享用丰年，日子香甜，干事顺遂。"
665290,https://home.meishichina.com/recipe-665290.html,板栗焖牛尾,牛尾骨：适量 | 板栗：适量,葱花：适量 | 生姜：适量 | 八角：适量 | 桂皮：适量 | 香叶：适量,花生油：适量 | 生抽：适量 | 蚝油：适量 | 盐：适量 | 老抽：适量,"1 牛尾骨冷水下锅焯烫出血水后洗净备用。
2 姜片，八角，桂皮，香叶备用。
3 板栗处理好备用。
4 锅中热油放入香料炒出香味。
5 放入牛尾骨炒香。
6 适量蚝油，生抽，老抽，盐。
7 合计均匀上色入味。
8 炒过的牛尾骨转入高压锅中。
9 加入适量清水。
10 高压锅大火煮开转中火压15-20分钟左右。
11 压好的牛尾骨开盖。
12 加入板栗，高压锅中火压5分钟左右即可。"
665216,https://home.meishichina.com/recipe-665216.html,洋葱炒鸡蛋,洋葱：适量,鸡蛋：适量,花生油：适量 | 盐：适量 | 蚝油：适量,"1 鸡蛋打入碗中，加入少量清水搅拌均匀。
2 洋葱洗净切细。
3 锅中热油倒入蛋液，煎至金黄后盛出。
4 锅中底油放入洋葱，大火快速翻炒。
5 少许盐调味。
6 倒入煎好的鸡蛋。
7 加入适量蚝油，大火快速翻炒均匀入味即可。"
67902,https://home.meishichina.com/recipe-67902.html,小炒鸡肉丸,鸡肉丸子：适量 | 青椒：适量 | 火腿：适量,葱：适量 | 蒜：适量,,"1 将鸡肉丸子解冻后，一切为二放盘中备用
2 青椒冼净切块
3 火腿切成块
4 蒜切片
5 葱切葱花
6 底锅热油，放入蒜片爆香
7 再放入葱花爆香
8 倒入鸡肉丸子翻炒
9 放入火腿略炒
10 再放入青椒小炒一会儿
11 加生抽、盐调味，炒匀即可出锅"
666255,https://home.meishichina.com/recipe-666255.html,溜鱼片,鲷鱼：2片,葱花：适量 | 薄荷：1朵(点缀用),猪油：10 | 盐：适量 | 料酒：适量 | 淀粉水：适量 | 香油：少许,"1 将鲷鱼片洗净，控去水份。
2 切成片状。
3 鸡蛋只用鸡蛋清部分。
4 魚片中加入少许料酒、盐抓匀、再洗净去腥。
5 然后再加入适量的料酒、盐、干淀粉抓匀。
6 锅中水烧开转小火下入魚片氽熟。
7 捞入盘中。
8 锅中放入适量的淀粉水，生抽、少许盐、香油烧开搅拌均匀。
9 浇入魚片上即可，魚片洁白肉丝质鲜嫩。"
665569,https://home.meishichina.com/recipe-665569.html,山药牛肉丸,牛肉：120g | 洋葱：25g,山药：30g | 胡萝卜：20g | 淀粉：15g,盐：少许 | 生抽：少许,"1 把山药牛肉洋葱盐生抽放料理机里打碎。
2 放入焯水的胡萝卜碎接着打成泥。
3 放淀粉搅拌均匀。
4 水开后改最小火，把肉泥放裱花袋挤成小丸子入锅小火煮开。
5 丸子都浮起来就煮好了。"
666270,https://home.meishichina.com/recipe-666270.html,素炒蔬菜,云南胡萝卜：2根 | 甘蓝：1棵,蒜蓉：适量,食用油：适量 | 料理：适量 | 盐：适量,"1 云南胡萝卜洗净去皮，切成片。
2 甘蓝切成丝。
3 锅中放入适量的食用油洗热，下入胡萝卜片先炒。
4 加入蒜蓉继续翻炒出蒜味。
5 加入料酒、盐、甘蓝丝快速翻炒。
6 将菜品盛入盘中，既美观，营养。"
666278,https://home.meishichina.com/recipe-666278.html,红菜苔炒酱牛肉,红菜苔：一把 | 酱牛肉：半斤,蒜：适量 | 红辣椒：适量,花生油：适量 | 盐：适量,"1 择好的红菜苔，洗净，沥干水分。
2 切寸段，备用。
3 酱牛肉切片，备用。
4 蒜切片，红辣椒切段，备用。
5 锅烧热放适量油，倒入蒜和红辣椒煸炒出香味，再倒入红菜苔，加适量油调味，翻炒片刻即可。
6 出锅装盘即食。
7 美味可口。"
666268,https://home.meishichina.com/recipe-666268.html,白萝卜焖鱼,鲈鱼：适量 | 白萝卜：适量,生姜：适量 | 葱花：适量,花生油：适量 | 蚝油：适量 | 盐：适量,"1 白萝卜去皮洗净切块。
2 白萝卜加入适量清水先煮熟备用。
3 鲈鱼处理好切块。
4 生姜洗净切片备用。
5 锅中热油放入鱼块。
6 放入姜片，煎至两面金黄。
7 加入适量清水。
8 加入煮过的白萝卜和原汤。
9 适量蚝油和盐调味，大火煮开焖五分钟左右即可。"
666272,https://home.meishichina.com/recipe-666272.html,菠萝蜜的种子炒酱肉,菠萝蜜种子：15个,酱肉：100克 | 笋片：50克,盐：少许,"1 吃菠萝蜜的时候把种子留下来，然后把它煮熟。
2 这是我自己腌的酱肉，我只用了一半。
3 把煮熟的菠萝蜜种子外皮剥去，一分为二。
4 这是加了一点笋片。
5 锅烧肉炒酱肉。
6 放下笋片继续炒。
7 最后把菠萝蜜种子放下去一起炒加一点盐。"
666265,https://home.meishichina.com/recipe-666265.html,蒸白萝卜丝,白萝卜：1 个,胡萝卜：1 个,葱：若干 | 姜：块 | 耗油：1 勺 | 柱候酱：1 勺,"1 准备白萝卜胡萝卜一根。
2 准备葱姜蒜。
3 萝卜切丝，放入盐和耗油腌10分钟。
4 配菜胡萝卜切丝。
5 放入葱姜蒜淋入食用油。
6 上锅15分钟，蒸熟。"
666262,https://home.meishichina.com/recipe-666262.html,蒜蓉花蛤粉丝,花蛤：500g | 粉丝：80g,大蒜：1颗 | 生姜：2片,生抽：3勺 | 白胡椒粉：1g | 盐：1g | 糖：2g,"1 准备主要食材:花蛤水中放盐，几滴油，浸泡2小时，有助于吐沙子。
2 锅中放清水，花蛤煮开口捞出来，留2碗原汤备用。
3 粉丝温水泡软，剥出花蛤肉，大蒜生姜切碎。
4 锅中放油，大蒜生姜小火炸香变色。
5 加生抽，盐，糖，原汤调味。
6 放粉丝，花蛤，枸杞点缀，煮30秒关火。
7 撒小葱，蒜蓉花蛤粉丝制作完成。
8 咸鲜甜，粉丝吸满汤汁，花蛤肥美，我和妞妞的最爱。"
665215,https://home.meishichina.com/recipe-665215.html,虾仁鸡蛋炒胡萝卜,胡萝卜：适量 | 鸡蛋：适量 | 虾仁：适量,葱花：适量,花生油：适量 | 盐：适量,"1 处理好的虾仁备用。
2 胡萝卜洗净去皮切片。
3 碗中打入鸡蛋，加入适量清水，搅拌均匀。
4 锅中热油放入虾仁炒至变色。
5 加入蛋液。
6 煎炒定型。
7 煎好的鸡蛋微焦，盛出备用。
8 锅中热油放入胡萝卜翻炒。
9 少许盐调味炒匀。
10 加入适量清水。
11 大火煮开至胡萝卜断生。
12 放入炒过的虾仁鸡蛋。
13 翻炒均匀焖一分钟左右即可出锅。"
666250,https://home.meishichina.com/recipe-666250.html,排骨藕汤,排骨：400g | 莲藕：200g,生姜：4片 | 大葱：1段,盐：2g | 白胡椒粉：1-2g | 料酒：1勺,"1 准备主要食材:排骨，莲藕去皮，生姜大葱。
2 莲藕切滚刀块，一小部分切碎沫。
3 锅中放清水，排骨凉水下锅焯水2分钟，放料酒，一片姜，葱段去腥。
4 锅中放底油，姜片炸香，排骨翻炒微变色。
5 一次性加入足量热开水，大火煮五分钟。
6 倒入砂锅中，放莲藕，藕沫，小火焖炖90分钟。
7 出锅前放盐，白胡椒粉调味，排骨软烂，莲藕粉糯，排骨藕汤制作完成。
8 粉糯的藕吸满了肉汤，绵密清甜，汤鲜不腻。
9 冬日限定治愈感全在这锅汤里，藕断丝连，鲜掉眉毛，年夜饭的快乐就是这么简单。"
666245,https://home.meishichina.com/recipe-666245.html,白萝卜焖肉,五花肉：适量 | 白萝卜：适量,香叶：适量,花生油：适量 | 蚝油：适量 | 生抽：适量 | 老抽：适量 | 盐：适量,"1 五花肉洗净改刀切小块。
2 白萝卜洗净去皮切块。
3 热锅放入五花肉。
4 煸炒出油脂，多的油盛出。
5 放入香叶炒出香味。
6 适量蚝油，生抽，老抽，盐调味。
7 翻炒均匀上色入味。
8 加入适量清水。
9 五花肉转入高压锅大火10分钟左右。
10 十分钟后开盖放入白萝卜，继续大火一两分钟即可。"
665155,https://home.meishichina.com/recipe-665155.html,蟹柳豆腐煲,豆腐：适量 | 蟹柳：适量,咸鸭蛋：适量,花生油：适量 | 盐：适量 | 蚝油：适量,"1 咸鸭蛋去壳备用。
2 豆腐改刀切小块。
3 蟹柳棒撕细备用。
4 锅中热油放入咸鸭蛋捣碎，炒出香味。
5 加入适量清水。
6 大火煮开至汤底浓稠。
7 放入豆腐，少许盐和蚝油调味。
8 大火煮开两三分钟。
9 放入蟹柳。
10 盖上焖至断生入味即可。"
666241,https://home.meishichina.com/recipe-666241.html,葱油手撕鸡,土鸡腿：600g,小葱：20g | 生姜：30g | 大蒜：10g | 白芝麻：3g,盐：1g | 糖：5g | 生抽：15ml | 蚝油：10g | 食用油：少许,"1 准备主要食材。
2 鸡腿清洗干净放入盘中，中间扣一小碗，放姜片20克，小葱段10克，水开后上锅蒸30分钟。
3 锅中放油，把5克小葱段炸香。
4 碗中放切碎的姜蒜沫20克，小葱沫5克，白芝麻3克，泼热油激发香味，加【生抽】15毫升，【蚝油】10克，盐1克，白糖5克。
5 蒸好的鸡腿去掉表面葱姜，降温一会儿。
6 把盘子里的鸡汤倒入调料中混合均匀。
7 鸡腿去骨撕成条状放入盘中。
8 淋入料汁，葱油手撕鸡制作完成。
9 肉嫩鲜香，咸香中带着微微的葱香和蒜香，不油不腻，老少皆宜。
10 粤式经典菜系，年夜饭的常客，愿新的一年生活蒸蒸日上。"
666212,https://home.meishichina.com/recipe-666212.html,白萝卜焖鸭,鸭肉：适量 | 白萝卜：适量,生姜：适量,花生油：适量 | 蚝油：适量 | 生抽：适量 | 盐：适量,"1 生姜洗净切片备用。
2 鸭肉冷水下锅焯烫后洗净。
3 白萝卜去皮洗净切块。
4 锅中热油放入姜片炒香。
5 放入鸭肉翻炒均匀炒干水份。
6 适量蚝油，生抽，盐调味。
7 翻炒均匀上色入味。
8 放入白萝卜。
9 加入适量清水，煮开转小火炒40分钟左右。
10 没有时间也可能将鸭肉转入高压锅，大火十分钟即可。"
665154,https://home.meishichina.com/recipe-665154.html,海鲜什锦蛋饺,肉沫：适量 | 鸡蛋：适量,海鲜什锦：适量,花生油：适量 | 生抽：适量 | 蚝油：适量 | 盐：适量 | 干锅酱：适量,"1 适量海鲜什锦备用。
2 肉沫加入适量蚝油，生抽，盐调味，搅拌均匀备用。
3 鸡蛋打入碗中，搅拌均匀。
4 海鲜什锦水开下锅焯烫后捞出备用。
5 锅中热油舀入一勺蛋液。
6 放入肉沫。
7 蛋皮折叠煎成饺子形状。
8 蛋饺一个个煎好盛出。
9 煎好的蛋饺全部放入锅中。
10 放入海鲜什锦。
11 加入适量干锅酱。
12 加入适量清水，大火煮开两三分钟左右即可出锅。"
666232,https://home.meishichina.com/recipe-666232.html,葱炒海参,海参：4根,大葱：1根,糖：3勺 | 酱油：1勺 | 蚝油：1匙 | 淀粉：1匙,"1 活海参，去除内脏沙线，切薄片。
2 加一些糖，腌制，去除腥味，要用手抓，抓出粘液。
3 抓好以后，反复清水冲洗，热水下锅。
4 烫个10秒钟！！就烫一下，过火就会影响口感。
5 捞出沥水备用。
6 大葱切滚刀块。
7 热锅凉油，小火煸炒葱段。
8 炒软，到微微焦黄。
9 倒入烫好的海参。
10 快速翻炒2下。
11 倒入料汁，提前准备好，淀粉水加一勺酱油一勺蚝油。
12 快速翻炒，大火??，30秒钟。
13 出锅。"
665876,https://home.meishichina.com/recipe-665876.html,酱炖踏板鱼,大踏板鱼：1条,葱：1段 | 姜：1块 | 蒜：2瓣 | 干辣椒：1个,酱油：1勺 | 大酱：1勺,"1 处理好鱼。
2 用葱姜水腌半个小时。
3 热锅热油，煎鱼定型。
4 翻面太难了。
5 掉了一点皮，还好。
6 加入葱姜，加热水。
7 煮开调味，一勺营口大酱。
8 煮开炖半个小时。
9 出锅撒一点香菜。"
665880,https://home.meishichina.com/recipe-665880.html,家炖大踏板鱼,大踏板鱼：1条,葱：1段 | 姜：1块 | 蒜：2瓣 | 干辣椒：2颗 | 香菜：2颗,酱油：1勺 | 大酱：2勺 | 盐：1匙,"1 踏板鱼处理干净。
2 太大了，锅炖不下，把鱼对半切开。
3 葱切段，姜蒜切片。
4 热锅热油，将葱姜蒜干辣椒炒香。
5 加入大酱，炒香。
6 加入开水，调味。
7 把鱼放进炖汁当中。
8 小火炖半个小时。
9 小火炖，关注汁的量，大火收汁。
10 出锅，撒一点香菜。"
666231,https://home.meishichina.com/recipe-666231.html,蒸面条菜,面条菜：适量 | 普通面粉：少许,水：适量,,"1 新鲜的面条菜。
2 面条菜摘净。
3 清洗干净，控干净水。
4 放入盆中。
5 先用少量油。
6 抓拌均匀，如图所示。
7 加2勺盐入个底味。
8 抓拌均匀，如图所示。
9 少量多次的加入面粉。
10 每个叶片都粘上面粉。
11 拌匀。
12 反复几次加入面粉。
13 拌匀，止到这样松散的状态，每个叶片都粘上面粉，如图所示。
14 水开上汽上锅蒸3分钟。
15 蒸好了。
16 倒盆里。
17 用筷子快速抖散晾凉。
18 晾凉后加入蒜泥和香油拌匀。
19 美味可口。"
665080,https://home.meishichina.com/recipe-665080.html,胡萝卜炒牛肉,牛肉：适量,胡萝卜：适量,花生油：适量 | 蚝油：适量 | 生抽：适量 | 玉米淀粉：适量 | 盐：适量,"1 牛肉洗净切薄片。
2 牛肉加入适量蚝油，生抽，玉米淀粉抓匀。
3 适量花生油抓匀锁住水份。
4 胡萝卜去皮洗净切薄片。
5 锅中热油放入牛肉，炒至七八成熟盛出。
6 锅中热油放入胡萝卜翻炒。
7 加入适量清水。
8 将胡萝卜炒至断生。
9 少许盐调味。
10 放入牛肉，快速翻炒均匀即可。"
665879,https://home.meishichina.com/recipe-665879.html,蒜香黑虎虾,黑虎虾：400g,蒜：3-5瓣,黑胡椒海盐：1匙,"1 虾开背，去虾线，剪掉虾须。
2 拧一点黑胡椒海盐，拍一拍，腌一会儿。
3 平底锅放底油，煸一下蒜片。
4 蒜片煸到金黄，放入虾，继续煎。
5 小火煎熟，翻面煎5分钟左右。
6 保留虾的原味。
7 也很简单方便。"
665882,https://home.meishichina.com/recipe-665882.html,杏鲍菇牛肉粒,牛肉：350g,杏鲍菇：1根,黑胡椒海盐：1勺,"1 一块新鲜的眼肉。
2 切块以后，用黑胡椒碎腌制。
3 抓匀，放一点油，抓。
4 杏鲍菇洗干净。
5 杏鲍菇切块。
6 锅里放入底油，煸一下肉粒，变色断生以后，盛出备用。
7 小火煸杏鲍菇粒。
8 杏鲍菇变色变软以后，倒入煸炒好的肉粒。
9 出锅前再加一点黑胡椒和海盐调味。"
666222,https://home.meishichina.com/recipe-666222.html,苹果炖排骨,苹果：2个 | 排骨：1根,薄千张：适量,黄冰糖：适量 | 老抽：1勺 | 生抽：2勺 | 盐：适量,"1 准备食材：排骨用盐水浸泡一下，洗净用纸蘸干水分，苹果切成小瓣备用。
2 将排骨放入锅中，煎至两面金黄。
3 再倒入老抽，生抽上色，接着放入黄冰糖。
4 接着放入苹果瓣翻炒一下，再加入没过食材的开水。
5 水开后转小火炖上半小时，中途放入千张皮，再放入盐调味，最后大火收汁即可。"
665077,https://home.meishichina.com/recipe-665077.html,虾滑蟹柳响铃卷,虾滑：适量 | 蟹柳：适量 | 响铃卷：适量,蒜头：适量 | 香菇：适量 | 萝卜干：适量,花生油：适量 | 生抽：适量 | 蚝油：适量 | 玉米淀粉：适量,"1 香菇提前泡发切细备用。
2 萝卜干洗净切细。
3 蒜头拍扁剁碎备用。
4 锅中热油放入萝卜干炒香。
5 放入蒜末，炒至微微金黄。
6 放入香菇炒香。
7 加入适量蚝油，生抽。
8 翻炒均匀。
9 加入适量清水煮开两三分钟。
10 少许淀粉水勾芡煮开即可。
11 响铃卷适量清水泡软。
12 虾滑备用。
13 响铃卷摊开，放上虾滑。
14 放入蟹柳。
15 将响铃卷卷起。
16 卷好的响铃卷放入砂锅中。
17 舀上酱汁。
18 盖上大火煮开。
19 中小火焖5分钟左右即可。"
666216,https://home.meishichina.com/recipe-666216.html,肉沫豆泡,豆腐泡：适量 | 猪肉馅：适量,芹菜：适量 | 胡萝卜：适量,油：适量 | 盐：适量 | 酱油：适量 | 生粉：适量,"1 豆腐泡买现成的，用剪刀剪十字口。
2 猪肉馅提前放入自己喜欢的调料，比平时稍微咸点。
3 用筷子一点一点放入猪肉馅，不要太多肉会撑破豆泡的。
4 准备辅料，有啥当啥，就是个配色。??
5 用平底锅煎一下有肉的一面，然后放入一点点水炖8分钟。
6 这时候调点料，放入配料勾芡，出锅。
7 开盖转大火，淋入淀粉水勾芡，翻炒至汤汁浓稠包裹在食材表面，加少许盐调味，撒上葱花或小米辣即可装盘。"
665048,https://home.meishichina.com/recipe-665048.html,黄骨鱼炖粉条,黄骨鱼：适量 | 粉条：适量,生姜：适量 | 葱花：适量,花生油：适量 | 蚝油：适量 | 盐：适量 | 胡椒粉：适量,"1 粉条提前泡发。
2 黄骨鱼洗净沥干水份。
3 生姜洗净切片。
4 锅中热油放入姜片，放入黄骨鱼，中小火煎香。
5 加入适量蚝油，盐调味。
6 加入适量清水。
7 大火煮开将鱼汤炖至奶白色。
8 放入粉条。
9 煮开断生，出锅前放入适量胡椒粉和葱花即可。"
665050,https://home.meishichina.com/recipe-665050.html,茄汁锅包肉,锅包肉：适量（半成品）,白芝麻：适量,花生油：适量 | 番茄酱：4勺 | 白糖：2勺 | 白醋：适量 | 玉米淀粉：适量,"1 锅包肉半成品提前解冻。
2 碗中放入番茄酱，白糖，玉米淀粉和白醋，加入适量清水搅拌均匀备用。
3 锅中热油放入锅包肉。
4 炸至金黄后再复炸。
5 热锅倒入茄汁，煮开搅拌至浓稠。
6 倒入炸好的锅包肉。
7 快速翻炒均匀裹上茄汁，出锅前加入白芝麻即可。"
666208,https://home.meishichina.com/recipe-666208.html,海鲜砂锅,羊肉汤：800毫升 | 墨鱼丸：4个 | 海带苗：适量 | 豆腐：适量 | 豆芽：适量 | 菠菜：适量,河南粉条：适量 | 开水：500毫升,醋：少许 | 香油：|滴,"1 砂锅里倒入羊肉汤和葱节下入粉条大火煮5分钟水不够加开水。
2 墨鱼丸子4个化开。
3 对半切开。
4 放入海带苗和墨鱼丸子。
5 豆腐成小方丁。
6 也放进砂锅里煮熟。
7 加入绿豆芽煮熟。
8 菠菜洗净切断放λ砂锅煮一会关火。
9 一锅海鲜砂锅就好了。"
666201,https://home.meishichina.com/recipe-666201.html,虾球鱼柳,鲷鱼：2片 | 鲜虾：3只,红椒：1个 | 葱花：适量 | 鸡蛋白：半个 | 白胡椒粉：少许,香油：适量 | 料酒：适量 | 生抽：少许,"1 鲷鱼洗净，控去水份。
2 再切成条状。
3 鸡蛋只用蛋白。
4 鲜虾洗净去除虾皮与虾线，将料酒，盐、放入魚、虾中抓匀，然后再清洗干净。
5 挤出水份后，再重新加入料酒、盐、白胡椒粉、鸡蛋清抓匀。
6 水烧开后下入魚柳，再转小火氽熟即可。
7 锅中放入适量香油，兑个碗汁:生抽、淀粉水倒入锅中烧开。
8 加入红椒圈、葱花。
9 将虾球魚柳成品美观，肉质细嫩，老少皆宜。"
666177,https://home.meishichina.com/recipe-666177.html,红烧羊排,精羊排：适量,蒜蓉：适量 | 小红椒：1个 | 薄荷：1朵(点缀),食用油：少许 | 料酒：适量 | 红烧酱油：适量,"1 这是煮好的羊排。
2 锅中放少许食用油，料酒、红烧酱油、少许盐，下入羊排烧制。
3 使羊排入味。
4 出锅前加入蒜蓉。
5 小红椒切圈点缀。羊排香味浓郁，口感香醇。
6 再点缀一朵自种薄荷，香气宜人、营养丰富。"
665015,https://home.meishichina.com/recipe-665015.html,肉丸炒花菜,花菜：适量 | 肉丸：适量,香葱：适量,花生油：适量 | 蚝油：适量 | 盐：适量,"1 花菜改刀切小块洗净备用。
2 肉丸对半切开后切一下花刀。
3 香葱洗净切段备用。
4 锅中热油放入肉丸。
5 煎炒至微焦。
6 放入花菜翻炒均匀。
7 适量蚝油，盐调味炒匀。
8 加入适量清水。
9 焖炒至花菜断生即可。
10 出锅前放入葱段炒匀即可。"
666189,https://home.meishichina.com/recipe-666189.html,麻辣鱼,鲤鱼：1条（今天用花鲢）,,姜：1小块 | 蒜：1个 | 火锅底料：少许 | 酱油：2大匙 | 蚝油：1小匙 | 十三香：少许 | 干辣椒：一大把 | 干花椒：3、40粒 | 鲜花麻：3、4串 | 芝麻：1勺 | 小米辣：6、7个,"1 鱼请店家杀好宰小块，清洗干净，加入酒、盐腌入味。
2 腌好的鱼再次洗净，放少许盐拌匀，入油锅煎香盛出备用。
3 姜、蒜剁蓉，小米辣切圈，少许火锅底料备用。
4 锅中放油七成热放入姜蓉、蒜蓉、火锅底料炒香，加入是量的水烧开。
5 放入煎好的鱼，加入酱油、蚝油、十三香炖煮香。
6 另起1小锅，放油加热到八成热，将剪成小段的干辣椒和干花椒放入。
7 炖煮好的鱼装盘，撒芝麻，放入鲜花椒，倒入炝香的辣椒和花椒即可。"
665014,https://home.meishichina.com/recipe-665014.html,胡萝卜炒鸡蛋,胡萝卜：适量 | 鸡蛋：适量,香葱：适量,花生油：适量 | 盐：适量,"1 胡萝卜去皮洗净切细备用。
2 碗中打入鸡蛋，搅拌均匀。
3 香葱洗净切段备用。
4 锅中热油倒入蛋液。
5 煎炒至金黄后盛出。
6 锅中热油放入胡萝卜翻炒。
7 加入适量清水，大火煮开焖两三分钟。
8 加入炒过的鸡蛋，翻炒均匀。
9 少许盐调味，继续焖一两分钟分钟左右入味。
10 出锅前放入葱段即可。"
666182,https://home.meishichina.com/recipe-666182.html,炒肉片,紫山药：适量 | 里脊肉：适量,葱：适量 | 姜：适量 | 蒜：适量 | 红薯淀粉：适量,盐：适量 | 料酒：适量 | 生抽：适量 | 蚝油：适量,"1 里脊肉切丝，加盐、料酒、生抽、水淀粉拌匀腌制10分钟。
2 紫山药去皮洗净切片。
3 葱姜蒜改刀切片、切段。
4 热锅冷油，放入肉丝翻炒变色盛出。
5 锅中留余油，放入葱姜蒜炒香。
6 放入紫山药翻炒，可加少许水烧几分钟。
7 合入超好的肉丝，加盐、蚝油调味。
8 撒入葱花炒匀出锅。
9 紫山药爽脆可口，营养美味。"
665978,https://home.meishichina.com/recipe-665978.html,自制鸡肉丸,鸡胸肉：一块,鸡蛋白：2个 | 淀粉：适量 | 水：少许,猪油：2勺 | 料酒：适量 | 盐：适量 | 姜粉：适量,"1 将鸡胸肉切小薄片。
2 鸡蛋2个(只用鸡蛋白)。
3 搅拌机中放入鸡胸肉，料酒、盐、姜粉、少许水、及猪油。
4 将其搅打成茸。
5 取出鸡茸，稠稀适度、很有光泽。
6 准备半碗水，挤丸子时先将左手取肉泥，又手拿勺子先沾水，再取下左手虎口挤出的鸡肉丸。
7 逐个挤出放入锅中(开水晾温)。
8 小火轻煮，氽熟飘起即熟，即可捞出。
9 另一个碗中加入开水，盐、香油，将氽好的丸子放入碗中，丸子嫩滑，汤鲜味美。"
666172,https://home.meishichina.com/recipe-666172.html,口味凤爪,冷冻凤爪：500g,姜末：适量 | 大蒜末：100g,老抽：150g | 生抽：100g | 料酒：100g | 白糖：80g | 白开水：300g | 食盐：适量 | 胡椒粉：适量 | 耗油：50g,"1 将冷冻凤爪解冻，洗净后改刀，一只一分为二。
2 将姜末、蒜末提前准备好，蒜末适当多点。
3 将改好刀，洗净的凤爪冷水放入锅内焯水，放适量白醋，水开后别去沫子，翻滚2-3分钟盛出，再次洗净备用。
4 将焯好水的凤爪放入锅内，依次放入老抽、生抽、料酒、白糖、蚝油、盐、白开水盖上锅盖大火烧开，然后中小火卤制15-20分钟，中间每间隔3-5分钟将凤爪翻动一下，如汤汁不够可适当添加白开水，根据个人口感软烂程度控制时长，如软烂程度到达口感要求，即可大火收汁，收至约有120g汤汁即可盛出。
5 将锅洗净，烧干水分放入植物油，由烧热放入姜末、蒜末，煸炒1-2分钟后，将卤制盛出的凤爪倒入锅内，放入胡椒粉一起翻拌均匀，大火收汁，将汤汁收至胶状即可出锅。
6 这就是成品，味道还不错哦。"
666170,https://home.meishichina.com/recipe-666170.html,冬笋腊牛肉,腊牛肉：200g | 冬笋：250g-300g,香芹：适量 | 大蒜叶：适量 | 姜片：适量,盐：适量 | 龙牌酱油：适量,"1 将冬笋切片备用。
2 腊牛肉需先放入锅内煮一下，然后清洗干净，切片备用。如腊牛肉比较咸需漂一二次水，确保咸淡适中。
3 将香芹洗净切段备用。
4 将大蒜叶洗净切段备用。
5 姜切片备用。
6 炒锅内放入植物油和猪油，烧热将生姜片放入锅内翻炒煸炒，然后放入冬笋片一起煸炒，并放适量盐，让冬笋入底味。
7 冬笋煸炒1-2分钟后，将配料香芹段、大蒜叶、剁辣椒（也可以放小米辣）放入一起翻炒，开始调味，放入适量盐，酱油，煸炒一下放入适量料酒或黄酒，让调味料融合于食材，放入适量的开水，闷煮水开即可出锅。
8 出锅后为了保证菜的温度，建议采用砂锅盛装。"
666092,https://home.meishichina.com/recipe-666092.html,油面筋虾滑,油面筋：适量 | 虾滑：适量,番茄：适量 | 香葱：适量,生抽：2勺 | 老抽：0.5勺 | 蚝油：1勺 | 番茄酱：1勺 | 清水：半碗,"1 将大拇指伸进油面筋，戳个洞转一圈，把虾滑挤进去填满。
2 将两勺生抽，半勺老抽，一勺蚝油，一勺番茄酱和半碗清水调成酱汁。
3 放油将番茄炒出汁后加点盐，倒入刚才调好的酱汁。
4 虾滑开口的地方向下摆进去。
5 盖上盖，中小火煮15分钟。
6 出锅前撒上葱花。"
665000,https://home.meishichina.com/recipe-665000.html,油焖茭白,茭白：适量,蒜头：适量 | 葱花：适量,猪油：适量 | 蚝油：适量 | 生抽：适量 | 盐：适量,"1 茭白去皮洗净切滚刀块。
2 锅中倒入猪油，放入蒜头。
3 炒至金黄。
4 放入茭白。
5 大火翻炒均匀。
6 中小火煎炒至微微金黄。
7 加入适量蚝油，生抽，盐。
8 快速翻炒均匀入味，出锅前加入适量葱花即可。"
666153,https://home.meishichina.com/recipe-666153.html,香溜鱼片,鲷魚：2片,小红椒：1个 | 葱花：少许 | 熟芝麻：适量,食用油：适量 | 料酒：适量 | 生抽：适量 | 鸡精：适量,"1 将魚片清洗干净，控去水份。
2 并切成片状。
3 先放入适量的盐、料酒反复抓匀，再清洗干净、挤去水份。然后加入适量的盐、胡椒粉、鸡精、鸡蛋清反复抓匀入味。
4 再放入适量的淀粉再次抓匀(使之魚肉嫩滑)。
5 锅中小火烧开，下入魚片慢慢氽熟即可。
6 将魚片捞出备用。
7 锅中加入少许底油，加入适量的生抽、料理、鸡精、淀粉水烧开。
8 关火，放入红椒圈、葱花。
9 淋入魚片上，撒上熟芝麻即可，魚片肉细嫩、鲜香可口。"
665877,https://home.meishichina.com/recipe-665877.html,煎三文鱼,三文鱼：100g,海盐黑胡椒：1勺,油：1匙,"1 三文鱼切厚片。
2 平底锅盆一点点油。
3 煎鱼，撒一点黑胡椒海盐。
4 两面煎熟。
5 味道鲜甜。"
665872,https://home.meishichina.com/recipe-665872.html,山药丸子炖冬瓜,梅花肉：300g,山药：1根 | 冬瓜：1块 | 枸杞：10颗,蚝油：1勺 | 酱油：1勺 | 胡椒粉：1勺,"1 新鲜梅花肉一块。
2 剁成肉馅。
3 胡椒粉，酱油，蚝油，调味后抓出浆。
4 抓上劲儿。
5 倒入山药末，拌匀。
6 冬瓜山药切块，枸杞泡好。
7 热水下丸子。
8 丸子煮熟定型以后，加入山药和冬瓜块。
9 小火炖。
10 出锅加入枸杞。"
664987,https://home.meishichina.com/recipe-664987.html,牛肉蒸猪肠粉,猪肠粉：适量 | 牛肉：适量,蒜末：适量 | 小米辣：适量 | 豆豉：适量,花生油：适量 | 生抽：适量 | 玉米淀粉：适量 | 蚝油：适量,"1 蒜头和小米辣切细备用。
2 牛肉洗净切薄片。
3 牛肉加入适量生抽，蚝油，玉米淀粉抓匀备用。
4 碗中放入蒜末，小米辣，豆豉。
5 淋上热油激发出香味，加入适量生抽。
6 猪肠粉改刀切小块。
7 盘中放入猪肠粉，铺上牛肉。
8 淋上蒜蓉豆豉酱。
9 锅中水开大火蒸十分钟左右。
10 出锅前加入适量葱花即可。"
666140,https://home.meishichina.com/recipe-666140.html,香菇炒肉沫,香菇：十朵 | 肉沫：半斤,葱：适量 | 蒜：适量 | 红辣椒：三个,花生油：适量 | 盐：适量 | 老抽：适量 | 胡椒粉：少许,"1 香菇浸泡一夜。
2 捞出，挤出多余水分，切片，备用。
3 蒜、葱和红枣辣椒切好，备用。
4 肉沫备用。
5 锅烧热放适量油，倒入肉沫加适量盐、老抽和少许胡椒粉，煸炒，再倒入葱、蒜和红辣椒炒香，继续倒入香菇翻炒片刻即可。
6 装盘即食。
7 下饭菜。"
664933,https://home.meishichina.com/recipe-664933.html,荔枝排骨,排骨：适量 | 荔枝：适量,生姜：适量,花生油：适量 | 老抽：适量 | 蚝油：适量 | 白糖：适量 | 盐：适量,"1 排骨改刀切块。
2 排骨冷水下锅焯烫出血水后洗净。
3 生姜洗净切片备用。
4 锅中热油放入姜片炒香。
5 放入排骨翻炒。
6 加入适量老抽，蚝油，盐和白糖。
7 翻炒均匀上色入味。
8 炒过的排骨转入珐琅锅中，加入清水。
9 大火煮开盖上小火焖40分钟左右。
10 荔枝去壳去核洗净。
11 40分钟左右后的排骨已经炖软烂。
12 放入荔枝。
13 大火收汁大概5分钟左右即可。"
666121,https://home.meishichina.com/recipe-666121.html,酸菜肉沫,酸菜：250g | 肉沫：半斤,蒜：适量 | 红辣椒：适量 | 葱：适量,盐：适量 | 老抽：少许 | 鸡精：少许,"1 富硒酸菜。
2 取出备用。
3 肉沫备用。
4 切好的蒜、红辣椒和葱备用。
5 锅烧热放适量油，倒入肉沫加适量盐和少许老抽调味，煸炒，再倒入红辣椒葱蒜，大火翻炒出香味，继续倒入酸菜，翻炒片刻，加少许鸡精调味即可。
6 装盘即食。
7 酸辣美味。"
666116,https://home.meishichina.com/recipe-666116.html,橙香排骨,排骨：适量,橙子：2个,生抽：2勺 | 醋：2勺 | 冰糖：6块 | 蒜：2瓣 | 葱：半颗 | 姜：4片 | 老抽：半勺 | 盐：1勺 | 水：适量 | 油：适量,"1 橙子洗净，去擦丝成小块（见白色肉停止），榨成汁，留一点切片，排骨洗净焯水擦干。
2 油热煎排骨。
3 放入冰糖，生抽，姜蒜葱炒香变色。
4 倒入高压锅中入，加入橙汁，醋，水，老抽和香橙片，盐。上汽后18分钟关火。
5 加入土豆，橙皮碎再焖3分钟关火。
6 好了。"
666108,https://home.meishichina.com/recipe-666108.html,蒜蓉豆豉蒸黄骨鱼,黄骨鱼：适量,蒜蓉：适量 | 豆豉：适量 | 葱花：适量,花生油：适量 | 生抽：适量 | 蚝油：适量 | 盐：适量 | 玉米淀粉：适量,"1 黄骨鱼处理好洗净。
2 将黄骨鱼切小块。
3 蒜头拍扁剁碎。
4 碗中放入豆豉和蒜蓉。
5 淋上热油激发出香味。
6 加入适量生抽，蚝油，盐搅拌均匀。
7 黄骨鱼加入适量玉米淀粉。
8 加入调好的蒜蓉豆豉，抓拌均匀。
9 静置二十分钟左右入味。
10 锅中水开放入黄骨鱼，大火蒸15分钟左右。
11 鱼蒸至断生后加入适量葱花即可。"
664910,https://home.meishichina.com/recipe-664910.html,金针菇肉沫白贝煲,肉沫：适量 | 白贝：适量,金针菇：适量,蒜蓉酱：适量 | 花生油：适量 | 盐：适量,"1 前腿肉提前剁碎备用。
2 白贝洗净备用。
3 金针菇切去根部洗净。
4 锅中均匀铺上金针菇。
5 放入肉沫。
6 放入白贝。
7 加入适量清水后再加入适量蒜蓉酱和盐，蒜蓉酱可买现成的。
8 盖上中火煮开。
9 煮至白贝开口后拌匀，加入葱花即可。"
666078,https://home.meishichina.com/recipe-666078.html,清蒸鲷魚,鲷魚：2片,姜片：2片 | 小红椒：2个,料酒：适量 | 食物油：适量 | 盐：适量,"1 将鲷鱼洗净，加入料酒、姜片腌制去腥。
2 锅中水烧开，将魚盘放入锅中，蒸10分钟，出锅后将盘中的话魚汁倒掉。
3 锅中加入食用油，料理、白灼汁、盐、淀粉水、搅拌均匀，加入红椒圈即可。
4 淋入蒸好的鲷鱼上即可，鲷鱼细嫩滑爽。"
666091,https://home.meishichina.com/recipe-666091.html,藜麦椒麻豆腐,内酯豆腐：1盒 | 藜麦：少许,灯笼椒：3个 | 豆苗：少许,松茸鲜酱油：适量(原方是有机酱油) | 红油：适量 | 麻椒油：适量,"1 所需主要食材：内酯豆腐、三色藜麦、灯笼椒、菜籽油、红油、麻椒油、有机酱油(我没有，用松茸鲜酱油代替)。
2 藜麦淘洗干净，冷水泡半小时。
3 泡到发芽。
4 水开计时煮20分钟。
5 煮到这个状态即可。
6 不用过冷水，沥干水分就行。
7 内酯豆腐中间片开分上下两片，再切小块。
8 水开加盐焯2分钟。
9 沥干水分。
10 锅内加松茸鲜酱油烧热。
11 加入豆腐，均匀裹上酱汁，淋入水淀粉薄芡，晃动让豆腐均匀裹满酱汁倒入盘里。
12 另起锅加入菜籽油、红油、麻椒油，加入灯笼椒，小火加热出香味。
13 倒在豆腐上，撒些煮好的藜麦，最后用豆苗装饰。
14 完成了。"
666083,https://home.meishichina.com/recipe-666083.html,自腌蒜香葱香咸肉炒冬瓜,,,,"1 把带皮的五花肉或梅头肉洗净，吸干水，把蒜头和红葱头剁碎入一碗；
2 把五香粉1/2大勺、黑椒粉1小勺、海盐3大勺与蒜头末和葱头末混合均匀；
3 把肉入一盘，放入腌料，逐条搓均匀入味；
4 用冰箱专用薄膜逐条包好，先静置2小时，再放入冰箱零度以下的冷藏室，估计一个月都无问题。
5 把生姜和葱头切片，蒜头剁碎；
6 把解了冻的咸肉洗净，切片约3毫米厚；
7 把咸肉放锅里，开慢火，慢慢逼出油，但不要太焦，有油出肉稍变黄就可以了；
8 捞起，剩下的油如果太多就勺起来，剩下够炒菜的就行，然后放入姜片和葱头片Mojave香；
9 倒入冬瓜片；
10 翻炒至透心，加入精盐1/2小勺、胡椒粉1/3小勺、白糖1/4小勺，兜几下；
11 加入咸肉片，在锅边滴入味极鲜约1/4小勺以激起香味，快速兜均，出锅。"
666082,https://home.meishichina.com/recipe-666082.html,大葱烧海参,小海参：约400克,,,"1 放香葱1棵、红葱头1粒、姜片6~8片、生油1/3杯入小锅，慢火熬制，熬至变微黄；
2 加入蒜片，再慢火熬；
3 熬至中度褐色，收火，隔渣滤油；
4 小锅放入刚才熬油的渣，放高汤或水约1杯、生抽1/2大勺、蚝油1/2大勺、松茸精1小勺、XO酱1/2大勺、味啉1大勺，不断搅拌，慢火烧至起大泡；
5 隔渣滤汤；
6 开锅，加水烧开，放入海参，焯片刻，捞起；
7 准备大葱1/2棵、姜片6片、红葱头圈1粒量、蒜头片2粒量；
8 起锅，放刚才熬过的油，放姜片、红葱头和蒜头，爆香；
9 倒入海参和大葱；
10 爆炒片刻；
11 倒入刚才熬制的汤汁；
12 中火熬制至汁稠，试味，出锅，趁热享用。Enjoy！"
665868,https://home.meishichina.com/recipe-665868.html,羊蝎清炖萝卜,羊蝎子：1根,胡萝卜：1根 | 白萝卜：半个 | 葱：2段 | 姜：2片,白胡椒粉：1匙,"1 羊蝎子切段泡水。
2 换几遍水。
3 热水下锅。
4 准备好姜片和葱段。
5 萝卜去皮，切段。
6 白萝卜焯一下水，去去味道。
7 哦，还放了半根山药，切好块。
8 羊蝎子清水煮一个小时，放入萝卜继续炖半个小时。
9 出锅放一点白胡椒粉和盐调味道。"
664847,https://home.meishichina.com/recipe-664847.html,泡菜豆腐虾滑锅,虾滑：适量 | 豆腐：适量,泡菜：适量 | 葱花：适量,花生油：适量,"1 辣白菜备用。
2 豆腐切块备用。
3 锅中热油放入辣白菜。
4 翻炒均匀。
5 加入适量清水，大火煮开。
6 虾滑咬成球放入锅里。
7 放入豆腐。
8 大火煮开几分钟左右即可。"
665881,https://home.meishichina.com/recipe-665881.html,白灼八爪鱼,八爪鱼：4只,豆瓣酱：2勺 | 姜：1块,料酒：1勺,"1 八爪鱼摘掉黑色的内胆。
2 洗干净。
3 剪成小段。
4 锅里烧开水，放入姜片，一点点料酒。
5 再次烧开以后，放入八爪鱼。
6 煮半分钟，捞出来控水，放入冰块或者放入冰箱冰冻。
7 蘸豆瓣酱味道更棒。"
664823,https://home.meishichina.com/recipe-664823.html,紫苏炒虾,虾：适量,蒜头：适量 | 紫苏叶：适量,花生油：适量 | 黄油：适量 | 蚝油：适量 | 盐：适量,"1 虾去头去虾线后开背洗净备用。
2 蒜头拍扁剁碎备用。
3 紫苏叶洗净切碎备用。
4 适量黄油备用。
5 锅中热油放入虾。
6 大火将虾炒至微微金黄。
7 放入蒜末。
8 放入黄油。
9 中火翻炒均匀炒出黄油的香味。
10 加入适量清水。
11 适量蚝油，盐调味。
12 将虾焖五分钟左右入味。
13 出锅前放入紫苏叶翻炒均匀断生即可。"
664822,https://home.meishichina.com/recipe-664822.html,番茄腐竹牛腩,牛腩：适量 | 番茄：适量 | 腐竹：适量,姜片：适量 | 葱花：适量,花生油：适量 | 生抽：适量 | 蚝油：适量 | 老抽：适量 | 盐：适量,"1 腐竹提前泡发后切小段备用。
2 牛腩改刀切小块。
3 生姜洗净切片。
4 将牛腩冷水下锅焯烫出血水后洗净。
5 锅中热油放入姜片。
6 放入牛腩翻炒炒香。
7 适量蚝油，生抽，老抽。
8 翻炒均匀上色入味。
9 炒过的牛腩转入珐琅锅中，加入适量清水。
10 大火煮开转小火煲30分钟。
11 番茄去皮切片。
12 锅中热油放入番茄，加入适量盐。
13 炒出茄汁。
14 三十分钟后加入炒好的番茄汁。
15 大火煮开十分钟左右。
16 放入腐竹。
17 继续焖十分钟左右即可出锅。"
665025,https://home.meishichina.com/recipe-665025.html,鸡爪烧龙虾尾,龙虾尾：适量 | 鸡爪：适量,生姜：适量 | 葱花：适量,花生油：适量 | 生抽：适量 | 蚝油：适量 | 火锅底料：适量 | 老抽：适量,"1 鸡爪去甲洗净。
2 将鸡爪冷水下锅焯烫后洗净。
3 锅中热油放入姜片翻炒。
4 放入鸡爪炒匀。
5 适量蚝油，生抽，老抽翻炒均匀上色。
6 加入适量清水。
7 将鸡爪转入电高压锅。
8 一个煮饭模式即可。
9 龙虾尾提前解冻。
10 锅中水开放入龙虾尾焯烫过后捞出备用。
11 生姜切细备用。
12 焖好的鸡爪取出备用。
13 锅中热油放入生姜炒香。
14 放入火锅底料炒香。
15 放入龙虾尾大火翻炒。
16 放入鸡爪和原汤。
17 加入少量清水。
18 大火煮开焖五分钟左右入味收汁即可。"
191370,https://home.meishichina.com/recipe-191370.html,茄汁大虾,大虾：500克,番茄酱：2勺 | 蚝油：1勺 | 白糖：5克 | 生抽：1勺 | 料酒：1勺,,"1 将大虾洗干净，剪掉须。用料酒腌10分钟。
2 锅烧热倒油，倒入大虾翻炒，再倒入番茄酱，蚝油，生抽，放白糖炒均匀。
3 然后加如少许水焖下，收汁后起锅装盘。"
666028,https://home.meishichina.com/recipe-666028.html,蒜蓉花甲粉丝煲,蒜蓉酱：200ml | 花甲：500g | 粉丝：1块 | 基围虾：4只,小白菜：半颗 | 洋葱：1个 | 小葱：10g,生抽：4勺 | 鸡精：1勺 | 耗油：2勺 | 盐：1勺,"1 将锅底放入切好的洋葱丝平铺最底层，依次放入小白菜，泡好的粉丝，花甲平铺加入基围虾。
2 在面上淋上蒜蓉酱，加入4勺生抽，2勺耗油，1勺盐，1勺鸡精。
3 开火煮3分钟后，加入400ml水。煮十分钟后关火。焖5分钟开盖加小葱，起锅即可。"
666025,https://home.meishichina.com/recipe-666025.html,洋葱猪排,猪排：2块,大紫：洋葱1/2个,,"1 把猪排厚约1公分的边角处理干净，用松肉锤把猪扒两边锤，再在猪排四周划刀，划痕长约1公分；二、三、
2 放入盆内，生加清水1/2大勺、小苏打1/4小勺，用手抓几下，再加生抽1/2大勺、黑椒粉1/2小勺、黄酒料酒1/2大勺、抓至调料完全被肉块吸收，然后加菜油或花生油1/2大勺，抓几下，让油能覆盖肉块以免水分被蒸发；
3 放于盒肉入冰箱过夜或至少静置1小时；
4 把锅烧热入底油，放入猪排，煎猪排时腾出手来用碗装入浇汁材料，调匀；
5 煎至底部基本熟，翻面，用咸肉压板压住煎，总之两面煎熟为止，一定要熟哈；
6 煎好后把猪排拨一边，放入洋葱块，把洋葱炒一小会；
7 夹起猪排入碟，锅中再翻炒洋葱几下；
8 倒入浇汁，不断搅拌浇汁与洋葱，烧至浇汁起大泡；
9 连汁边洋葱一起倒入猪排碟的上面，完成。Enjoy!"
666017,https://home.meishichina.com/recipe-666017.html,肉丝炒芥芹菜,里脊肉丝：适量,芹菜：适量 | 芥菜头：1个 | 蒜蓉：适量,食物油：适量 | 料酒：适量 | 生抽：适量 | 盐：适量,"1 芹菜改刀切丝，蒜碎。
2 芥菜擦成丝待用。
3 里脊肉丝放入料酒、生抽拌匀去腥入味。
4 先将肉丝炒至断生，再放入芥菜丝翻炒。
5 加入适量的料酒、生抽、盐翻炒，加入肉丝翻炒。
6 最后放入蒜蓉翻炒出锅。
7 成品菜盛入盘中，搭配主食粥等食用。"
666011,https://home.meishichina.com/recipe-666011.html,香辣水煮鱼,草鱼：3斤,青笋：100g | 豆芽：50g | 大葱段：10g | 小葱：5g,香辣水煮鱼调料：160g,"1 准备食材草鱼片好备用（也可让鱼摊帮忙处理）。青笋切片、豆芽洗净，大葱切段。
2 腌制鱼片在鱼片中加入少量盐、料酒、白胡椒粉与淀粉，轻轻抓匀腌10–15分钟，使鱼肉更嫩滑入味。
3 处理配菜豆芽与青笋焯水断生，捞出铺入大碗底部作垫菜。
4 熬煮香辣汤底锅中倒入约200g植物油烧热，加入金宫香辣鱼调料中的酱料包与香葱段，小火炒40–60秒，激发香味
5 煮鱼加入适量清水或鲜汤烧开，先放鱼头煮1分钟，再下鱼排煮约30秒，最后放入鱼片煮1–2分钟至变白即熟。
6 出锅装盘将鱼片与汤汁一起倒入铺好配菜的碗中，撒上葱花和芝麻即可享用。"
665835,https://home.meishichina.com/recipe-665835.html,香茄金针菇,茄子：300g | 豆角：150g | 金针菇：150g,蒜头：2小颗,橄榄油：7ml | 盐：少许 | 老抽：1匙 | 糖：2g | 香醋：2匙,"1 开小火，锅里放植物油，放入茄子和蒜头，煸炒3分钟左右至茄子软或出水，加入已焯水豆角（焯水时放少许盐至5分熟），加入少许盐，翻炒一下后，放入金针菇，可平铺在最上面，稍等会锅里热气冒上时，加老抽，不要放水，所有食材稍加翻炒，放少许糖（可按个人喜好），翻炒均匀，盖盖焖煮5分钟左右。
2 开盖查看，再加入少许盐，如需要可再盖盖焖煮，3样食材煮软出水比较好吃，最后放醋（按个人爱好）。
3 完成，软香可口，素菜也美味。"
665994,https://home.meishichina.com/recipe-665994.html,酸菜炖排骨,排骨：适量,酸菜：适量 | 香菜：适量,盐：适量 | 白胡椒粉：适量 | 八角：适量 | 桂皮：适量 | 葱：适量 | 姜：适量 | 干辣椒：适量 | 花椒：适量,"1 排骨凉水下锅加入葱姜。
2 煮开后继续煮两三分钟。
3 排骨捞出后把表面的血沫脏东西冲洗干净。
4 洗干净后放入砂锅加入凉水、葱姜、干辣椒、花椒煮开。
5 煮开后关小火炖40分钟，炖到30分钟时加入食盐。
6 酸菜洗干净切丝加入葱、八角、桂皮。
7 锅中油烧开。
8 倒入酸菜翻炒均匀。
9 炒出香味后加入盐、白胡椒粉翻炒。
10 翻炒均匀后盛出备用。
11 排骨炖40分钟后加入炒好的酸菜再炖25分钟。
12 出锅装盆，放上香菜碎。"
658174,https://home.meishichina.com/recipe-658174.html,葱油牡蛎紫菜,牡蛎：400g,紫菜：100g | 小米辣：1只 | 小青椒：1块 | 生姜：1块,料酒：1勺 | 醋：1勺 | 猪油：3勺 | 盐：半匙 | 味精：半匙 | 酱油：半勺,"1 牡蛎用淘米水浸泡半小时，再反复清洗干净备用。
2 姜片切丝。
3 冷水入锅入姜丝烧开。
4 紫菜用煮沸的姜丝水泡开。
5 再倒入牡蛎??烫个两三分钟，主要看牡蛎大小。大的久点，小的快掉。
6 微微烫开。
7 然后烫到汤汁表白。
8 这是最早以前的菜谱草稿！现在拿出来分享一下！"
665990,https://home.meishichina.com/recipe-665990.html,蜜汁杨梅猪蹄,,,黄酒：10毫升 | 白醋：5毫升 | 生抽：12毫升 | 食醋：5毫升 | 红烧酱油：10毫升 | 冰糖：20g | 白开水：1200ml | 盐：1匙 | 味精：1匙,"1 把猪蹄放入洗菜盆里加盐搓洗整个猪手几遍！
2 用清水冲洗几遍！
3 倒入淘米水去除杂质！
4 猪蹄洗干净，加冷水入锅?生姜，洋葱，葱结，白醋，盖上锅盖煮沸去血水。
5 趁空闲时准备好调料，香料！
6 冷鲜杨梅上锅蒸软汁水，用时10分钟即可。
7 这是小半碗杨梅汁。
8 冷锅热油放葱白和生姜煸炒香味浓郁！
9 锅中倒入焯水洗净后的猪蹄煎炸至两面微黄。
10 加入调好的蜜汁杨梅酱油醋！
11 微微烧开两分钟后倒入1200毫升开水，没过猪蹄，一次性加完！加入20克冰糖，大火煮开5分钟后改中火炖煮20分钟，再改小火炖煮40分钟，再焖锅5分钟。
12 时间到！香糯爽口的猪蹄出锅了！我是叫小爱同学给我准点报时，那样不会误时，期间一定要时不时看看锅里水有没有烧干，因为每个人锅的材质厚薄不一样哦！受热时长会不一样，食材量数不一样，要注意查看避免糊锅哦！
13 再撒上葱花小米辣做点缀！是不是看起来很有食欲呢，视觉上被明亮的色彩吸引！味蕾也在悄悄的被色诱！"
665986,https://home.meishichina.com/recipe-665986.html,攸县百叶豆腐,攸县百叶豆腐：250g,香芹菜：100g | 胡萝卜：1个 | 五花肉：100g,盐：适量 | 酱油：适量 | 胡椒粉：适量 | 辣椒粉：适量,"1 将百叶豆腐切丝，用冷水浸泡一下。
2 将配菜五花肉、香芹菜、胡萝卜均切丝备用。
3 先放底油，将五花肉丝放入炒锅内翻炒一分钟左右，然后放入香芹菜、胡萝卜丝一起翻炒1分钟。
4 然后放入百叶豆腐一起翻炒1分钟左右，放入辣椒粉炝下锅，接着倒入适量纯净水炖煮3-5分钟即可放入食盐、酱油、胡椒粉调味，调味后继续闷煮2分钟即可出锅。
5 出锅后要趁热吃，豆腐冷了口感会差些。"
665961,https://home.meishichina.com/recipe-665961.html,精羊排,羊排：1扇,葱段：适量 | 五指毛指：适量,食用油：适量 | 料酒：适量 | 红烧酱油：适量 | 姜粉：适量 | 盐：适量,"1 将羊排反复洗净，锅中水烧开，加入料酒、葱段、姜片、羊排焯水。
2 然后捞出放入高压锅中，放入五指毛桃压制10分钟(首次买五指毛桃做肉类)。
3 锅中炝锅加入料理、红烧酱油、葱段、姜粉、盐。
4 烧制羊排入味，再慢慢收汁至浓稠且颜色美观。
5 取出成品装盘，颜色鲜亮诱人，口感鲜香浓郁，。"
665976,https://home.meishichina.com/recipe-665976.html,孜然牛肉,牛肉：适量,螺丝椒：适量 | 葱：适量 | 蒜苗：适量,盐：适量 | 孜然粉：适量 | 辣椒粉：适量 | 花椒粉：适量,"1 牛肉哦好肉片，螺丝椒、葱、蒜苗切马蹄段。
2 辣椒粉和花椒粉按3:1配，孜然粉和辣椒粉花椒粉按1:1单另准备。
3 热锅凉油油烧开，烧到锅冒烟。
4 下入牛肉片翻炒至肉片略微发白。
5 加入食盐翻炒至肉片颜色红色基本消失。
6 加入辣椒粉花椒粉翻炒均匀。
7 加入加入一半孜然粉翻炒均匀。
8 下入配菜翻炒几下。
9 倒入另一半孜然粉炒至配菜断生。
10 出锅装盘。"
665964,https://home.meishichina.com/recipe-665964.html,油炸萝卜丝粑,红萝卜：3个 | 香菜：3颗,面粉：150g,辣椒面：3匙 | 花椒面：2匙 | 味精：1匙 | 白糖：2匙 | 菜籽油：适量 | 食用盐：2匙,"1 红萝卜洗净刮皮。
2 擦成丝，加两匙食盐，两匙白糖拌均匀。
3 香菜切好备用。
4 待10分钟后挤干萝卜丝的水分。
5 加上辣椒面、花椒面和味精抓拌均匀。
6 加上香菜搅拌均匀。
7 面粉5:8的比例加水搅拌成面浆。
8 先将模具勺子裹上一层面浆。
9 油温6成，放到锅里炸至起泡（约10秒钟）。
10 再在勺子里面装上拌好的萝卜丝。
11 淋上小半勺面浆。
12 在油锅里炸一分钟脱开模具，再将两面炸至金黄。
13 Ok，外酥内嫩的萝卜丝粑就可以出锅装盘了。"
665951,https://home.meishichina.com/recipe-665951.html,辣皮子牛肉拌面,,,,"1 准备好食材。建议选用做小炒黄牛肉的那种部位。我是家里还有不少牛肉，就随便拿了一块牛腱子。
2 所有蔬菜洗净、切好。如果想辣一些，就不要把籽和茎去得太干净。牛肉片用生抽和生粉抓一下，腌制15分钟。
3 准备两个锅。一个炒浇头，另一个下面条。
4 多加油，油热后，先加入大蒜瓣、姜丝、洋葱爆香。之后再依次加入青红辣椒和香芹，保持大火翻炒。
5 中途加入生抽和盐，翻炒锅里的蔬菜，最后再加入提前炒好的牛肉片（忘拍照了）。中途防止干锅，可以少加一点清水。最后关火，撒上少量复合香辛料（干）盖上锅盖。
6 把下面条的水烧开，放入面条，煮透后关火。
7 家里的宽面不够，又混了一把挂面。
8 捞出面条，浇上辣皮子炒牛肉。
9 吃之前拌匀即可。（我做的没有店里那么油，偏清爽一些。）"
665921,https://home.meishichina.com/recipe-665921.html,炒时蔬,香菇：适量 | 胡萝卜：1根 | 西兰花：适量,蒜蓉：适量,食用油：适量 | 料酒：适量 | 生抽：适量 | 盐：适量 | 淀粉水：适量,"1 将各种蔬菜洗净，切件并焯水。
2 锅中放适量的食用油烧热，下入蔬菜，放入料酒、生抽、盐翻炒。
3 放入蒜蓉翻炒。
4 加入淀粉水翻炒出锅。
5 盛入盘中，颜色美观、富有营养。"
665906,https://home.meishichina.com/recipe-665906.html,肉丝炒丝瓜,里脊肉丝：适量,丝瓜：1根 | 蒜蓉：适量,食用油：适量 | 料酒：适量 | 生抽：适量 | 盐：适量,"1 将丝瓜切成丝，蒜蓉。
2 锅中放入适量的食用油烧热，下入肉丝，加入料酒、生抽翻炒盛出。
3 下入丝瓜，盐、翻炒，放入炒好的肉丝翻炒出锅即可。
4 菜品盛入盘中，鲜香味美。"
665917,https://home.meishichina.com/recipe-665917.html,清蒸鲈鱼,鲈鱼：一条,姜：8片 | 葱：2棵 | 红尖椒：1个,盐：2克 | 胡椒粉：2克 | 生抽：2勺 | 花生油：2勺 | 料酒：2勺,"1 姜葱切段放入碗内，加两大勺料酒揉搓几下。
2 鲈鱼一条洗杀好，处理干净擦干表面水份。
3 姜葱料酒均匀涂抹鱼身，然后腌制5分钟。
4 葱白、葱叶、红椒分别切成细丝。
5 取一盘子放入姜片，两侧再垫两根筷子，这样能让鱼熟得均匀。
6 鲈鱼摆盘，撒上少量盐和胡椒粉（不喜欢胡椒味可省略）。
7 锅里烧开水，放入盘子上盖大火蒸5分钟，再改小水蒸3分钟。
8 出锅后将盘子的汤汁倒掉。
9 沿盘子四周淋上生抽或蒸鱼豉油，鱼身摆上葱丝和红椒丝。
10 淋上两勺热油，成品图。"
665886,https://home.meishichina.com/recipe-665886.html,香煎猪排,梅花肉：500g,洋葱：适量 | 生姜：适量 | 啤酒：1罐,香辣蘸料：适量 | 椒盐粉：2勺 | 耗油：2勺 | 生抽：2勺 | 食用油：适量 | 淀粉：适量,"1 将梅花肉洗净切成1～2cm厚片，姜、洋葱切丝备用。
2 用刀背轻拍肉片，让肉质松散更易入味；
3 将肉片倒入啤酒中浸泡20分钟，泡出血水后冲洗干净。
4 加入椒盐粉、耗油、生抽、姜丝、洋葱丝抓匀，再放少量淀粉拌匀。
5 淋入少许食用油，封油后腌制1小时。
6 平底锅小火放油，肉片下锅慢煎，两面煎至金黄微焦即可盛出。
7 可剪成适合吃的大小，美味又健康"
665889,https://home.meishichina.com/recipe-665889.html,啫啫排骨四季豆,排骨：约400克 | 四季豆：约300克,姜片：约10片 | 红葱头：4粒 | 蒜头：3粒,甜面酱：1/2大勺 | 海鲜酱：1/2大勺 | 豆豉酱：1/2大勺 | 白糖：1小勺 | 味极鲜：1小勺 | 胡椒粉：1/3小勺 | 黄酒料酒：1大勺,"1 把排骨冲洗，冲至血水干净，沥水备用；
2 砂煲放底油，倒入四季豆，中慢火煸至断生，盛起；
3 放入排骨，升中慢火；
4 把排骨煎至底面微焦黄，转小火再煎一小会；
5 在加热排骨时腾出手来把蒜头剁成末、红葱头和生姜切片；
6 把排骨拨在一边，再加适量底油，加入红葱头、生姜片和蒜末，爆香；
7 中大火，加入甜面酱1/2大勺、海鲜酱1/2大勺、豆豉酱1/2大勺，搅拌中爆香；
8 倒入四季豆，翻拌，加入白糖1小勺、味极鲜1小勺、胡椒粉1/3小勺、不断翻拌约5分钟，临尾在锅边淋入黄酒料酒1大勺，再翻拌均匀，此时煲内嗞嗞有声，香味四溢，啫煲完成，上菜。"
662223,https://home.meishichina.com/recipe-662223.html,豉汁蒸排骨,排骨：适量,豆豉：适量 | 蒜末：适量 | 生姜：适量 | 葱：适量 | 面粉：少量,生抽：3小勺 | 蚝油：半勺 | 白砂糖：适量 | 生粉：适量,"1 排骨放少量面粉，加水，洗干净血水。
2 滤水待用。
3 碗里放蒜末，豆豉，生姜浇热油。
4 放三勺生抽，半勺蚝油，少量白砂糖，搅拌均匀。
5 倒入排骨里，加适量生粉搅拌均匀，腌制20分钟。
6 腐竹泡软铺入盘中。
7 排骨平铺在腐竹上面。
8 冷水入蒸锅，水烧开后蒸20分钟，撒葱即可。"
665622,https://home.meishichina.com/recipe-665622.html,红烧肉,五花肉：适量,姜粉：适量 | 花椒粉：少许 | 大料：半个 | 桅子：3个(上色) | 白芷：2个 | 草果：1个,食用油：适量 | 白糖：适量(炒糖色上色) | 红烧酱油：适量 | 红腐乳汁：适量(上色),"1 五花肉洗净处理干净，切成块。
2 锅中加入底油，放入适量的白糖炒糖色后，放入五花肉块。
3 再加入热水，放入姜粉、花椒粉、草果、白芷、大料、桅子果(上色)。
4 再加入葱段，姜片、盐炖制。
5 加入红腐乳汁(起到上色效果)。
6 最后根据情况加少许盐，收浓汁(颜色很美观)。
7 一盘颜色红亮美观，肥而不腻、入口即化、醇厚的肉香与浓郁酱汁交织，令人回味无所谓穷。"
665840,https://home.meishichina.com/recipe-665840.html,清炒茼蒿,茼蒿：适量,,食用油：适量 | 料酒：少许 | 盐：适量,"1 这个茼蒿很嫩，反复洗净控水，切长段。
2 锅中放入食用油烧热，下入茼蒿段，加少许料酒，快递翻炒。
3 加适量盐出锅。
4 盛入盘中，颜色碧绿，家人喜欢吃这道菜。"
665841,https://home.meishichina.com/recipe-665841.html,蒜蓉线茄,线茄：三个,蒜：适量,花生油：适量 | 盐：适量,"1 蒜蓉备用。
2 新鲜的线茄。
3 洗净，去蒂，切好备用。
4 锅烧热放适量油，倒入蒜蓉炒出香味，再倒入线茄加适量盐，翻炒片刻即可。
5 出锅装盘。
6 蒜香可口。"
665826,https://home.meishichina.com/recipe-665826.html,清蒸石斑鱼,石斑鱼：1条,葱段：适量 | 茴香叶：适量,食用油：适量 | 盐：适量 | 姜黄粉：少许 | 水淀粉：少许 | 白灼汁：适量,"1 将石斑魚处理干净，加入适量的料酒、盐、腌制10分钟，加入白灼汁、葱段一食用油，水开后蒸10分钟。
2 取出蒸好的石斑魚，倒出其汤汁。
3 锅中加入少许食用油，盐、姜黄粉、淀粉水烧开。
4 淋入石斑魚上即可，不仅颜色美观、而且肉质鲜美。"
665830,https://home.meishichina.com/recipe-665830.html,山药胡萝卜炒红椒,胡萝卜：1根 | 山药：半根,红彩椒：半个 | 葱花：适量,食用油：适量 | 鸡精：少许 | 盐：适量 | 料酒：适量,"1 将胡萝卜、山药去皮切斜片。
2 焯水待用。
3 锅中放入适量的食用油烧热，下入山药胡萝卜片翻炒。
4 放入料酒，红彩椒翻炒。
5 加入适量的盐，葱花翻炒出锅。
6 一盘色彩鲜艳，三种食材的蔬菜营养丰富。"
665779,https://home.meishichina.com/recipe-665779.html,掌中宝,掌中宝：适量,白芝麻：适量 | 青红椒：适量 | 蒜末：适量 | 洋葱末：适量 | 生姜：2片 | 葱：适量,盐：2g | 生抽：1勺 | 老抽：几滴 | 糖：少量 | 蚝油：1勺 | 白胡椒粉：适量 | 玉米淀粉：适量 | 料酒：2勺 | 孜然粉：适量 | 孜然粒：适量,"1 掌中宝加生姜，葱，生抽，蚝油，老抽，料酒，糖，盐，胡椒粉，孜然粉，玉米淀粉搅拌匀腌制片刻。
2 准备好蒜末，洋葱末，青红椒。
3 挑去生姜葱，过滤水。
4 锅里放多些油，放入掌中宝。
5 炸至焦黄，盛出。
6 留些底油，翻炒蒜末洋葱末。
7 加入掌中宝翻炒片刻（让掌中宝有洋葱的香味）。
8 放入青红椒翻炒，放一勺生抽，撒适量孜然粉和孜然粒。
9 盛盘即可。"
664942,https://home.meishichina.com/recipe-664942.html,清炒藕片,两个莲藕：适量,葱断：适量,盐：适量,"1 准备两个莲藕，这里都准备哪些可以留着下次炒。
2 莲藕去皮。
3 削成这样的片片，放一点醋，防止它变黑。
4 起锅烧水下藕片，煮至半熟。
5 放一点猪油。
6 油热下蒜片。
7 下藕片。
8 加葱段炒制均匀，加盐出锅。"
665822,https://home.meishichina.com/recipe-665822.html,茭白小炒,茭白：2根 | 胡萝卜：1根 | 腊肉或鲜肉：一小块,葱丝：适量 | 姜丝：适量,盐：适量 | 生抽：适量,"1 主材好下，要是配米饭，建议用新鲜肉（肉只要一小块）。
2 全部切丝，胡萝卜丝略粗，茭白丝略细。
3 放少许油，下姜丝，肉丝（鲜肉丝，要提前放酱油和淀粉腌制一会）。
4 膜肉丝出油时微黄时，放酱油爆炒一下。
5 放葱丝，胡萝卜丝略翻炒几个。
6 放茭白丝再炒。
7 两丝都有些软了，最后放些青葱丝（可以放耗油或是味精提个鲜，鲜肉丝这步要加盐）。
8 起锅装盘。"
665813,https://home.meishichina.com/recipe-665813.html,蒸大马哈鱼,大马哈鱼：适量,葱花：适量,食用油：适量 | 料酒：适量 | 盐：适量 | 白汁汁：适量,"1 大马哈魚处理干净，加入适量的料酒盐腌制10分钟入味、再加入白灼汁。
2 锅中水烧开，放入蒸魚盘蒸制10分钟。
3 蒸制好的大马哈魚肉质鲜美，纹理清晰、营养丰富。"
665452,https://home.meishichina.com/recipe-665452.html,炸南瓜片,南瓜片：适量 | 鸡蛋：1个,白芝麻：适量 | 面粉：一勺 | 玉米淀粉：一勺,,"1 南瓜切薄片。
2 放一个鸡蛋和适量白芝麻，再放适量油。
3 舀一勺面粉和一勺玉米淀粉，拌匀成糊糊状。（如果好稀，再加面粉和玉米淀粉；好稠，就加水）
4 油锅五成热，放入南瓜，一片一片放入。
5 炸至两面金黄。
6 起锅滤油。
7 盛盘，趁热吃。可以沾番茄酱吃。"
665802,https://home.meishichina.com/recipe-665802.html,兰豆炒鱿鱼,鱿鱼：约300克 | 兰豆：200克,蒜茸：1大勺 | 姜丝：1撮 | 红葱头：3粒 | 洋葱：1/4个,,"1 把鱿鱼去眼去骨，在有骨的那面朝上，刀斜60°左右，轻划斜线，但不能到底；
2 再把整块鱿鱼转90°，再轻划斜线，也不能到底；
3 把鱿鱼切块；
4 把蒜茸、姜茸和红葱头准备好；
5 把鱿鱼放入碗里，加精盐1/2小勺、黄酒料酒1/2大勺、胡椒粉1/3小勺、生粉1/2大勺，抓腌，静置10分钟或以上；
6 洋葱切片，兰豆撕去丝去头去尾；
7 锅置炉上，把水烧开，倒入鱿鱼块，转动几下，捞出沥水；
8 锅热放底油，放入兰豆和洋葱片，翻炒成五成熟；
9 把兰豆和鱿鱼拨在一边，再加花生油1大勺，倒入蒜茸、姜丝和红葱头，爆香；
10 倒入鱿鱼片，点入精盐1/2小勺、黄酒料酒1/2大勺、胡椒粉1/3小勺，快速兜几下，再在锅边淋入味极鲜攒锅气，快速翻炒均匀，出锅、上菜、享用。"
665800,https://home.meishichina.com/recipe-665800.html,干菜鸭腿,鸭腿：2个 | 干菜：2颗 | 椰枣：2个,八角：2个 | 花椒：1小把,料酒：1大勺 | 老抽：2匙 | 盐：1小匙 | 橄榄油：5ml,"1 锅内放植物油5ml左右，油热放入剁成块状鸭腿肉，翻炒出油脂，加入料酒八角花椒，翻2下均匀，加老抽和适量水，和鸭腿肉齐平，盖盖焖煮15分钟左右，加入提前泡发1小时左右的干菜，加入盐，继续盖盖焖煮10分钟。
2 加入椰枣，煮2-3分钟并收汁，完成。"
665793,https://home.meishichina.com/recipe-665793.html,牛仔骨贴饼子,牛仔骨：适量 | 玉米面：适量,土豆：适量 | 四季豆：适量 | 宽粉：适量,,"1 牛仔骨炒香，放入土豆块，宽粉，四季豆，炖软。
2 玉米面饼子贴在锅边。
3 焖十分钟。
4 饭菜一锅出，粗粮更健康～"
665786,https://home.meishichina.com/recipe-665786.html,红葱头炒鸡,鸡块：约600克,红葱头：约20粒 | 姜片：约15克 | 蒜头：10粒,酱油膏：1.5大勺 | 蚝油：1/2大勺 | 精盐：1/4小勺 | 胡椒粉：1/2小勺 | 黄酒料酒：1大勺,"1 鸡块冲去血水；
2 把鸡块的水吸干；
3 生姜切成片、红葱头去头去尾剥衣、蒜头横切一分为二；
4 锅放适量底油，倒入鸡块煸干水后盛起；
5 再起锅，锅热放油，加入姜片葱头蒜头，爆香；
6 倒入鸡块，兜几下；
7 加入酱油膏1.5大勺、蚝油1/2大勺、精盐1/4小勺、胡椒粉1/2小勺、黄酒料酒1大勺，加清水约2大勺，收小火，盖盖子约10分钟；
8 时间到后翻炒至水干，出锅上菜。"
665771,https://home.meishichina.com/recipe-665771.html,蒜蓉粉丝蒸娃娃菜,娃娃菜：2颗,粉丝：50g | 老姜：15g | 大蒜：10颗 | 大葱：2根 | 剁椒酱：1勺 | 葱花：5g,蚝油：2匙 | 食用油：1勺 | 味精：2匙 | 白糖：2匙 | 陈醋：2匙 | 生抽：1匙,"1 娃娃菜洗净十字切两刀。
2 开水下锅汆30秒。
3 起锅摆盘。
4 粉丝用温水泡15分钟，沥干水分摆盘。
5 葱姜蒜切末备用。
6 油温八成，放入葱姜蒜末和剁椒酱爆香，加入醋，白糖，蚝油和味精，用生抽微调咸味。
7 将炒好的料汁淋到粉丝上面，上锅蒸十分钟。
8 撒上葱花，淋一勺热油就可以出锅了。"
665772,https://home.meishichina.com/recipe-665772.html,避风塘梭子蟹,梭子蟹：3只,日式面包糠：60g | 姜片：10g | 干辣椒碎：10g | 豆豉：5g | 蒜末：6颗,盐：适量 | 椒盐：1g | 料酒：15ml | 白胡椒粉：2g | 淀粉：2勺 | 白糖：3g,"1 鲜活母梭子蟹300-400g/只，壳宽≥15cm、蟹膏橘红、蟹脚有力。掀开脐盖，去腮、去胃（三角包）、去心（六角片），保留蟹膏。
2 蟹身分4块，蟹钳刀背拍裂，切口蘸薄层马铃薯淀粉锁汁防碎；
3 盐3g+花雕酒15ml+白胡椒粉1g+姜片10g，加少量淀粉调汁，冷藏腌制15min去寒增香。
4 油温烧至180度，蟹身下锅炸两分钟捞出备用。
5 油温烧至200度，下锅炸30秒钟捞起，蟹壳可单独下锅，炸到变色后做装饰，成品更金黄。
6 金蒜:冷油下蒜末（1头/蟹），≤150℃小火慢炸至微黄，立刻捞出，余温会继续加深颜色，防止焦苦。炒糠：余油放干辣椒碎+豆豉（可选）爆香，倒入粗粒日式面包糠40-50g，中火加盐2g、糖3g、椒盐1g，持续翻炒至金黄蓬松、颗粒分明。
7 炸蟹倒回锅中，与金沙料一起掂锅或翻拌20秒即可离火；时间过长面包糠吸潮，壳就不脆了。
8 最后可以撒葱花、红椒粒点缀，出锅摆盘。"
665773,https://home.meishichina.com/recipe-665773.html,蟹黄虾仁,青虾：300g,小葱花：2g | 咸蛋黄：4个,盐：1g | 胡椒粉：2g | 料酒：3g | 白糖：1匙 | 淀粉：2匙 | 黄油：1勺 | 食用油：适量,"1 青虾或者基围虾去壳去掉虾线，背部开边用厨房纸吸干水份备用。
2 虾仁放入料酒、胡椒粉、盐和淀粉抓拌均匀，腌制10分钟。
3 热锅凉油，下虾仁快速翻炒至变色，盛出备用。
4 咸蛋黄上锅蒸5分钟放凉捣碎。
5 热锅放入黄油、咸蛋黄翻炒，小火炒香起泡沫、翻沙。
6 倒入虾仁，轻轻翻炒，让虾仁均匀裹上蟹黄酱，加少许糖提鲜，尝味后决定是否加盐。
7 撒上葱花。
8 出锅装盘。"
665769,https://home.meishichina.com/recipe-665769.html,香煎多宝鱼,鲜活多宝鱼：500-600g,,食盐：2勺 | 料酒：2勺 | 胡椒粉：2匙 | 天妇罗粉：80g | 食用油：适量,"1 多宝鱼洗干净，打十字花刀，码上盐、胡椒粉和料酒，腌制15分钟备用。
2 天妇罗粉兑水调成糊状，将多宝鱼裹匀腌制15分钟。
3 起锅烧油，180度油温炸至两面金黄。
4 起锅装盘就可以享用了。"
665758,https://home.meishichina.com/recipe-665758.html,炒辣椒秧子,辣椒秧：300g,大蒜瓣：3颗,干辣椒：10g,"1 嫩辣椒秧子摘回来。
2 浸泡洗净。
3 水开焯20秒迅速过凉，攥干水分。
4 油热炸香干辣椒和花椒，加入生抽，醋，浇在辣椒秧上，放入蒜末，拌匀开吃！清脆爽口！"
665755,https://home.meishichina.com/recipe-665755.html,青红椒豆腐,老豆腐：一块,青椒：一个 | 红椒：三个 | 蒜瓣：三个,食用油：适量 | 盐：适量 | 生抽：适量,"1 准备好食材，一块老豆腐青红椒。
2 青红辣椒切丝备用，蒜瓣切片。
3 豆腐切块备用。
4 热油下锅豆腐煎。
5 豆腐一边煎好后再翻一面煎，同时放盐。
6 把煎好的豆腐铲起来装盘备用。
7 锅热下油倒入青红椒蒜瓣。
8 再倒入豆腐翻炒。
9 翻炒均匀到入生抽就好了。
10 成型。"
665750,https://home.meishichina.com/recipe-665750.html,鱼头泡饼,鱼头：适量（我用的罗非鱼）,五花肉片：适量,八角：适量 | 花椒：适量 | 干辣椒：适量 | 葱姜蒜：适量 | 郫县豆瓣酱：适量 | 香醋：适量 | 生抽：适量 | 老抽：适量 | 盐：适量 | 糖：适量 | 味精：适量 | 白胡椒粉：适量 | 啤酒：适量,"1 将鱼洗净从中间破开。改一下花刀。
2 锅中放入适量油，将鱼煎至两面金黄。
3 盛出备用。
4 锅中放入五花肉片炒出油脂，下入葱姜蒜、花椒、八角、干辣椒炒出香味。
5 加入郫县豆瓣酱炒出香味。
6 烹入香醋，加入生抽、老抽、适量清水，半瓶啤酒，大火煮开熬出料香味。
7 下入煎好的鱼肉。不盖盖先煮七八分钟去腥。
8 加入白糊椒粉、盐、糖、味精定好味。
9 盖上锅盖，留个小缝转小火炖30分钟。
10 炖鱼时烙葱油饼。
11 鱼炖好后，挑出香料，多留些汤汁，配上切块的葱油饼即可。"
665748,https://home.meishichina.com/recipe-665748.html,白灼竹笋虾,竹笋：适量 | 虾仁：适量,,蒸鱼豉油：适量 | 葱：适量 | 油：适量 | 盐：适量,"1 竹笋清洗一下泡半个小时。
2 锅里水烧开，加入油和盐下入竹笋，开锅后焯5分钟。捞出过凉水沥干水分。
3 虾仁开背去虾线、焯熟。
4 摆入盘中。
5 葱切细丝在凉水中泡一下。点缀在虾上。
6 蒸鱼鼓油加水熬开浇在菜上。
7 用热油激一下即可。"
665747,https://home.meishichina.com/recipe-665747.html,鱼香西葫芦,西葫芦：适量,五花肉片：适量,郫县豆瓣酱：适量 | 葱姜蒜末：适量 | 盐：适量 | 料酒：适量 | 糖：适量 | 陈醋：适量 | 老抽：适量 | 香油：适量 | 水淀粉：适量,"1 西葫芦切成四瓣，片去瓤。我用了2个。
2 切成条，加入盐杀一下水。
3 淘洗一下，沥干水分。
4 锅中加少许底油，下入五花肉片炒至变色。下入葱姜蒜末和郫县豆瓣酱炒出香味。
5 烹入料酒，加入醋、白糖、一点点老抽定好味。
6 下入西葫芦条翻炒均匀。
7 勾入适量水淀粉炒匀。
8 淋入少许香油，出锅即成。"
665746,https://home.meishichina.com/recipe-665746.html,粤式豉油乳鸽,乳鸽：2只,豉油鸡浸泡汤汁：500ml | 清水：750ml,生抽：1大勺 | 松茸鲜：1小勺 | 冰糖：10克 | 芝麻油：1/2大勺,"1 把乳鸽治净，用风扇吹15分钟左右；
2 乳鸽去头去脚，放入装了豉油鸡浸泡汤汁500ml、清水750ml的汤汁里，背朝下，再加生抽1大勺、松茸鲜1小勺、冰糖10克补味，开中火；
3 待汤汁烧开后收小火，呈现虾眼水状态，煮7分钟；
4 翻转乳鸽，再煮7分钟；
5 盖上盖子，收火，静置10分钟；
6 测试乳鸽熟的程度，乳鸽比鸡只小，比较容易熟，将筷子插入最厚的肉里没血水出即可，用探肉针感觉不太合适，因为肉薄，探针接触的面积不够，温度不准确，跟着刷一层芝麻油；
7 晾凉乳鸽后斩件即可享用。Enjoy!"
665745,https://home.meishichina.com/recipe-665745.html,酸汤小酥肉,小酥肉：适量,炸豆腐：适量 | 黑木耳：适量 | 西红柿：适量 | 蒜苗：适量 | 香菜：适量,葱姜蒜末：适量 | 干辣椒段：适量 | 陈醋：适量 | 生抽：适量 | 味精：适量 | 盐：适量 | 白胡椒粉：适量,"1 炸些小酥肉和豆腐片备用。
2 锅中加入少许底油，下入葱姜蒜末、干辣椒炒出香味。
3 加入少许面粉炒香。
4 下入去皮的西红柿块炒出沙，加入适量水烧开。
5 加入小酥肉、豆腐丝、黑木耳再烧开后炖五六分钟。
6 调入盐、味精、白胡椒粉、生抽、陈醋定好味。
7 出锅撒上蒜苗和香菜即可。"
665744,https://home.meishichina.com/recipe-665744.html,把子肉,五花肉：适量,鹌鹑蛋：适量 | 尖椒：适量,冰糖：适量 | 生抽：适量 | 老抽：适量 | 料酒：适量 | 盐：适量 | 味精：适量 | 姜片：适量 | 葱段：适量 | 蒜瓣：适量,"1 炒糖色：锅中加入少许底油，下入冰糖，出现大泡时离火，用余温继续炒。
2 炒至糖浆变成枣红色。
3 放微凉后加入开水，再放置火上熬融熬开，糖色就做好了。离火放凉后再加水不容易喷溅。
4 五花肉切大片。
5 锅中加少许底油，下入肉片煎至两面金黄盛出备用。
6 下入鹌鹑蛋煎至起虎皮盛出备用。
7 尖椒煎至起虎皮盛出备用。
8 锅中不放油，把清水洗好的香料下入焙炒，炒干。
9 然后加入少许油，下入姜片、葱段、蒜瓣炒出香味。
10 下入五花肉片翻炒，烹入料酒。
11 加入糖色，加生抽、一点点老抽、少许冰糖，开水，开盖大火煮5分钟。（能吃辣的可以放些干辣椒）
12 盖上锅盖，转小火炖1-1.5小时。
13 下入鹌鹑蛋和尖椒。加入盐和味精定好味再炖20分钟。最后把汤汁收浓即可。"
665743,https://home.meishichina.com/recipe-665743.html,面炕辣椒,线椒：适量,鸡蛋：适量 | 面粉：适量,盐：适量 | 十三香：适量,"1 线椒切圈，加入一个鸡蛋，适量盐、少许十三香搅拌均匀。
2 少量多次加入面粉，让每个辣椒上都裹满面粉。
3 锅中加适量油，油热后下入辣椒。用铲子把辣椒铺均匀，用小火慢炕。
4 待底面上色后翻面，炕至两面金黄，用铲子炒散即可。
5 用饼卷起来又香又辣很好吃。"
665742,https://home.meishichina.com/recipe-665742.html,蒸豆腐果塞肉,豆腐果：180g（大） | 猪绞肉：300（肥瘦相间）,蚕豆瓣：100g | 小尖椒：1根 | 生姜：4-5片 | 鸡蛋：1颗 | 咸肉：3-4片 | 葱：少量,白糖：1/2匙 | 生抽：2勺 | 花椒粉：少许 | 盐：1匙,"1 准备好所有食材。请忽略百叶结，没用。
2 肥瘦相间的猪绞肉里加入鸡蛋、生姜末、白糖、生抽和少许花椒粉，充分搅拌至均匀。
3 咸肉切条，生姜切丝、小尖椒切小段，还剩一点葱也一起切了。蚕豆瓣洗净滤水。
4 豆腐果里塞入调好的肉馅。
5 每一个都鼓鼓的。
6 准备蒸锅，并摆盘。
7 依次把食材全部摆好。
8 上锅隔冷水蒸25分钟。
9 出锅吃当心肉馅很烫??"
665739,https://home.meishichina.com/recipe-665739.html,脆皮烤鸡腿,大鸡腿：适量,土豆：适量 | 香菇：适量 | 西兰花：适量 | 洋葱：适量,葱姜片：适量 | 料酒：适量 | 新奥尔良腌料：适量 | 蜂蜜：适量 | 黑胡椒粉：适量,"1 鸡腿泡一下，泡去血水，沿着骨头的两侧剪开以方便入味、烤透。
2 用签子扎一下，加入葱姜片、料酒和奥尔良腌料腌制3小时。
3 西兰花焯水捞出沥干水分。
4 所有辅料喷一层油，撒上黑胡椒粉（盐可不放或少放。烤鸡腿时流下的汤汁也咸）。把土豆、香菇和洋葱先放在烤盘里。
5 铺上鸡腿。放入烤箱中下层180度烤30分钟。
6 取出后摆上西兰花，蜂蜜加一点点水稀释一下，刷在表皮上，再烤15分钟即可。"
665738,https://home.meishichina.com/recipe-665738.html,蒜蓉虾尾,小龙虾尾：适量,,大蒜：适量 | 香葱：适量 | 葱片：适量 | 料酒：适量 | 白胡椒粉：适量 | 盐：适量 | 味精：适量 | 生抽：适量 | 啤酒：适量,"1 大蒜（多一点）用料理机打碎清洗一下。攥干水分备用。
2 虾尾加入姜片和料酒焯一下水。
3 过一下凉水，控干水分。
4 锅中多加点油，开大火把虾尾煸炒一下。有条件的用油炸最好。
5 锅中加入少许底油，下入2/3的蒜蓉小火煸炒。
6 炒至微微金黄时加入蚝油、生抽炒香。
7 加入虾尾翻炒均匀，加入盐、味精、适量啤酒和水，转大火烧开散发一下啤酒味。
8 然后盖上锅盖，转小火焖煮10分钟。最后加入剩下的1/3生蒜末，用大火收一下汁。
9 待汤汁粘稠撒上香葱碎出锅即可。"
665735,https://home.meishichina.com/recipe-665735.html,熏鱼,草鱼或黑鱼：适量,,八角：适量 | 花椒：适量 | 桂皮：适量 | 陈皮：适量 | 香叶：适量 | 栀子：适量 | 葱姜：适量 | 盐：适量 | 白糖：适量 | 米醋：适量 | 味精：适量 | 生抽：适量 | 老抽：适量,"1 准备好五香料：八角、花椒、桂皮、陈皮、香叶、栀子（用刀拍碎），用水清洗一下备用。
2 黑鱼或草鱼去头，剁成条状，加入葱姜丝、盐、味精、生抽腌制20分钟。
3 下锅炸至焦香，呈枣红色。
4 锅中加入适量底油，下入葱姜片、五香料炒出香味。
5 加入白糖，米醋。
6 生抽、老抽、盐，一点点水定好味，大火烧开转小火?制约5分钟。
7 捞出料渣。
8 再把汤汁?至浓稠。
9 下入炸好的鱼块。快速翻拌均匀。
10 加入香油或明油出锅即可。"
665731,https://home.meishichina.com/recipe-665731.html,木耳炒山药,山药：100克 | 胡萝卜：100克 | 干木耳：10克,,稻米油：15毫升 | 生抽：1勺 | 水：适量,"1 炒锅内倒入15毫升稻米油。
2 先将100克胡萝卜片放入煸炒至断生。
3 放入汆烫泡发好的黑木耳，煸炒均匀。
4 加入适量的清水。
5 盖上锅盖炖煮5分钟。
6 放入100克山药片继续炖煮2分钟。
7 淋上一勺生抽。
8 翻炒均匀即可出锅。"
665730,https://home.meishichina.com/recipe-665730.html,浇汁西葫芦,西葫芦：适量,虾仁：适量,蒜末：适量 | 小米辣：适量 | 生抽：适量 | 陈醋：适量 | 盐：适量 | 糖：适量 | 味精：适量 | 香油：适量,"1 西葫芦擦成长一点的丝。
2 摆成一个圈。
3 虾仁开背焯熟。
4 摆在中间。
5 取一容器，放入蒜末和小米辣，用热油炝出香味。加入生抽、陈醋、糖、盐、味精、香油拌成料汁。
6 浇在盘中即可。"
665728,https://home.meishichina.com/recipe-665728.html,酸菜鱼,黑鱼：适量,酸菜：适量,葱姜：适量 | 料酒：适量 | 盐：适量 | 糖：适量 | 味精：适量 | 白胡椒粉：适量 | 泡椒：适量 | 干辣椒：适量 | 白芝麻：适量 | 香菜：适量 | 玉米淀粉：适量 | 蛋清：适量 | 花椒：适量,"1 黑鱼收拾干净片取鱼片，控干水分。
2 加入盐、白胡椒粉，料酒、葱姜丝、蛋清、淀粉抓拌均匀，最后加入油腌制20分钟。
3 鱼骨、鱼头剁成块。
4 酸菜改刀，淘洗去多余的盐份。
5 小米辣、姜、蒜、泡椒改刀。
6 锅中加入少许底油（也可以加点猪油），下入鱼骨鱼头煎至两面金黄，下入小料炒出香味。
7 下入酸菜翻炒均匀。
8 加入开水。
9 加入白醋、盐、糖、味精、白胡椒粉定好味。
10 依个人口味，取适量金针菇烫一下
11 放入盆中打底。
12 捞出酸菜和鱼骨倒入盆中。
13 关小火，均匀下入鱼片烫熟。
14 倒入盆中，撒上香葱、蒜末、干辣椒段、白芝麻，用花椒炸过的油激一下，撒上香菜即可。"
665722,https://home.meishichina.com/recipe-665722.html,盐焗味手撕鸡,鸡大腿：2条,,,"1 冷水下锅，加入鸡大腿，开中火；
2 煮至起浮沫，再煮三分钟左右或等浮沫充分漂出来，鸡腿出锅，用热水冲洗；
3 再开另一锅，放入生姜5片、红葱头5粒、香葱1棵、花椒1小勺、陈皮2片、小茴香1小勺、香叶2片、精盐2小勺，烧开，放入鸡大腿，中火煮20至30分钟或更长时间，总之是要把鸡大腿煮至断生，用冷开水冲洗；
4 晾凉鸡腿后手撕鸡肉成条；
5 把红萝卜、洋葱、黄瓜和香葱切成丝；
6 把切好的葱里的葱白入小锅，倒入花生油2大勺，改小火；
7 加入洋葱丝和红萝卜丝，搅拌几下，关火，再倒入盐焗鸡粉1/2大勺，再搅拌几下；
8 倒入盛鸡肉条的碗里，试味，不够咸可加上精盐1/3小勺、芝麻油1/2大勺和松茸鲜1小勺；
9 翻拌均匀可供食用。Enjoy!"
665717,https://home.meishichina.com/recipe-665717.html,剁椒蒜苗炒猪肝,猪肝：适量 | 蒜苗：适量,剁椒：适量 | 姜片：适量 | 淀粉：适量 | 葱段：适量,油：适量 | 盐：适量 | 味精：适量,"1 猪肝洗净，放入淀粉和剁椒。
2 我用的这款剁椒酱。
3 热油爆香姜片。
4 炒香蒜苗，我喜欢吃软软的，所以我先炒蒜苗。
5 翻炒2分钟，放入腌好的猪肝。
6 加入适量的盐和味精，翻炒片刻即可。
7 出锅啦！"
665711,https://home.meishichina.com/recipe-665711.html,煎豆腐炒包菜,包菜：适量 | 豆腐：适量,干辣椒：适量 | 花椒：适量 | 姜片：适量 | 葱段：适量,油：适量 | 盐：适量 | 味精：适量,"1 豆腐先煎一下捞出备用。
2 热油爆香姜片干辣椒和花椒。
3 放入手撕的包菜。
4 放入适量盐和味精翻炒两分钟至软。
5 然后放入备用的豆腐。
6 差不多啦。
7 包菜新吃法。"
665683,https://home.meishichina.com/recipe-665683.html,炖石斑鱼,石斑鱼：1条,开水：适量 | 芹菜叶(点缀)：3片,食用油：适量 | 生抽：适量 | 红烧酱油：适量 | 料酒：适量 | 姜粉：适量 | 鸡精：适量,"1 石斑魚去鳞、去鳃、去内脏洗净。
2 锅中炝锅后加入开水及调料，放入石斑魚炖制。
3 收汁浓稠，加少许鸡精即可出锅。
4 将石斑魚盛入点盘中，芹菜叶点缀，石斑魚肉质细嫩、汤汁浓稠入味。"
665704,https://home.meishichina.com/recipe-665704.html,青瓜腰果虾仁,黄瓜：适量 | 腰果：适量 | 虾仁：适量,,葱姜蒜末：适量 | 盐：适量 | 白胡椒粉：适量 | 玉米淀粉：适量 | 香油：适量 | 味精：适量,"1 黄瓜去皮切成四瓣，去瓤切菱形状。
2 腰果加上适量油用空气炸锅炸熟。
3 虾仁开背，冷水下锅，加少许盐，氽烫一下。
4 下入黄瓜段。
5 开锅后捞出沥干水。
6 取碗一个，放入盐、白胡椒粉、味精、少许水，淀粉，搅拌均匀。
7 锅中加入少许底油，下入葱姜蒜末炒香。
8 下入虾仁黄瓜煸炒一下。
9 倒入碗汁，翻炒均匀。
10 倒入腰果，淋上点香油即可。"
665699,https://home.meishichina.com/recipe-665699.html,黄豆闷牛肋条,牛肋条：500g | 黄豆：50g,小西红柿：100g | 蒜瓣：5粒 | 辣椒：2粒 | 姜片：4片 | 八角：1粒 | 草果：1颗,蚝油：适量 | 白糖：1勺 | 生抽：适量,"1 牛肋排洗净切成块，焯水后捞出控水备用。
2 把各种配料备好，小火少油煎出香味后放入牛肋条翻炒片刻，加入适量的开水。
3 加入冻过的小西红柿，这个是比较酸的，所以要适量加些糖调味口感才更好。
4 加入蚝油、生抽煮开后放入电高压锅压半小时。
5 软烂入味，非常好吃哟。"
665694,https://home.meishichina.com/recipe-665694.html,炒腐竹,腐竹：适量,青红辣椒：适量 | 去皮五花肉：适量,盐：适量 | 白醋：适量 | 生抽：适量 | 老抽：适量 | 蚝油：适量 | 白胡椒粉：适量 | 料酒：适量 | 葱蒜：适量,"1 腐竹加温水、盐、白醋，盖上盖子泡发。
2 焯一下水。
3 五花肉、青红辣椒改刀。
4 锅中加入少许底油，下入五花肉片煸炒出油脂。加入葱蒜炒香。
5 烹入料酒，加一点老抽炒香炒至融合。
6 下入腐竹翻炒均匀。
7 加入生抽、蚝油、盐、白胡椒粉定好味。
8 加入少许清水略煮，让腐竹更加入味。
9 最后加入青红辣椒大火翻炒均匀即可。"
665692,https://home.meishichina.com/recipe-665692.html,王婆大虾,大虾：适量,土豆：适量 | 玉米：适量,盐：适量 | 糖：适量 | 白胡椒粉：适量 | 玉米淀粉：适量 | 郫县豆瓣酱：适量 | 火锅底料：适量 | 生抽：适量 | 十三香：适量 | 葱姜蒜：适量 | 味精：适量,"1 大虾剪去虾枪虾须，开背，挑去虾线，加入盐、糖、白胡椒粉、玉米淀粉腌制20分钟。
2 土豆切条加玉米淀粉拌匀
3 放入油锅中炸至金黄，捞出控油。
4 玉米煮熟改成条状。
5 锅中加少许底油，下入葱姜蒜炒出香味，加入郫县豆瓣酱和火锅底料炒出红油。
6 加入高汤或水烧开。
7 加入十三香、盐、糖、生抽、味精定好味。
8 下入土豆条和玉米段略煮。
9 捞出放入盆中垫底。
10 再倒入炸好的大虾，稍微收一下汁。
11 倒入盆中。放上香菜、撒上白芝麻即可。"
665689,https://home.meishichina.com/recipe-665689.html,粤味豉油鸡,清远鸡：约750克,陈皮：1块量 | 桂皮：1节手指量 | 甘草：3片 | 八角：1/4朵 | 生姜：8片 | 红葱头：5粒 | 葱白：5条,头抽：1/2杯 | 味事达：1/2杯 | 普通生抽：1杯 | 老抽：2大勺 | 冰糖：50克 | 精盐：1/2小勺 | 松茸精：2小勺 | 玫瑰露：2大勺 | 清水：4~5杯 | 芝麻油：1大勺,"1 把鸡只治净，鸡腔里要挖得清清楚楚干干净净；
2 用纸把鸡只擦干水；
3 用网筛把鸡托起来，下面也垫个通风的小篮子，这样鸡只上下都能通风了，用电风扇吹约30分钟。
4 准备好陈皮1块量、桂皮1节手指量、甘草3片、八角1/4朵、生姜8片、红葱头5粒、葱白5条；
5 放以上材料入煲，升中火，干煸出香味；
6 倒入头抽1/2杯、味事达1/2杯、普通生抽1杯、老抽2大勺、冰糖50克、精盐1/2小勺、松茸精2小勺、玫瑰露2大勺、清水4杯，开中大火烧开后收慢火煮15分钟；
7 把材料煮出味后用筛子把渣和浮沫4捞起；
8 捞起后汤汁就干净了，试味。
9 把汤汁烧到微滚，不要太沸腾，广东人叫虾眼水，放入鸡只，背朝下，浸8分钟；
10 翻转身肚朝下，再浸8分钟；
11 在浸鸡时用勺子不断浇汁在鸡身上面，再翻身背朝下浸5分钟，然后再翻转身肚朝下浸5分钟，在浸鸡时要不断浇汤汁在鸡上面，不可偷懒，汤汁不够可加热水1杯；
12 感觉鸡差不多熟了，用探肉针，插入肉最厚的地方，里面温度达约F175°F（80°C），在拔出探网针后的孔有无流出血水，如果还要血水就得再浸至断生为止；
13 关火，再把鸡放置侧身；
14 盖上盖子静置20分钟；
15 时间到后捞起沥干汤汁，在鸡表面涂一层芝麻油；
16 入冰箱冷冻；
17 食用时斩件，试味，感觉不够咸或不够味时可淋上浸鸡的汤汁。Enjoy!"
665677,https://home.meishichina.com/recipe-665677.html,洋葱炒肉片,洋葱：2个 | 猪肉片：150克,,菜籽油：10毫升 | 生抽：1勺 | 清水：200毫升,"1 炒锅内倒入10毫升菜籽油。
2 倒入洋葱丝。
3 煸炒至断生。
4 倒入1勺生抽。
5 倒入200毫升清水。
6 盖上锅盖炖煮5分钟，让洋葱丝变软变透明。
7 打开锅盖，倒入提前腌制好的猪肉片，盖上锅盖焖煮5分钟。
8 打开锅盖，翻炒均匀即可关火出锅。"
665668,https://home.meishichina.com/recipe-665668.html,花菇炒长香丝瓜,干花菇：10朵 | 长香丝瓜：一根,蒜：少许 | 红辣椒：少许,花生油：适量 | 盐：适量 | 白胡椒粉：少许 | 鸡精：少许,"1 新鲜的长香丝瓜。
2 洗净去蒂去皮，切滚刀块。
3 泡发好的花菇，挤出多余水分。
4 切片，备用。
5 切好的红辣椒和蒜，备用。
6 锅烧热放适量油，倒入红辣椒和蒜，爆香，再倒入花菇，翻炒片刻，继续倒入丝瓜加适量盐、少许白胡椒粉和鸡精调味，翻炒几下即可。
7 出锅装盘即食。
8 鲜香美味。"
665664,https://home.meishichina.com/recipe-665664.html,咸肉辣椒四季豆,四季豆：约300克 | 大辣椒：1条 | 咸肉：约100克,红葱头：2粒 | 蒜头：3~4瓣 | 姜末：1小勺,菜籽油：2大勺 | 精盐：2/3小勺 | 自研胡椒粉：1/4小勺 | 味极鲜：1小勺,"1 四季豆和大辣椒切丝；
2 咸肉清洗后吸干水，不去皮，切丝；
3 把红葱头切成四瓣，蒜头拍扁剁碎、姜切末；
4 起锅升中大火，锅热加菜籽油2大勺，倒入四季豆；
5 中火煸炒出水至断生，把豆丝拨在一边，把豆丝盛起留底油；
6 倒入咸肉丝煸炒至微焦，盛起出锅；
7 开中大火，油热加姜末、红葱头和蒜头，爆香；
8 倒入豆丝、椒丝和肉丝，点入精盐2/3小勺、胡椒粉1/4小勺，兜几下，再在锅边淋入味极鲜1小勺，以锅边攒起香气；
9 快速兜匀，出锅。Enjoy!"
665656,https://home.meishichina.com/recipe-665656.html,小银鱼摊鸡蛋,鸡蛋：3个,小银魚：适量,食用油：适量 | 料酒：适量 | 盐：适量,"1 鸡蛋打入碗中。
2 放入小银魚，料酒、盐、搅拌均匀。
3 锅中加入适量的食用油烧热，下入小银魚鸡蛋液，小火煎别制。
4 小火使其慢慢凝固，火大易焦。
5 换个锅，(上个锅口小，不方便翻面)。
6 煎的金黄的颜色好漂亮，翻面继续小火煎制另一面。
7 盛入盘中(今天阴天，桌上有点暗)实际颜色很漂亮，香气宜人，诱人食欲。
8 小银魚放排序第二。"
665616,https://home.meishichina.com/recipe-665616.html,金瓜汁海参,海参：8只,南瓜：适量,食用油：少许 | 料酒：少许 | 盐：适量,"1 南瓜洗净去皮切片，再蒸熟。
2 过滤成南瓜汁。
3 锅中放入底油，料酒、盐、倒入南瓜汁及少许淀粉水，小火烧开即可。
4 泡发好的海参，处理完成。
5 摆入盘中。
6 浇入刚做好的南瓜汁，颜色金黄，海参黑亮，口感韧弹、营养丰富。"
665386,https://home.meishichina.com/recipe-665386.html,醋炒鸡蛋,鸡蛋：4个,葱段：少许 | 蒜沫：少许 | 辣椒碎：少许,醋：少许,"1 4个鸡蛋打散，红剁椒酱，蒜也切碎。
2 再切点葱段，取一个碗调点料汁，放点剁辣椒酱，两勺酱油，两勺醋，鸡粉少许，胡椒粉少许，香油一勺，清水少许。
3 锅烧热下放少许油，4个鸡蛋分别打入锅中
4 煎制一面，定型之后再翻另外一面煎
5 倒入刚才调好的料汁
6 放入葱段，炒至均匀即可。
7 开胃又好吃的醋炒鸡蛋做好了！"
665605,https://home.meishichina.com/recipe-665605.html,小银鱼煎蛋,鸡蛋：3个,小银鱼：适量,食用油：适量 | 料酒：少许 | 盐：适量,"1 将鸡蛋打散。
2 小银鱼洗净去水份。
3 将锅中食用油烧热，鸡蛋液加入少许料酒、盐搅拌均匀倒入锅中，煎制两面金黄色盛出。
4 切两刀成4片装入盘中，既美观，又有营养。"
665653,https://home.meishichina.com/recipe-665653.html,金针菇炖热腾鱼,热腾鱼：2条 | 金针菇：150克 | 小葱：1根 | 生姜：2片,,菜籽油：15毫升 | 生抽：1勺 | 老抽：1勺 | 料酒：1勺 | 水：300毫升,"1 炒锅内倒入15毫升菜籽油，先放入2片生姜爆香。
2 放入处理好的热腾鱼。
3 倒入1勺料酒去腥增香。
4 倒入1勺生抽。
5 倒入1勺老抽。
6 倒入300毫升清水。
7 将金针菇铺在周围。
8 盖上锅盖大火煮开后转中火炖煮8分钟。
9 打开锅盖略微翻动一下，让其上色更均匀，撒上葱花即可关火出锅装盘。"
665633,https://home.meishichina.com/recipe-665633.html,甘蓝炒鸡蛋,鸡蛋：3个,甘蓝：适量,食用油：适量 | 料酒：适量 | 盐：适量,"1 甘蓝切成细丝状，锅中放适量的食用油烧热，下入甘蓝丝，加入料酒、盐快速翻炒。
2 鸡蛋在炒甘蓝之前先炒出来。
3 成品菜颜色绿色甘蓝，搭配黄色鸡蛋，美观而营养。"
665621,https://home.meishichina.com/recipe-665621.html,红烧肉,五花肉：适量,姜片：3片,食用油：适量 | 料酒：适量 | 红绕酱油：适量 | 冰糖：适量 | 红腐乳汁：适量 | 盐：适量,"1 将五星洗净切块。
2 锅中放入适量的食用油翻炒，再加料酒、生抽。
3 放入开水加入适量姜片、红腐乳汁炖煮。
4 大火收浓汁。
5 颜色其实很漂亮的(桌子上有些暗，没拍出应有的效果)，红烧肉香气宜人、肉质入口即化。"
665649,https://home.meishichina.com/recipe-665649.html,蒜烧长香丝瓜,长香丝瓜：一根,蒜：适量,花生油：适量 | 盐：适量,"1 70厘米的长香丝瓜。
2 丝瓜洗净削皮，斜切片，备用。
3 蒜切片，备用。
4 锅烧热放适量油，倒入蒜炒香，再倒入丝瓜，加适量盐，大火快速翻炒均匀即可。
5 出锅装盘即食。
6 清淡可口。"
665648,https://home.meishichina.com/recipe-665648.html,小蒜炒肉丝,小蒜：一把 | 五花肉丝：半斤,,花生油：适量 | 盐：适量 | 老抽：少许,"1 新鲜的野小蒜。
2 择好，洗净，沥干水分。
3 切寸段，备用。
4 五花肉丝，备用。
5 锅烧热放适量油，倒入肉丝，煸炒，加适量盐和少许老抽调味，再倒入小蒜，大火，快速翻炒几下即可。
6 出锅装盘即食。
7 鲜香可口。"
665255,https://home.meishichina.com/recipe-665255.html,山药蒸虾排,虾：10个,山药：80g | 胡萝卜：50g,盐：少许,"1 山药胡萝卜去皮切块。
2 把食材放料理机里。
3 搅打成细腻的泥状。
4 盘里刷一层薄油，倒入虾泥抹平表面，盖上保鲜膜冷水上锅蒸15分钟即可。"
665531,https://home.meishichina.com/recipe-665531.html,肉末粉丝,肉末：50g | 粉丝：1把,植物油：适量 | 蒜末：1匙 | 洋葱：适量,生抽：1勺 | 蚝油：1匙,"1 粉丝提前用凉水泡软，放入生抽，蚝油，植物油拌均匀。肉末用生抽，料酒腌制。
2 热锅凉油，放入肉末炒变色，放入洋葱。
3 放入粉丝，凉水盖上盖子焖2分钟。
4 最后放入蒜末，搅拌均匀即可。"
665636,https://home.meishichina.com/recipe-665636.html,肉沫粉丝茄子煲,肉沫：100g | 茄子：1个 | 粉丝：1团,郫县豆瓣：1匙 | 葱：1根 | 姜：3片,白糖：半勺 | 白醋：1勺 | 酱油：1勺 | 蚝油：1勺 | 白胡椒粉：适量 | 淀粉：1勺 | 清水：50ml,"1 三片姜片切末，半根葱切末，加半勺蚝油、半勺酱油搅拌均匀，备用。
2 这个茄子是我们本地的茄子，比较绵软。特别是做蒸茄子的话，它捣碎是一丝一丝的。
3 切滚刀块加盐腌制10分钟，用清水冲洗后握出水分备用。
4 郫县豆瓣切碎，不然做出来会有很多的大辣椒片。
5 50毫升清水里加剩余的葱末，胡椒粉，酱油，蚝油，白糖，白醋，淀粉，郫县豆瓣搅拌均匀。
6 热锅凉油下肉末翻炒。
7 翻炒至肉末变色，加入清洗过并握过水的茄子继续翻炒，将茄子炒软。
8 砂锅底部铺上泡好的粉丝，加一点点水。
9 加炒软的肉沫茄子倒在粉丝上，加入调好的料汁。
10 盖盖儿小火焖3~5分钟，搅拌均匀整锅上桌。"
665115,https://home.meishichina.com/recipe-665115.html,橙柠汁,橙子：3个,柠檬：2个,,"1 将橙子、柠檬洗净去皮，放入榨汁机中。
2 榨汁中。
3 将现榨的橙子柠檬汁倒入玻璃杯中，颜色金黄。"
665623,https://home.meishichina.com/recipe-665623.html,土豆泥,小土豆：2个 | 秋葵：6根,鸡蛋：1个,胡椒盐：适量,"1 土豆切成块状和鸡蛋一起上锅蒸10分钟左右。
2 加入胡椒盐后伴均。
3 秋葵淖水煮熟后切成小片，平铺满整个碗。
4 加入土豆泥后压实，倒扣入盘中。
5 加入少许芥末酱油即可食用。"
665608,https://home.meishichina.com/recipe-665608.html,元葱炒甘蓝,紫元葱：半个,甘蓝：适量 | 蒜蓉：适量,食用油：适量 | 料酒：适量 | 盐：适量,"1 将甘蓝及紫元葱切成丝状，蒜切成蓉。
2 锅中放入适量的食用油烧热，放入蔬菜翻炒。
3 加入适量的料酒，盐，蒜蓉翻炒。
4 快速翻炒出锅。
5 将菜品盛入盘中，紫元葱丝与绿甘蓝丝颜色美观，营养丰富。"
665612,https://home.meishichina.com/recipe-665612.html,清蒸石斑魚,石斑魚：1条,姜：3片 | 小红椒：1个,食用油：适量 | 料酒：适量 | 盐：适量 | 白灼汁：适量,"1 石斑魚1条洗净去鳃，去鳞、去内脏、切斜刀，加入适量的料酒、盐、白灼汁姜片。
2 入锅盖好盖子蒸13至15分钟。
3 出锅倒出原来的汤汁，锅中加入适量的食用油、料酒、白灼汁烧开，浇入魚身，小红椒圈、芹菜叶点缀即可。
4 清蒸石斑魚肉质细嫩鲜美，营养丰富。"
665609,https://home.meishichina.com/recipe-665609.html,豆瓣炒肉片,猪肉片：100克 | 豆瓣：200克,,生抽：2勺 | 菜籽油：15毫升 | 食盐：1克 | 料酒：1勺 | 淀粉：5克 | 清水：200毫升,"1 炒锅内倒入10毫升菜籽油。
2 先将豆瓣放入煸炒至断生。
3 倒入200毫升清水。
4 盖上盖子炖煮3分钟。
5 打开锅盖倒入提前腌制好的猪肉片（猪肉片用1克食盐，1勺四季亭有机黑松露酱油，1勺料酒，5克玉米淀粉，5毫升菜籽油抓拌均匀腌制30分钟）。
6 继续盖上盖子焖煮5分钟。
7 再次打开锅盖倒入1勺生抽，翻拌均匀即可关火出锅。"
665611,https://home.meishichina.com/recipe-665611.html,芋蒙车螺煲,芋蒙：适量 | 车螺：适量,姜丝：适量,盐：适量,"1 在菜市场里买己经处理好的鲜芋蒙。
2 买了新鲜的车螺。
3 所有食材放入沙锅中，加入适量的盐、姜丝、清水，大火烧开后转中火2分钟左右即可。
4 这汤汁十分的鲜美。"
665606,https://home.meishichina.com/recipe-665606.html,话梅焖排骨,排骨：600克 | 话梅：5颗,姜片：约8片 | 红葱头：1粒,菜籽油：2大勺 | 黄冰糖：30~35克 | 老抽：2小勺 | 生抽：2大勺 | 酱油膏：1大勺 | 麻油：1/2大勺 | 精盐：1/4小勺 | 胡椒粉：1/3小勺,"1 晚上把话梅浸泡透；
2 用清水把排骨冲洗血水，抓干；
3 砂煲置炉上，开中火，加入菜籽油2大勺和黄冰糖30~35克；
4 开慢火，不断搅拌，烧至冰糖溶化变到褐色，但不能烧糊；
5 红葱头切成四瓣，加姜片和红葱头入煲，再搅拌，爆香；
6 倒入排骨，翻炒，让排骨沾上糖色；
7 把话梅边同泡的水倒入煲，如果不够水，再加热水，等水基本能没排骨的面；
8 开慢火，盖上煲盖，慢炖约20~30分钟，时间到后再试试排骨炖软程度，如果要软烂的再炖久一些；
9 试味，大火收汁至浓稠即可出锅。Enjoy！"
665600,https://home.meishichina.com/recipe-665600.html,五香花椒豆干,豆干：约300克,,菜籽油：2大勺 | 小米辣：3条 | 花椒：1大勺 | 五香粉：1小勺 | 精盐：1/2小勺 | 味极鲜：1小勺,"1 把豆干切粒（拿一把作样本拍片）；
2 锅放菜籽油、花椒1大勺，剪成段3条的小粉辣，开中小火煨至油热；
3 倒入豆干，快速翻炒；
4 点入精盐1/2小勺，兜均匀，再在碗边滴入约味极鲜1小勺，锅热可激起酱油香气；
5 翻炒均匀，出锅。Enjoy!"
665598,https://home.meishichina.com/recipe-665598.html,豇豆炒鸡蛋,鸡蛋：3枚,豇豆：300克,精盐：1/3小勺,"1 把鸡蛋打散，加入精盐1/3小勺、胡椒粉1/3小勺、花生油1/2大勺，打均匀，豇豆切粒；
2 开锅，倒入豇豆，中慢火煸，加入精盐1/3小勺，一直用铲子翻炒至断生；
3 豇豆倒入蛋液中，搅拌均匀；
4 再开锅升中大火，锅热放油；
5 倒入混合后的鸡蛋豇豆，不断翻炒，不煎成饼状，炒散即可；
6 一直翻炒炒散到蛋液凝固后有微微的焦香味，出锅。"
665593,https://home.meishichina.com/recipe-665593.html,日式马铃薯炖肉,土豆：3个 | 卷心菜：3瓣 | 猪肉片：150克 | 小葱：1颗,,玉米油：10毫升 | 关东煮调味汁：1包 | 水：800毫升,"1 锅内倒入10毫升玉米油。
2 放入洗净切丝的卷心菜。
3 煸炒至断生。
4 放入洗净去皮切块的土豆。
5 继续煸炒均匀。
6 倒入800毫升清水没过食材。
7 盖上锅盖煮开后中小火炖煮15分钟。
8 打开锅盖，倒入1包关东煮调味汁（45克）。
9 放入事先腌制好的猪肉片。
10 继续盖上锅盖炖煮5分钟。
11 打开锅盖，撒上葱花。
12 继续炖煮30秒即可出锅。"
665596,https://home.meishichina.com/recipe-665596.html,梅菜芋头扣肉,五花肉：3斤,梅菜：2包 | 芋头：1个,蚝油：10g | 李锦记叉烧酱：10g | 炒炳佐料精：半包 | 老抽：适量 | 生抽：适量 | 胡椒粉：适量 | 鸡精：适量,"1 买回来的五花肉切段，洗干净。
2 锅中冷水加料酒，姜片，这里我忘记买葱了，没有加，有葱要加葱，放入五花肉。
3 煮滚了，捞出浮沫，大概煮中火二十分钟，筷子很容易扎过去就行了。
4 捞出来过冷水洗洗，然后用叉子扎，每个地方都扎。
5 扎好的五花肉抹上盐粉。
6 再涂上老抽，放在一边给它凉一下。
7 然后这样子扎上牙签。
8 油温五成热，放入五花肉去炸，两面都炸，炸成这个样子，记住哦，这一过程一定要盖锅盖，不然油溅脸上到处都是，安全第一。
9 炸好的
10 炸好的肉放水里浸泡，大概泡了一个小时就是泡成这样子就行了。
11 浸泡猪肉的时候，我们来处理梅菜，梅菜洗干净切碎放水里泡，起码要泡一个小时以上，泡的过程中我换了两次水。
12 这个芋头是我们家自己种的，新鲜出炉的。洗干净的芋头切片。
13 用刚刚炸五花肉的油加热，切片的芋头放进去炸，炸到浮起来，有点金黄色就行了
14 泡好的五花肉切片，尽量切薄一点，我的刀功不好，有点厚??
15 把配料上的配料全部加进去，配料靠自己减淡自己灼量加
16 搅拌均匀放到一边腌制半小时。
17 蒜蓉，辣椒丝炒香加入梅菜下去炒，炒好放在一边备用。
18 把腌制好的五花肉就像这样子，一片肉一片芋头码好，
19 把炒好的梅菜铺上去。
20 盖上保鲜膜，放入锅中水开蒸40~60分钟。
21 蒸好了??
22 我用的是柴火蒸。蒸了有50分钟。"
665552,https://home.meishichina.com/recipe-665552.html,冬菇豆腐豆泡煲,排骨头：约150克 | 豆腐：2大块 | 豆泡：约50克 | 水发木耳：1把 | 新鲜冬菇：6-8朵,香菜：3棵 | 姜片：8片 | 香葱：1棵,精盐：1小勺 | 胡椒粉：1/2小勺 | 麻油：1小勺,"1 冷水入煲，放姜片4片后倒入排骨头，中小火烧开；
2 腾出手来切豆腐约厚1公分，长宽2~3公分块；
3 煲里排骨及水烧开用中火烧8~10分钟；
4 用撇浮沫的筛子撇去浮沫；
5 放豆腐及木耳入煲，中小火继续烧滚；
6 放两棵带着头的香菜入煲；
7 把盒装豆泡逐块分开；
8 将新鲜冬菇切块；
9 放入豆泡烧至发软；
10 倒入新鲜冬菇块，翻拌几下；
11 盖上煲盖，烧约5分钟；
12 放入香菜1棵、切成粒的葱花入煲，收火，点入精盐约1小勺、胡椒粉1/2小勺及麻油1小勺，翻拌几下可供食用。Enjoy！"
665595,https://home.meishichina.com/recipe-665595.html,杏鲍菇烩木耳,杏鲍菇：2条 | 水发木耳：2把,蒜茸：2瓣量 | 姜片：约6片,,"1 一、锅放清水烧开，加入水发木耳、花生油1/2大勺和精盐1小勺，改中火，烧约5分钟，把木耳烧软些，然后把木耳捞起沥水；
2 杏鲍菇切滚刀块，把锅洗净，放入杏鲍菇，开中火，把杏鲍菇慢慢翻煸至干水微黄；
3 置一碗，放松茸鲜1小勺、酱油膏1大勺、蚝油1/2大勺、生粉1/2大勺、麻油1/2大勺、清水1/4杯调成碗汁；
4 开锅放花生油，油热加蒜茸和姜片，爆香；
5 倒入杏鲍菇和木耳，稍翻炒；
6 倒入碗汁，翻抖均匀，收火，上菜。"
665594,https://home.meishichina.com/recipe-665594.html,松茸豆腐豆泡煲,烧肉：5块 | 卤牛肉：50克 | 豆腐：1方块 | 豆泡：1小盒 | 新鲜香菇：8朵,姜片：4片、 | 香菜：3棵、 | 葱花：1棵量,松茸精：1小勺 | 精盐：1小勺 | 胡椒粉：1/2小勺 | 麻油：1/2大勺,"1 瓦煲置炉上，加入高汤或清水，烧开，加入姜片、烧肉及卤牛肉，改小火，炖10分钟或以上；
2 腾出手来把豆泡剪断成条；
3 豆腐切块入煲，继续炖约10分钟；
4 放豆泡和香菜2棵，再炖至少5分钟；
5 新鲜香菇切块入煲；
6 盖上煲盖炖约5分钟；
7 加入松茸鲜；
8 包装袋有旋转盖，不用再入容器保管，把盖子旋紧放入冰箱；
9 烹入精盐1小勺、胡椒粉1/2小勺、麻油1/2大勺，撒入葱花和放香菜1棵，稍拌匀即可享用。Enjoy!"
665558,https://home.meishichina.com/recipe-665558.html,自制手工鸡肉丸,鸡胸肉：1块,鸡蛋白：2个,猪油：10g | 料酒：适量 | 盐：适量,"1 鸡胸肉切小薄片，加入2个鸡蛋白，适量的盐少许水放入搅拌机中。
2 搅拌成细腻的泥状。
3 取出鸡肉泥。
4 这个用了2个鸡蛋剩的鸡蛋黄，可做其他用。
5 锅中放入适量的鸡汤，适量的料酒、盐、及2勺南瓜粉。
6 将其用小火烧开即可停火，并晾至无温度。
7 将丸子用左手握鸡肉泥，鸡肉泥旁边放半碗凉水，每次将勺子先沾上水再取右手虎口处挤圆的丸子，直至逐个全部挤入锅中。
8 开小火慢慢将丸子氽熟，见丸子飘浮上来即可停火（不可大火煮)。
9 将手工鸡肉丸盛入碗中，作为早餐不仅有一定营养，而且汤鲜味美。"
665551,https://home.meishichina.com/recipe-665551.html,韭菜疙瘩汤,韭菜：适量 | 西红柿：适量 | 茄子：适量 | 木耳：适量 | 花生：适量 | 青菜：适量,面粉：适量 | 鸡蛋：适量,盐：适量,"1 韭菜切碎，打入两个鸡蛋，盐，面粉搅拌均匀（减脂期间放的面粉少，朋友们可以依照口味增减）。
2 锅热放茄子西红柿翻炒。
3 加适量水，放入喜欢的菜（喜欢什么放什么，没有固定的菜）煮十分钟。
4 用勺子或者筷子把弄好的韭菜面挖到锅里。
5 煮五分钟。
6 放入青菜调味出锅。
7 最后放点自己做的辣椒油和醋，酸酸辣辣的非常适合减脂期的小伙伴。"
665549,https://home.meishichina.com/recipe-665549.html,虾仁香葱炒蛋,虾仁：约100克 | 鸡蛋：3~4枚,香葱：1棵,,"1 虾仁加精盐1/4小勺、自研胡椒粉1/4小勺、生粉1/3小勺抓匀待用，如果用冰冻虾仁先用淡盐水泡20分钟后吸干水再腌；
2 鸡蛋打散后加精盐1/4小勺、自研胡椒粉1/4小勺，打均匀后再加花生油或菜油1大勺，再打均匀；
3 香葱洗净吸干水后切粒，放在蛋液里，随即搅拌几下；
4 将虾仁煸至七至八成熟；
5 把煸过的虾仁倒入蛋液里；
6 锅热后放底油，倒入全部材料，顺手把虾仁平均铺开；
7 待蛋液凝固后翻炒，不用整饼来翻，随意割块翻炒至蛋液刚熟即可出锅。"
665539,https://home.meishichina.com/recipe-665539.html,一锅鲜,香菇：3朵 | 胡萝卜：1根,大虾：4个 | 鸡蛋：2个 | 海参：4个 | 鸡汤：适量,盐：适量,"1 香菇切花，胡萝卜去皮切斜片。
2 荷包蛋先煮为，海参泡好。
3 锅中加入鸡汤，盐、放入胡萝卜煮至六分熟。
4 再加入焯好的大虾、荷花蛋。
5 稍煮即可。
6 汤鲜味美，营养丰富。"
665546,https://home.meishichina.com/recipe-665546.html,酸菜火锅,脆皮肠：适量 | 嫩豆腐：小块 | 娃娃菜：4-5片 | 凤尾：2株 | 虾饺：适量 | 冷冻水饺：适量 | 鱼丸：适量 | 牛丸：适量,葱白：10g | 青红椒段：10g,盐：适量 | 鸡精：适量 | 上汤酸菜鱼调料：1袋,"1 所有食材洗净、切配好，丸类等冷冻食材提前稍微解冻。
2 起锅倒油，将调料包中的酸菜倒入锅中炒香，激发酸香风味。
3 加入适量清水，放葱白和青红椒段烧开。
4 倒入调料中的酱料包，搅拌均匀，再煮3-5分钟让汤底充分融合。
5 按顺序下锅——先放鱼丸、牛丸、水饺等不易熟的；再放豆腐、午餐肉；最后加入肥牛卷、蔬菜，保证口感最佳。
6 所有食材煮熟入味即可，酸香扑鼻，开胃下饭。"
665484,https://home.meishichina.com/recipe-665484.html,孜然羊肉,羊肉卷：200g,洋葱：30g | 食用油：1勺 | 干辣椒：1个,生抽：1勺 | 盐：1匙 | 葱姜蒜末：1匙 | 香菜：1勺 | 孜然粉：1匙,"1 羊肉卷用开水烫变色捞出备用，洋葱切丝，葱姜蒜切末，干辣椒香菜切段。
2 炒锅放油烧热，放入葱姜蒜末，干辣椒，洋葱煸香。
3 放入羊肉，生抽，盐翻炒均匀。
4 放入香菜翻炒均匀，出锅撒孜然粉即可。"
665523,https://home.meishichina.com/recipe-665523.html,椰香藜麦板栗芡实什蔬煲,板栗仁：200克 | 芡实：100克 | 胡萝卜：100克 | 熟三色藜麦：100克 | 干黑木耳：5克,,椰浆：400毫升 | 黑胡椒海盐：适量 | 香辛料：适量,"1 放入100克胡萝卜丁。
2 放入焯过水的黑木耳。
3 放入100克熟三色藜麦。
4 倒入400毫升椰浆，大火煮开后炖煮5分钟。
5 放入200克板栗仁，继续盖上锅盖炖煮10分钟。
6 打开锅盖，放入100克芡实，盖上锅盖继续炖煮5分钟。
7 打开锅盖，撒上一些黑胡椒海盐。
8 撒上一些香辛料，即可关火出锅。"
665526,https://home.meishichina.com/recipe-665526.html,干煸豆角,蛇豆：适量,干辣椒：适量,花椒：适量,"1 蛇豆角洗干净控干水份长段，放油里炸到蔫。
2 调料：辣椒段，花椒粒，葱，姜。
3 爆香。
4 加豆角翻炒，加点盐，味精。
5 OK。"
665520,https://home.meishichina.com/recipe-665520.html,煎豆腐,豆腐：1块 | 鸡蛋：1个,,盐：适量 | 胡椒粉：适量 | 豉油：适量 | 葱：一根,"1 豆腐切小块，鸡蛋打散加一点盐和胡椒粉，葱切葱花。
2 豆腐先煎两面金黄，煎的过程要撒点盐，有点底味。
3 倒鸡蛋液。
4 来点生抽。
5 撒葱花。
6 翻下面就可以出锅了。"
665517,https://home.meishichina.com/recipe-665517.html,洋葱炒虾仁,熟虾仁：200克 | 洋葱：2个,,菜籽油：10毫升 | 生抽：1勺 | 清水：适量,"1 炒锅内倒入10毫升菜籽油。
2 将处理好的洋葱放入炒锅内。
3 煸炒至断生。
4 倒入适量的清水。
5 倒入1勺生抽。
6 盖上锅盖炖煮5分钟。
7 放入熟虾仁。
8 煸炒均匀即可关火出锅。"
665513,https://home.meishichina.com/recipe-665513.html,干锅金仓鱼,金昌鱼干：一条,姜葱：适量,生油：适量 | 酱油：1匙,"1 鱼干洗净，姜切丝，葱切段。
2 热锅凉油把鱼干先两面煎金黄。
3 取小砂锅爆香姜蒜。
4 把煎好的鱼干码上。
5 用一点水调开酱油，鱼干已有咸味，放一点点酱油即可。
6 盖上盖子焖煮5分钟后撒上葱段，翻拌均匀就可以上桌。"
665512,https://home.meishichina.com/recipe-665512.html,紫苏炒牛肉,嫩牛肉：200g | 紫苏叶：100g,,生粉：1匙 | 豉油：1匙 | 蚝油：少许 | 油：适量 | 姜蒜：适量,"1 牛肉切薄片用生粉水先抓拌均匀，加入豉油、蚝油、拌匀，再加生油拌匀锁住水分。
2 热锅下油，爆香姜蒜和紫苏叶。
3 倒入腌好的牛肉大火快速翻炒至变色。
4 加一点开水，盖上盖子焖30秒。我是怕不熟才盖盖，其他也可以不盖盖，直接炒至断生。
5 收汁后加少许盐，就可以上碟。"
665494,https://home.meishichina.com/recipe-665494.html,麻香鸡翅,鸡翅：500g,花椒：少许 | 八角：少许 | 香叶：少许 | 桂皮：少许 | 干辣椒：少许 | 生姜：少许 | 大蒜：少许,老抽：少许 | 生抽：少许 | 白糖：少许 | 蚝油：少许 | 盐：少许 | 鸡精：少许,"1 鸡翅1斤，竖着切两半。
2 鸡翅焯水。
3 除掉鸡翅腥味。
4 鸡汤沉淀留着备用。
5 备好葱姜蒜小米辣和花椒。
6 加入老抽……开始炖。
7 成品麻香美味。"
665477,https://home.meishichina.com/recipe-665477.html,川味粉蒸肉,五花肉：500g | 红薯/土豆：2个,清水：120g | 菜籽油：50g | 葱花：适量,川派粉蒸肉调料：1袋,"1 五花肉切薄片，注意买五花肉的时候尽量选择精品五花，肥瘦均匀的，不要选太瘦的；
2 红薯/土豆切小块，将辅材铺在蒸碗底部；
3 五花肉放入碗中，加粉料包、调料包，倒入清水和菜籽油抓匀；
4 将五花肉抓匀之后将肉再腌制大约10分钟左右；
5 抓拌后，然后倒入调料包中的米粉，每片肉裹满米粉；
6 然后将拌好的五花肉整齐铺在辅材上，放入蒸锅；
7 放入蒸锅，大火蒸40分钟（至肉耙软即可）；
8 稍凉后倒扣装盘，直接食用。"
665478,https://home.meishichina.com/recipe-665478.html,酸菜炒五花肉丝,酸菜：250g | 五花肉丝：半斤,葱：少许 | 红辣椒：少许,花生油：适量 | 盐：适量 | 生抽：少许,"1 酸菜备用。
2 取出，放入盘中。
3 五花肉丝备用。
4 择好的葱洗净，切好，备用。
5 锅烧热放适量油，倒入五花肉丝加适量盐和少许生抽调味，翻炒几下，再倒入葱和红辣椒炒香，继续倒入酸菜，翻炒均匀即可。
6 出锅装盘即食。
7 香辣可口。"
665474,https://home.meishichina.com/recipe-665474.html,小炒黄牛肉,牛里脊：1斤,香菜：一把 | 小米辣：少许 | 泡椒：少许 | 红辣椒：少许 | 蒜：少许 | 姜：少许,食用油：适量 | 盐：少许 | 蚝油：少许 | 生抽：少许 | 老抽：少许 | 淀粉：少许 | 鸡精：少许,"1 牛里脊备用。
2 洗净，切片。
3 加入生抽1勺，蚝油半勺，淀粉少许，食用油1勺，腌制10分钟左右即可。
4 择好的香菜，洗净，沥干水分。
5 香菜梗和叶子分开切寸段，备用。
6 姜洗净，去皮，备用。
7 姜丝、蒜末、泡椒段、小米辣段和红辣椒段，备用。
8 锅烧热放适量油，倒入少许姜丝、蒜末、泡椒、小米辣和红辣椒。
9 炒香。
10 再倒入腌制好的牛肉片，翻炒至变色，加少许盐、鸡精、蚝油和老抽，继续倒入香菜梗翻炒片刻，最后倒入香菜叶翻炒一下即可。
11 装盘即食。
12 香辣美味可口。"
665473,https://home.meishichina.com/recipe-665473.html,百香果酸汤牛肉,牛里脊：200g,百香果：2个 | 番茄：1个 | 柠檬：4片 | 小米辣：适量 | 泡椒：适量 | 香菜：适量 | 葱：适量 | 姜：适量 | 蒜：适量,生抽：适量 | 料酒：适量 | 白胡椒粉：适量 | 淀粉：适量 | 食用油：适量,"1 食材备用。
2 百香果切开，如图所示。
3 番茄改十字花刀，往番茄浇入滚烫的开水，等待2分钟，就可以把皮去掉了，如图所示。
4 番茄切成小块，放入碗中。切开的百香果，将果肉和果汁倒入碗中。柠檬切片，牛肉洗净切片，加入1勺生抽、1勺料酒、适量胡椒粉、1勺淀粉、1勺食用油、抓匀腌制10分钟，葱姜蒜末、香菜段、红辣椒和泡椒，备用。
5 锅中放适量油，油热后放入葱姜蒜末、小米辣、泡椒爆香，加入番茄块翻炒出汁，加入百香果、适量清水，大火煮开。放入腌制好的牛肉片，煮至牛肉变色熟透。根据个人口味加入适量生抽、鸡精调味，搅拌均匀即可。
6 倒入盆中。
7 出锅后可以撒上香菜，放几片柠檬装饰。
8 酸汤香，开胃解腻。"
665469,https://home.meishichina.com/recipe-665469.html,腊肠笋干,笋干：适量,青辣椒：1个 | 腊肠：一节,,"1 准备好葱姜蒜辣肠辣椒干笋泡半天。
2 食材切好。
3 葱姜蒜爆锅，猪油最好。
4 倒入腊肠，腊肠是蒸好的。
5 炒一会，加入笋干。
6 加蚝油糖少量盐半碗清水。
7 闷炖几分钟。
8 汤快干了的时候。
9 加辣椒丝。
10 翻炒到没汤，加鸡精出锅。
11 装盘。"
665468,https://home.meishichina.com/recipe-665468.html,酸菜炒鸡蛋,酸菜：250g | 鸡蛋：五个,蒜：少许 | 辣椒：两个 | 香菜：少许,花生油：适量 | 盐：适量 | 鸡精：少许,"1 酸菜备用。
2 取出，放入碗中。
3 鸡蛋敲入碗中。
4 加少许盐搅散，备用。
5 蒜切片，辣椒切丝，备用。
6 切好的香菜，备用。
7 锅烧热放适量油，倒入鸡蛋液，翻炒一下，用铲子捣块，OK。
8 锅烧热放少许油，倒入蒜和辣椒爆香，再倒入酸菜，翻炒几下，加适量盐和少许鸡精调味，继续倒入鸡蛋，翻炒一下，关火，放上香菜。
9 出锅装盘。
10 酸香可口。"
665467,https://home.meishichina.com/recipe-665467.html,酸辣土豆丝,土豆：1个,干辣椒：2个,醋：适量,"1 土豆丝切好，过三遍水，泡10分钟，为了彻底洗净淀粉，炒完不黏糊。
2 控干水份，越干越好。
3 干辣椒切段。
4 辣椒爆香。
5 倒入土豆丝。
6 翻炒均匀，颜色变透明后就是断生了，加盐。
7 加醋。
8 来点老抽调色，加鸡精香油出锅。
9 装盘。"
665460,https://home.meishichina.com/recipe-665460.html,罗勒葱香鸡腿,鸡腿：3个,大葱：1根 | 罗勒叶：1盘,色拉油：2勺 | 盐：2匙,"1 鸡腿肉去骨，展平。
2 准备一根大葱和一盘鲜罗勒叶。
3 鸡腿肉两面抹盐入味。罗勒叶洗净，挤干多余的水分，切碎铺在鸡腿肉上下两面。大葱切碎。
4 热锅热油转中火，放入鸡腿肉、罗勒碎和大葱碎。
5 待鸡腿肉两面煎至变色，调中小火，盖上锅盖，继续焖煎至完全熟透。
6 煎成这样就可以啦，鸡腿肉嫩得有汁水爆出来。
7 罗勒和大葱互相不抢味，很协调。"
665458,https://home.meishichina.com/recipe-665458.html,茄子木耳炒肉丝,茄子：三个 | 肉丝：半斤 | 木耳：少许,蒜：少许 | 辣椒：两个 | 纯净水：几滴,花生油：适量 | 盐：适量 | 老抽：少许 | 十三香：少许,"1 茄子洗净，削皮，切片。
2 肉丝备用。
3 泡发好的黑木耳，淘洗干净，控水，备用。
4 切好的蒜和辣椒备用。
5 锅烧热放适量油，倒入肉丝加适量盐和少许老抽和十三香，煸炒，再倒入蒜和辣椒炒出香味，继续倒入茄子和木耳，滴几滴纯净水，翻炒片刻即可。
6 出锅装盘。
7 美味可口。"
665454,https://home.meishichina.com/recipe-665454.html,酸辣土豆丝,土豆：两个 | 葱：适量 | 蒜：适量 | 青椒：2个 | 米椒：几个,油：适量 | 盐：适量 | 鸡精：适量,醋：一勺 | 生抽：一勺 | 糖：少许（可不加）,"1 土豆去皮，清洗干净，切成丝。
2 用凉水清洗干净淀粉。
3 起锅烧水，水开后下入土豆丝。
4 加少许醋，焯水30秒。
5 捞出沥干水分。
6 起锅烧油，下入葱头和蒜末。
7 超出香味。
8 下入小米椒。
9 加入一勺醋和一勺生抽。
10 炒出香味。
11 下入土豆丝，加少许盐和鸡精调味。
12 翻炒均匀，最后加入青椒丝。
13 再次翻炒均匀即可出锅。
14 好了。
15 酸辣脆爽，超级下饭。"
665445,https://home.meishichina.com/recipe-665445.html,鲜虾饼,虾：适量,淀粉：适量 | 胡萝卜：适量 | 葱：适量,盐：适量 | 葱：适量 | 姜：适量 | 蒜：适量,"1 买这种大虾。
2 去壳去虾线，用纸巾擦干水，不然起不了胶。
3 用刀去拍碎。
4 剁成泥。
5 放点盐，摔个十几下。
6 放入胡萝卜丁，葱花，淀粉。
7 再倒入葱姜蒜水。
8 搅拌均匀，手上抹点油，捏成饼一样的形状，全程小火煎。
9 煎至微黄，喜欢吃焦香点的还可以再煎一下。
10 摆盘。
11 还可以做虾球。"
665444,https://home.meishichina.com/recipe-665444.html,尖椒干豆腐,干豆腐皮：适量,五花肉片：适量 | 尖椒：适量,小苏打或碱面：适量 | 葱姜蒜末：适量 | 土豆淀粉水：适量 | 盐：适量 | 糖：适量 | 味精：适量 | 蚝油：适量 | 花椒面：适量,"1 干豆腐皮切菱形块。
2 锅中加适量水，烧开后加少许小苏打或碱面，下入干豆腐皮，水开后焯1分钟。
3 用温水清洗控一下水分。
4 锅中加入少许底油（加猪油最好），下入五花肉片炒至变色。
5 下入葱姜蒜末炒出香味，加入酱油炝香，加适量水。
6 下入干豆腐皮，加入盐、味精、糖、蚝油、花椒面定好味，烧开后炖煮五六分钟。
7 下入尖椒。
8 分两三次勾入土豆淀粉水。至粘稠顺滑。
9 最后淋入少许料油或花椒油即可。"
665443,https://home.meishichina.com/recipe-665443.html,菌菇全家福,香菇：适量 | 蟹味菇：适量 | 杏鲍菇：适量,小米辣：适量 | 蒜片：适量 | 香葱段：适量,生抽：适量 | 老抽：适量 | 蚝油：适量 | 味精：适量 | 糖：适量 | 甜面酱：适量 | 水淀粉：适量,"1 主料分别改刀。
2 焯水，先放香菇和杏鲍菇，最后放蟹味菇，焯透。捞出控干水分。
3 调汁：取容器一个，放入蚝油、生抽、多一点的老抽。三大勺水，味精、糖、一点甜面酱拌匀。
4 炒锅上火，加入少许底油，下入小米辣和蒜片炒出香味。倒入料汁。
5 下入菌菇，小火微煮入味。
6 多次少量勾入水淀粉翻炒均匀。
7 加入香葱段，淋点明油再次翻炒均匀即可。"
665442,https://home.meishichina.com/recipe-665442.html,芙蓉鱼片,黑鱼：适量,鸡蛋：3个,蒸鱼豉油：适量 | 料酒：适量 | 白胡椒粉：适量 | 盐：适量 | 香葱：适量 | 姜：适量 | 玉米淀粉：适量 | 红椒：适量,"1 黑鱼收拾干净，片取净肉。
2 加入料酒、胡椒粉、葱姜丝、盐、少许淀粉腌制20分钟。
3 鸡蛋三个加入约1.5倍的水搅散，撇去浮沫。
4 盖上保鲜膜，扎孔，上锅蒸约12分钟。
5 腌好的鱼片下锅，开小火汆熟。
6 捞出盛入蒸蛋上。
7 点缀上红椒丝、香葱丝、葱白丝，淋上蒸鱼豉油，浇上热油激发出香味即可。"
665439,https://home.meishichina.com/recipe-665439.html,干锅菜花,菜花：适量,去皮五花肉片：适量 | 小米辣：适量 | 线椒：适量 | 大蒜：适量 | 蒜苗：适量,郫县豆瓣酱或干锅酱：适量 | 料酒：适量 | 生抽：适量 | 蚝油：适量 | 糖：适量 | 味精：适量 | 盐：适量,"1 菜花切小朵，放入加了盐的水中浸泡10分钟。捞出沥干水分。
2 线椒、小米辣、大蒜分别改刀。
3 锅中加入适量油，下入菜花煸出水汽，盛出备用。
4 另起锅加少许底油，下入五花肉片小火煸出油脂。
5 加入郫县豆瓣酱或干锅酱。
6 炒出红油下入线椒、小米辣和蒜片。
7 把辅料味道炒出来后烹入料酒，下入菜花。
8 ，加入生抽、蚝油、白糖、味精定好味，大火翻炒均匀。
9 出锅前加入蒜苗段或香葱段翻炒均匀即可。"
665438,https://home.meishichina.com/recipe-665438.html,孜然鸡丁,大鸡腿：2个,香菜：适量 | 大蒜：适量 | 白芝麻：适量 | 辣椒面：适量 | 孜然粉或孜然粒：适量 | 鸡蛋：1个,盐：适量 | 白胡椒粉：适量 | 生抽：适量 | 糖：适量 | 玉米淀粉：适量,"1 鸡腿去骨（我把皮也去了）切成小块。加入盐、白胡椒粉、生抽、孜然粉或孜然粒抓拌均匀。
2 加入一个鸡蛋拌匀。
3 加鸡肉量1/3的淀粉抓拌均匀。
4 腌制20分钟。
5 锅中加入适量底油，下入鸡丁煎至金黄。
6 下入蒜片炒出香味。
7 下入干辣椒面、孜然粉、白芝麻、盐、糖（稍多一点）、味精定好味。
8 出锅之前烹少许生抽，盛入香菜段垫底的盘子里即可。"
665433,https://home.meishichina.com/recipe-665433.html,莴笋干炒木耳,莴笋干：一小把 | 木耳：少许,辣椒：少许 | 蒜：少许,花生油：适量 | 盐：少许 | 十三香：少许,"1 莴笋干清水泡一夜，淘洗干净，捞出，挤出多余水分，放入盘中。
2 木耳泡发，择洗干净，撕成小朵，焯水，捞出过凉水，沥干水分，放入盆中，备用。
3 辣椒切圈，蒜切片，备用。
4 锅烧热放适量油，倒入辣椒和蒜爆香，再倒入莴笋干和木耳，加少许盐和十三香调味，翻炒片刻即可。
5 出锅装盘。
6 香脆可口。"
665424,https://home.meishichina.com/recipe-665424.html,大葱炒鸡蛋,鸡蛋：五个 | 大葱：两棵,,花生油：适量 | 盐：少许,"1 大葱择洗干净。
2 切好的葱，备用。
3 鸡蛋敲入碗中，加少许盐搅散，备用。
4 锅烧热放适量油，倒入鸡蛋液，翻炒一下，用铲子捣块，再倒入大葱加少许盐调味，翻炒几下即可。
5 出锅装盘。
6 葱香浓郁。"
665417,https://home.meishichina.com/recipe-665417.html,川味土豆烧鸡公,新鲜鸡肉：1.5kg | 土豆：250g | 胡萝卜：250g | 四季豆：200g | 红灯笼椒：100g | 青椒：100g,大葱葱白：50g | 大蒜：50g | 老姜：50g,烧鸡公调料：1袋 | 盐、鸡精：10g,"1 事先请备好食材：新鲜仔鸡公、土豆、胡萝卜、四季豆、红灯笼椒、青椒、大葱、大蒜、老姜片，烧鸡公调料1袋、盐、鸡精少许；
2 锅中倒入200克植物油，烧热后加入鸡块，爆炒3-5分钟，至鸡肉表面微黄；
3 倒入160克金宫烧鸡公调料，小火翻炒1分钟，让调料均匀渗入鸡肉。金宫调料采用独特配方，既保留了川渝传统的麻辣风味，又融入了多种天然香料，保证味道地道；
4 将鸡肉与调料充分炒匀炒香之后，加水炖煮加入600克水或鲜汤，用中火炖煮约30分钟。
5 鸡肉炖煮一会儿便可以加入土豆、豆角、胡萝卜等配菜，增强口感和营养；
6 30多分钟后，鸡肉鲜嫩多汁，调料与汤汁融为一体，麻辣鲜香扑鼻而来。此时的烧鸡公已经完全入味，配上一碗米饭，开胃下饭；
7 菜肴出锅享用，这样烧出来的鸡肉比想象中的更加软糯和入味。土豆和鸡肉一抿就烂。"
665416,https://home.meishichina.com/recipe-665416.html,红烧带鱼,净带鱼段：400g,鸡蛋：一个 | 葱段：10g | 姜片：10g | 蒜瓣：10g | 纯净水：适量,花生油：适量 | 老抽：10g | 白糖：10g | 醋：10g | 料酒：10g | 盐：2g,"1 带鱼洗净，用料酒和盐腌渍20分钟。
2 鸡蛋磕入盆内。
3 将腌好的带鱼用手抓匀。
4 锅置火上，倒油烧至六成热，将裹好蛋液的带鱼段下锅。
5 煎至两面金黄色。
6 捞出放入盘中，备用。
7 姜片和蒜瓣备用。
8 葱段备用。
9 将少许老抽、白糖、料酒、盐、醋和适量清水调成味汁。
10 锅内留底油烧热，下姜片和蒜瓣爆香，倒入味汁，放带鱼段，烧开后改小火炖10分钟左右。汤汁浓稠时。
11 撒葱段即可出锅。
12 装盘即食。
13 美味可口。"
665411,https://home.meishichina.com/recipe-665411.html,尖椒鸡,鸡翅：适量 | 鸡爪：适量 | 鸡腿：适量 | 鸡内脏：适量,黄尖椒：适量 | 青尖椒：适量 | 莲藕丁：少许 | 姜片：少许 | 大蒜：2-3个 | 青花椒：少许 | 小红椒：少许,盐：适量 | 味精：适量 | 油：多,"1 热油下锅炸一下。
2 炸至差不多金黄，捞出备用。
3 下内脏炸一下。
4 莲藕丁也炸一下，捞出备用。
5 热油炒香姜片，蒜粒，小红椒，青花椒。
6 放入青辣椒和橙辣椒。
7 翻炒几分钟放入炸好的食材。
8 翻炒均匀加入适量的盐和味精调味即可。
9 可以出锅咯！
10 尖椒鸡就做好啦！"
665397,https://home.meishichina.com/recipe-665397.html,醋炒鸡蛋,鸡蛋：6个,,剁椒：适量 | 香葱段：适量 | 生抽：适量 | 陈醋：适量 | 白胡椒粉：适量 | 香油：适量,"1 把所有调料混合均匀。
2 鸡蛋打入碗中。
3 热锅凉油下入鸡蛋，用中小火煎炒。
4 稍微定型后翻面。
5 再稍微定型后用铲子分成大块，倒入料汁，火开大翻炒均匀即可。"
665393,https://home.meishichina.com/recipe-665393.html,玉米面蔬菜团子,玉米面：适量,油菜或菠菜：适量 | 红萝卜：适量 | 香菇：适量 | 黑木耳：适量 | 虾皮：适量 | 鸡蛋：适量 | 面粉：适量,盐：适量 | 香油：适量,"1 红萝卜、香菇、黑木耳分别切丝。
2 焯水备用。
3 小油菜焯水，改成小段备用。
4 鸡蛋炒散备用。
5 把以上所有原料混合，加入虾皮，盐、香油拌匀。
6 加入少许面粉增加粘性。
7 取适量蔬菜，用手使劲攥成团，在玉米面滚两遍，使其均匀沾上。
8 依次做好。
9 上汽后蒸15分钟即可。"
665388,https://home.meishichina.com/recipe-665388.html,麻辣干锅鸡,鸡肉：700g,红灯笼椒：150g | 绿灯笼椒：150g | 洋葱：100g | 土豆：150g | 藕：150g,姜：10g | 蒜：10g | 葱：5g | 干红辣椒：5g | 花椒：5g | 麻辣小龙虾调料：一袋 | 盐：3g | 鸡精：5g,"1 将需要得食材备好，鸡肉需要切块，然后过水煮至变色泛白后捞出；
2 提前准备好调料，将料包拿出来，然后备用；
3 将酱料倒入碗中备用；
4 起锅烧油，油温达到140摄氏度左右将鸡肉倒入油锅中油炸；
5 将鸡肉炸至变色成金黄色后捞出，沥干备用；
6 然后再下入之前备好得配菜，将土豆和藕条倒入油锅中油炸至变色后捞起沥干备用；
7 然后开火倒油，将准备好的配料倒入锅中炒香；
8 然后将之前炸好的鸡肉倒入锅中进行翻炒，让佐料的香味炒入鸡肉中；
9 然后再倒入之前准备好的麻辣小龙虾调料，将调料与食材充分翻炒均匀；
10 翻炒均匀后再一次将土豆、藕、青椒红椒、洋葱片倒入锅中一起翻炒均匀，让调料的香味充分融入到食材中；
11 将食材炒的熟透，然后尝下味道，可以根据咸淡适当加上少许鸡精或者盐，味道合适后，起锅前撒上小把白芝麻；
12 然后起锅装盘，色香味俱全，一道聚餐的硬菜就这样出锅了！"
665198,https://home.meishichina.com/recipe-665198.html,麻辣猪蹄锅,猪蹄：1000g,涮菜：适量,,"1 二斤猪蹄，切四瓣，泡水两小时，可以加些白醋。
2 炖完猪蹄的汤，煮些黄豆，提前泡好，大约三五个小时就泡的很开了，天热放冰箱里泡。
3 准备些香料,这个随意的，少几种也差异不大，花椒，大料，桂皮，香叶，辣椒有就行了，另外备些葱姜。
4 干料微火炒一下，炒好放纱布里做成料包。
5 猪蹄焯水，焯水后控干放入高压锅。
6 酱料：酱油老抽蚝油柱侯酱腐乳盐，搅拌均匀。
7 炸过干料的料油回锅，把调好的酱料炸一下，更香。
8 炸好的酱料倒入高压锅的猪蹄里，加入料包，冰糖。
9 加没过猪蹄的开水，汤多加点，可以涮菜和煮些黄豆当凉菜。
10 压90帕，20分钟，取出料包，泡两三个小时就非常入味了。
11 天热，放冰箱泡了一宿的黄豆，完全涨开了。
12 压完猪蹄的汤，可以做些卤黄豆，当凉菜，拌饭吃都挺好，黄豆控干水在汤里煮15分钟，就熟了。
13 煮好的黄豆。
14 大火收汤。
15 压好的猪蹄。
16 剩下的汤和猪蹄，可以做成火锅了，吃完猪蹄煮些菜面都挺好的。"
665238,https://home.meishichina.com/recipe-665238.html,红椒炒猪肝,猪肝：1块,红彩椒：1个,食用油：适量 | 料酒：适量 | 生抽：适量 | 盐：适量,"1 将红彩椒切成丝状待用。
2 猪旰洗净切成片状。
3 锅中加入适量的食用油烧热，小火炒猪肝至无血水捞出（快速翻炒，时间要短)，再下彩红椒翻炒。
4 加入料酒，生抽、盐、放入炒好的猪肝快速翻炒。
5 盛入盘中的成品，猪肝鲜嫩可口，汁鲜味美。"
665380,https://home.meishichina.com/recipe-665380.html,干锅三菌,杏鲍菇：适量 | 香菇：适量 | 鹿茸菇：适量（茶树菇、蟹味菇都可）,五花肉片：适量 | 洋葱：适量 | 小米辣：适量 | 姜：适量 | 蒜：适量 | 香葱段：适量,蒸鱼豉油：适量 | 老抽：适量 | 味精：适量,"1 洋葱切丝炒至断生，盛入干锅垫底备用。
2 把三种菌菇分别改刀。
3 锅中下入多一点的底油，下入菌菇反复煽炒，炒至无水分，油润、干香、焦黄。（此步也可过油炸）
4 盛出备用。
5 另起锅，加入少许底油，下入五花肉片煸出油脂，下入姜蒜小米辣炒香。
6 下入三菌，加蒸鱼豉油、味精、老抽定好味，炒出香味。
7 下入香葱段。
8 盛入洋葱打底的干锅内，带酒精炉上桌即可。"
665379,https://home.meishichina.com/recipe-665379.html,肉末炒豆角,长豆角：适量,肉末：适量,花椒：适量 | 葱姜末：适量 | 小米辣：适量 | 蒜末：适量 | 盐：适量 | 生抽：适量 | 老抽：适量 | 味精：适量,"1 长豆角切成丁，焯水。
2 锅中加入底油，放入花椒炸出香味，捞出不要。
3 下入肉末炒散，炒至变色。
4 放入葱姜末、豆角和小米辣大火翻炒均匀。
5 加入盐、味精、生抽、老抽定好味。
6 最后加入蒜末翻炒均匀即可。"
665378,https://home.meishichina.com/recipe-665378.html,白灼秋葵,秋葵：适量,,白灼汁或蒸鱼豉油：适量 | 葱丝：适量 | 热油：适量,"1 秋葵洗净切去两头，从中间剖开。
2 锅中加入水，放入盐和油，烧开后下入秋葵，再次开锅后焯20秒钟捞出控干水分。
3 码入盘中。
4 淋上白灼汁或蒸鱼豉油，放上泡过水的葱丝。
5 浇入热油，激发出香气即可。"
665373,https://home.meishichina.com/recipe-665373.html,手撕柠檬鸡,琵琶腿：适量,柠檬：适量 | 香菜：适量,葱姜：适量 | 料酒：适量 | 蒜粒：适量 | 小米辣：适量 | 香葱：适量 | 熟白芝麻：适量 | 盐：适量 | 糖：适量 | 生抽：适量 | 蚝油：适量 | 芝麻酱：适量,"1 锅里加入水，下入葱段、姜片、料酒、鸡腿水开后关小火焖煮20分钟。
2 投凉。
3 撕成小块。
4 取碗一个，加入蒜粒、小米辣、香葱、熟白芝麻。
5 用热油浇一下，激发出香味。然后加入盐、白糖、生抽、蚝油、芝麻酱搅拌均匀定好味。
6 把料汁倒入鸡肉上。
7 再放几片去籽的柠檬，挤点柠檬汁。
8 最后加入香菜拌匀即可。"
665372,https://home.meishichina.com/recipe-665372.html,宫保虾球,虾仁：200克,,盐：适量 | 白胡椒粉：适量 | 料酒：适量 | 玉米淀粉：适量 | 糖：适量 | 陈醋：适量 | 生抽：适量 | 老抽：适量 | 香油：适量 | 大葱段：适量 | 姜片：适量 | 蒜片：适量 | 干辣椒段：适量 | 花椒：适量,"1 200克虾仁从背部深切一刀，加入盐、白胡椒粉、料酒腌制20分钟，然后加入玉米淀粉拌匀。
2 宫保汁：把糖20克，陈醋20克，生抽15克，老抽3克，香油5克，玉米淀粉7克，水40克混合均匀。
3 锅中放入适量底油，把腌好的虾仁滑熟。
4 另起锅，加入少许底油，下花椒粒小火炸香，捞出花椒不要。
5 下入姜片、蒜片、干辣椒炒香，再加入大葱段炒出香味。
6 下入宫保汁炒至粘稠。
7 最后加入虾仁翻炒均匀。"
665357,https://home.meishichina.com/recipe-665357.html,胡萝卜茴香炒鸡蛋,鸡蛋：3个,胡萝卜碎：适量 | 茴香碎：适量,食用油：适量 | 料酒：适量 | 盐：适量,"1 胡萝卜洗净去皮，茴香洗净待用。
2 将胡萝卜擦成丝再切碎，茴香切成末。
3 碗中加入3个鸡蛋，加入少许料酒、盐、放入蔬菜末搅拌均匀。
4 锅中放入适量的食用油烧热，倒入蔬菜鸡蛋液。
5 煎制用小火。
6 取出放盘中，既有鸡蛋与蔬菜的香味，又很营养。"
665365,https://home.meishichina.com/recipe-665365.html,金汤肥牛,肥牛卷：适量,南瓜：适量 | 金针菇：适量 | 豆腐皮：适量（或青笋丝、娃娃菜）,野山椒：适量 | 小米辣：适量 | 线椒：适量 | 黄灯笼辣椒酱：适量 | 葱姜末：适量 | 料酒：适量 | 白胡椒粉：适量 | 盐、味精：适量 | 9度白醋：适量,"1 南瓜切片蒸熟。
2 压成泥。
3 取碗一个，放入南瓜泥，黄灯笼辣椒酱，野山椒水，白胡椒粉，盐、味精、9度白醋。
4 调成酱汁。
5 线椒、小米辣、野山椒分别改刀。
6 豆腐皮先焯水，然后下入金针菇焯水，捞出备用。
7 锅中加入料酒，下入肥牛卷焯至变色马上捞出。
8 沥干水分。
9 锅中加入少许底油，下入葱姜末和野山椒炒香。
10 下入调好的酱汁熬出香味。加入热水。
11 煮出香味后捞出料渣。
12 下入金针菇、豆腐皮烫一下，盛入盆中打底。
13 下入肥牛卷烫一下。
14 连汤一起盛入盆中。
15 撒上小米辣、线椒圈，用热油泼一下，激发出香味即可。"
665364,https://home.meishichina.com/recipe-665364.html,家常小炒鸡,小公鸡：1只,线椒或螺丝椒：适量,葱姜蒜：适量 | 花椒：适量 | 八角：适量 | 干辣椒：适量 | 盐：适量 | 糖：适量 | 味精：适量 | 老抽：适量 | 黑胡椒粉：适量 | 花椒油：适量,"1 小公鸡收拾干净。
2 斩成块，加入面粉和水抓洗一下，清洗干净沥干水。
3 锅中加入适量底油，按顺序下入八角、葱段、姜片、蒜瓣、干辣椒、花椒炒出香味。
4 下入鸡块，煸干水分。
5 烹入老抽，炒出酱香味后加入开水。
6 开锅之后下入盐转小火炖。
7 待鸡肉成熟时加入线椒或螺丝椒，下入味精、黑胡椒粉，糖定好味，大火收汁。
8 出锅前淋点花椒油提味即可。"
665362,https://home.meishichina.com/recipe-665362.html,荆芥炒凉粉,凉粉：适量,荆芥：适量,大蒜：适量 | 干辣椒：适量 | 盐：适量 | 味精：适量 | 老抽：适量 | 香油：适量,"1 凉粉切成方丁。
2 锅中加入少许底油，下入多一点的蒜片、干辣椒炒出香味。
3 加入少许水，下入凉粉转小火。
4 加入盐、味精、老抽定好味。把凉粉煨至透明。
5 起锅前淋点香油。
6 最后下入荆芥，关火，翻炒均匀即可。"
665356,https://home.meishichina.com/recipe-665356.html,虎皮鸡爪（非油炸）,鸡爪：适量,,葱姜：适量 | 料酒：适量 | 老抽：适量 | 八角：适量 | 花椒：适量 | 白芷：适量 | 香叶：适量 | 桂皮：适量 | 干辣椒：适量 | 豆瓣酱：适量 | 李锦记秘制红烧汁：适量 | 盐、糖：适量,"1 鸡爪剪去指甲，加入葱姜、料酒焯水3分钟。
2 捞出清洗干净。
3 控一下水加入老抽拌匀，放在架子上晾干表皮，或用吹风机吹一下更快。
4 空气炸锅200度烤20分钟，中途翻一下面。
5 电压力锅内加入葱姜、花椒、白芷、香叶、桂皮、八角、干辣椒、一大勺豆瓣酱、秘制红烧汁（或自己炒个糖色），适量盐、糖。下入鸡爪，加入水没过鸡爪。
6 压熟即可。（时间根据自家压力锅调节）"
665354,https://home.meishichina.com/recipe-665354.html,椒香爽口青花椒嫩鱼,草鱼：1.5kg | 豆芽：50g | 金针菇：50g | 土豆片：100g | 蒜泥：20g | 葱：10g | 姜：10g,蒜泥：20g | 葱：10g | 姜：10g,青花椒嫩鱼调料：一袋,"1 将上面提到的食材处理好之后放置备用，注意腌鱼的时候可以用调料中的腌鱼包来腌制，可以根据自己的口味适当调味。或者直接鱼片加蛋清、盐、料酒和一点点淀粉腌10分钟。
2 炒锅热油，爆香葱姜蒜，倒入调料炒香；
3 调料炒香后，再加水煮沸，水先放700ml左右，放入豆芽、土豆片焯一下捞出垫底；
4 然后再次将水煮沸后，依次放入鱼头、鱼排、鱼片。先加鱼头煮1分钟，再加入鱼排煮0.5分钟加入鱼肉继续煮1-2分钟，滑熟即起锅；
5 最后一个步骤就是淋油，青花椒嫩鱼的灵魂就在于淋油。将调料中的干料包倒在上层，然后将油烧热，浇上一勺热油，激出青花椒香味，完成。"
665325,https://home.meishichina.com/recipe-665325.html,香菇鸡腿烩豆腐,鸡腿：1个,干香菇：适量 | 保元汤：一大碗,盐：少许 | 方便面酱：1代 | 豆腐：适量,"1 鸡腿一个去皮清水冲洗干净。
2 垛成小块备用。
3 干香菇泡发洗净备用。
4 鸡腿用方便面的酱适量腌制二十分钟。
5 豆腐用手掰开成小块。
6 放盘子里备用。
7 放上泡好的香菇。
8 锅里倒入保元汤烧开。
9 倒入腌好的鸡腿。
10 倒入豆腐一起开小火慢炖。
11 放入大葱。
12 在小火炖致鸡腿烂熟在加入少许盐盐。
13 盛出来（成品图）。"
665349,https://home.meishichina.com/recipe-665349.html,虾味球夜开花煮魔芋粉丝,魔芋粉丝：60克 | 虾味球：100克 | 夜开花：1根,,盐：适量 | 味精：适量,"1 食材：魔芋粉丝、虾味球、夜开花。
2 随后，取60克魔芋粉丝放入盘中。
3 将夜开花去皮清洗清洗捞出。
4 放在案板上切成片。
5 起锅倒油烧热，下入切好的夜开花翻炒翻炒。
6 接着，合入虾味球和魔芋粉丝、加适量的清水。
7 煮上5分钟。
8 然后，加适量的盐。
9 加适量的味精。
10 调味翻匀即可。"
665348,https://home.meishichina.com/recipe-665348.html,海鲜菇咸菜炒梅豆,梅豆：150克 | 咸菜：180克 | 海鲜菇：86克,,盐：适量 | 味精：适量,"1 食材：梅豆、咸菜（已清洗）、海鲜菇（已清洗）。
2 将梅豆折成段清洗清洗捞出。
3 将咸菜放在案板上切碎。
4 将海鲜菇放在案板上切开。
5 将梅豆下入清水锅中焯开4到5分钟。
6 接着，合入切好的海鲜菇焯上1到2分钟捞出。
7 起锅倒油烧热，下入切好的咸菜翻炒翻炒。
8 然后，合入焯好的梅豆和海鲜菇翻炒翻炒。
9 最后，加适量的盐。
10 加适量的味精。
11 调味炒匀即可。"
665347,https://home.meishichina.com/recipe-665347.html,魔芋结炒花菜,魔芋结：2盒 | 花菜：295克,,酱油：适量 | 盐：适量 | 味精：适量,"1 食材：魔芋结、花菜（已掰成小朵在盐水浸泡30分钟清洗）。
2 将魔芋结拆开包装，清洗清洗捞出。
3 起锅倒油烧热，下入花菜翻炒翻炒。
4 接着，加适量的清水。
5 煮开、煮至花菜断生。
6 然后，合入魔芋结翻炒翻炒。
7 最后，加适量的酱油。
8 加适量的盐。
9 加适量的味精。
10 调味炒匀即可。"
665346,https://home.meishichina.com/recipe-665346.html,什锦炒千张,厚千张：183克 | 青椒：1个 | 红椒：1个 | 黑木耳：10克,,盐：适量 | 味精：适量,"1 食材：厚千张、青红椒（已去蒂去籽清洗）、黑木耳（已泡发清洗）。
2 将厚千张放在案板上切开。
3 将黑木耳放在案板上切开。
4 将青红椒放在案板上切开。
5 接着，将切好的厚千张和黑木耳下入沸水锅中焯开，1到2分钟后捞出。
6 起锅倒油烧热，下入切好的青红椒翻炒翻炒至断生。
7 然后，合入炒好的厚千张和黑木耳翻炒翻炒。
8 最后，加适量的盐。
9 加适量的味精。
10 调味炒匀即可。"
665332,https://home.meishichina.com/recipe-665332.html,肉末酸豆角,酸豆角：适量,猪肉末：适量,葱蒜末：这量 | 生抽：1勺 | 蚝油：1勺 | 白糖：半勺 | 味素：少许 | 花椒粉：少许,"1 腌好的酸豆角洗净切小块。
2 猪肉切末。
3 油热下猪肉末炒香，加葱蒜末炒匀。
4 加调料炒香。
5 放入酸豆角炒香。
7 可做面条卤子。"
665326,https://home.meishichina.com/recipe-665326.html,川味上汤酸菜鱼,草鱼：1.5kg,蒜泥：10g | 姜丝：10g | 红辣椒：10g | 香菜：5g | 葱花：5g,上汤酸菜鱼调料：300g | 盐：适量,"1 下料腌鱼：将活鱼约1.5kg去内脏、切片，加金宫上汤酸菜鱼腌料包15g腌制3～5分钟待用。
2 起锅开火，倒入适量的食用油，将鱼片倒入锅中煎至微微熟然后捞出；
3 香炒酸菜：锅中加油200-250g烧热，将金宫上汤酸菜鱼酸菜包炒匀出香，锅中加水或者鲜汤约0.8-1kg水煮沸，加入金宫上汤酸菜鱼调味料包烧沸。
4 上汤煮鱼：先加入鱼头煮1分钟，再加入鱼排煮0.5分钟后，加入鱼片继续煮1～2分钟起锅。
5 最后一步，为了增香，你可以增加一步淋油！将需要的辅料蒜泥、葱花等佐料放到碗中，然后将油烧热后淋到鱼肉上使鱼肉生香。
6 成品，汤色有食欲，酸菜脆爽开胃，鱼肉裹满酸香骨汤，咬一口直接滑进喉咙。"
665316,https://home.meishichina.com/recipe-665316.html,芹菜叶炒海带,芹菜叶：一把 | 海带：150g,蒜：少许 | 红辣椒：少许,花生油：适量 | 盐：少许 | 生抽：少许,"1 择好的芹菜叶，洗净，沥干水分。
2 切好备用。
3 泡好的海带，沥干水分。
4 切丝备用。
5 蒜切片，红辣椒切段，备用。
6 锅烧热放适量油，倒入蒜和红辣椒，炒出香味，再倒入芹菜叶和海带丝加少许盐和生抽调味，翻炒片刻即可。
7 美味可口。"
665309,https://home.meishichina.com/recipe-665309.html,葱爆海参,海参：3个,大葱段：半根,,"1 海参，大葱切段。
2 爆锅。
3 下海参，加半杯水。
4 ?蚝油酱油盐糖。
5 炖5分钟。
6 收汤。
7 上桌原图。
8 美图。"
665301,https://home.meishichina.com/recipe-665301.html,肉末烧海带,水发海带：250g | 肉末：50g,葱花：5g | 清水：少许,花生油：适量 | 盐：3g | 生抽：15g | 鸡精：少许,"1 水发海带洗净，切丝。
2 肉末，备用。
3 葱花备用。
4 炒锅置火上，倒入适量花生油，待油温烧至七成热，加肉末煸炒，放入葱花炒香，倒入海带丝翻炒均匀，加生抽和少许清水烧至海带软烂，用盐和鸡精调味即可。
5 出锅装盘。
6 美味可口。"
665294,https://home.meishichina.com/recipe-665294.html,韭菜拌粉丝,韭菜：一把 | 龙口粉丝：一团,蒜：少许 | 红辣椒：少许 | 白芝麻：少许 | 鸡蛋：一个,花生油：适量 | 盐：适量 | 鸡精：少许 | 生抽：少许 | 香醋：少许,"1 龙口粉丝备用。
2 龙口粉丝开水烫一下，捞出，沥干水分。
3 择好的韭菜，加入清水清洗一下，沥干水分。
4 切寸段。(长一点更好）
5 水热，放入一勺盐少许食用油，下入韭菜根焯烫20秒，再下韭菜叶。
6 捞出，过凉水，攥干水分，备用。
7 鸡蛋敲入碗中，备用。
8 热锅刷食用油，关火倒鸡蛋液，转动锅摊平鸡蛋液，翻动一下，取出，改刀切成小条，如图所示。
9 蒜末和红辣椒段，备用。
10 韭菜中放入粉丝、鸡蛋条、蒜末、辣椒段和白芝麻。
11 淋上热油激发出香味，加入适量盐、少许鸡精、生抽和香醋，
12 用手翻拌均匀。
14 美味可口。"
663199,https://home.meishichina.com/recipe-663199.html,红烧牛尾骨,牛尾骨：适量,八角：适量 | 桂皮：适量 | 香叶：适量 | 蒜头：适量,花生油：适量 | 生抽：适量 | 蚝油：适量 | 盐：适量,"1 八角，桂皮，香叶备用。
2 蒜头和姜片备用。
3 牛尾骨冷水下锅焯烫出血水后没有？洗净。
4 锅中热油放入香料炒香。
5 放入牛尾骨翻炒炒出香味。
6 加入适量蚝油，生抽，老抽。
7 翻炒均匀上色入味。
8 炒过的牛尾骨转入高压锅中。
9 加入适量清水，放入姜片和蒜头。
10 高压锅大火煮开转中火压20分钟左右，收汁即可。"
665266,https://home.meishichina.com/recipe-665266.html,麻辣干锅,藕：一节 | 玉米：一根 | 土豆：两个 | 干香菇：12个 | 丸子：适量 | 虾：10个 | 洋葱：一个,蒜瓣：7瓣 | 生姜：一块 | 花椒：适量 | 小米辣：五个 | 芹菜：两根,豆瓣酱：适量 | 食用油：适量 | 盐：适量,"1 准备蒜瓣，生姜，小米辣切好。
2 土豆，藕，玉米，芹菜清洗干净备着。
3 干香菇泡水准备着。
4 洋葱切好备用。
5 切好蔬菜素材。
6 准备丸子类拿出凉着。
7 虾洗好备着。
8 锅里加水煮素材七分熟捞起。
9 煮完蔬菜的水煮丸子，七成熟捞起。
10 锅里放油，油热后加入生姜蒜瓣花椒调料爆香，放入洋葱翻炒。
11 再放入豆瓣酱翻炒。
12 放盐一起炒成这样。
13 再放入煮好的蔬菜和丸子一起翻炒。
14 炒至无水份，大约五六分钟，放入芹菜段。
15 一起翻炒均匀，放入白芝麻起锅（我没有白芝麻放的黑芝麻）。
16 盛入盆里完成，成品图。"
665288,https://home.meishichina.com/recipe-665288.html,红薯杆炒鸡蛋,红薯杆：一把个 | 鸡蛋：两个,红辣椒：少许,花生油：适量 | 盐：少许,"1 红薯杆洗净，放入盆中，备用。
2 淖一下，切寸段，挤出多余水分。
3 放入盘中。
4 鸡蛋敲入碗中，加少许盐搅散，备用。
5 锅烧热放适量油，倒入鸡蛋液，翻炒一下，用铲子捣块，再倒入红辣椒和红薯杆加少许盐调味，大火翻炒几下即可。
6 出锅装盘。
7 美味可口。"
665285,https://home.meishichina.com/recipe-665285.html,锅巴土豆 锅巴山药,土豆：2个,山药：一根,脆皮炸粉：一盒,"1 洗干净上锅蒸15分钟。
2 晾凉，刮皮。
3 切块。
4 裹脆皮粉。
5 按说明调好。
6 蘸面糊糊，。
7 炸。
8 金黄色就好啦。
9 蘸上自制椒盐。
10 棒。"
665284,https://home.meishichina.com/recipe-665284.html,懒人版糖醋里脊,猪小里脊：2根,脆皮炸粉：一罐,,"1 两条猪里脊切成条，打入两个鸡蛋让肉嫩一下。
2 加盐白胡椒粉搅拌均匀淹15分钟。
3 腌好的里脊肉汤汁全部吸收。
4 脆皮炸粉，某宝买的，觉得还挺好用。
5 有水，油刻度照着加就行了，买过一次，炸完是脆的。
6 说明调好。
7 裹上脆皮糊糊，八成热油锅，炸。
8 调糖醋汁番茄酱苹果醋糖1：1：0.5，搅拌均匀后加点水。
9 都炸好了。
10 热油，炒糖醋汁。
11 炒粘稠。
12 倒入里脊，翻炒均匀，加上白芝麻。
13 一大盆，绝对糖醋里脊自由调的糖醋汁有些少了，可以双倍。"
665277,https://home.meishichina.com/recipe-665277.html,彩椒炒甘蓝,黄彩椒：1个 | 红彩椒：1个,甘蓝：适量 | 蒜蓉：适量,食用油：适量 | 料酒：适量 | 生抽：少许 | 盐：适量,"1 将黄彩椒、红彩椒分别切成丝、蒜切成末。
2 甘蓝去梗切成丝状。
3 锅中放入适量的食用油烧热，放入甘蓝翻炒几下。
4 再放入红、黄彩椒，料酒、生抽、盐快速翻炒。
5 加入蒜蓉，快速翻炒出锅。
6 菜品红黄绿色，营养丰富，清淡可口。"
665212,https://home.meishichina.com/recipe-665212.html,清蒸黄花鱼,黄花鱼：1条,葱段：3段 | 姜片：3片 | 鲜花椒：适量 | 红椒圈：适量,食用盐：适量 | 料酒：适量 | 白灼汁：适量 | 盐：适量,"1 将黄花魚处理干净。
2 加入料酒、盐、白灼汁腌10分钟。
3 锅中水烧开，黄花魚上放入姜片葱段。
4 蒸6分钟后将盘中的汤汁倒掉，然后再加入白灼汁、食用盐继续蒸5分钟。
5 鲜花椒，红椒圈。
6 蒸好的黄花魚用鲜花椒红椒圈点缀。"
665257,https://home.meishichina.com/recipe-665257.html,香煎马哈鱼,大马哈鱼：1段,,食用油：适量 | 料酒：适量 | 生抽：少许 | 盐：适量,"1 将马哈魚洗净（这是淡淡的咸，尚需加点盐)。
2 锅中放入适量的食用油烧热，放入马哈魚块煎制（一定要无水，防止溅油)。
3 魚块的各个面都一一剪成金黄色。
4 加入适量的料酒、生抽、盐（这个颜色正)。
5 盛出马哈点块，口感紧致鲜美（桌子无阳光略显深了点)。"
665259,https://home.meishichina.com/recipe-665259.html,海鲜菇虾仁炒脆瓜,脆瓜：303克 | 海鲜菇：103克 | 虾仁：135克,,料酒：适量 | 盐：适量 | 味精：适量,"1 食材：脆瓜（已清洗）、海鲜菇（已清洗）、虾仁（已清洗）。
2 在虾仁里加适量的料酒。
3 拌匀。
4 将脆瓜切去两头对半切开、挖去瓜瓤。
5 切成片。
6 将海鲜菇放在案板上切开。
7 将切好的海鲜菇下入沸水锅中焯上1到2分钟捞出。
8 起锅倒油烧热，下入虾仁翻炒翻炒。
9 接着，合入切好的脆瓜和焯好的海鲜菇翻炒翻炒。
10 然后，加适量的盐。
11 加适量的味精。
12 调味炒匀即可。"
665258,https://home.meishichina.com/recipe-665258.html,红椒猪舌头炒西芹,熟猪舌头：122克 | 红椒：102克 | 西芹：276克,,盐：适量 | 味精：适量,"1 食材：熟猪舌头、红椒（已清洗）、西芹。
2 将西芹抽去筋清洗清洗捞出。
3 放在案板上斜切成块。
4 将红椒放在案板上切成块。
5 将熟猪舌头放在案板上切成片。
6 将切好的西芹和红椒下入沸水锅中焯上1到2分钟后捞出。
7 起锅倒油烧热，下入焯好的西芹和红椒翻炒翻炒。
8 接着，合入切好的熟猪舌头翻炒翻炒。
9 然后，加适量的盐。
10 加适量的味精。
11 调味炒匀即成。"
665249,https://home.meishichina.com/recipe-665249.html,香干黑木耳炒脆瓜,脆瓜：250克 | 黑木耳：13克 | 香干：122克,,盐：适量 | 味精：适量,"1 食材：脆瓜（已清洗）、黑木耳（已泡发清洗）、香干。
2 将香干放在案板上切成片。
3 将脆瓜切去两头对半切开、挖去瓜瓤。
4 切成片。
5 将黑木耳下入沸水锅中焯开捞出。
6 起锅倒油烧热，下入切好的脆瓜、香干和焯好的黑木耳翻炒翻炒。
7 然后，加适量的盐。
8 加适量的味精。
9 调味炒匀即可。"
665248,https://home.meishichina.com/recipe-665248.html,茭白油面筋烧鸡爪,鸡爪：300克 | 油面筋：7个 | 茭白：2株,,料酒：适量 | 酱油：适量 | 盐：适量 | 零卡糖：适量,"1 食材：鸡爪（已清洗焯水）、油面筋、茭白。
2 将茭白剥壳清洗清洗捞出。
3 放在案板上切成滚刀块。
4 将鸡爪放在案板上剁开。
5 随后，将切好的茭白下入沸水锅中焯上1分钟捞出。
6 起锅倒油烧热，下入剁好的鸡爪翻炒翻炒。
7 接着，加适量的清水。
8 加适量的料酒。
9 加适量的酱油。
10 加适量的盐。
11 加适量的零卡糖。
12 调味烧煮10分钟。
13 然后，合入焯好的茭白烧煮5分钟。
14 最后，将油面筋挖一个洞一起合入茭白、鸡爪里烧煮2分钟。
15 关火出锅。"
665241,https://home.meishichina.com/recipe-665241.html,韭菜炒木耳,韭菜：一把 | 木耳：少许,,花生油：适量 | 盐：适量,"1 择好的韭菜，洗净，沥干水分。
2 切寸段，备用。
3 水发木耳洗净，撕成小朵，锅置火上，将泡好的木耳放沸水，盛出，沥干，放入盆中，备用。
4 锅烧热放适量油，倒入韭菜，翻炒一下，再倒入木耳加适量盐调味，翻炒几下即可。
5 出锅装盘即食。
6 美味可口。"
665222,https://home.meishichina.com/recipe-665222.html,肉沫焖豆角子,豆角：一把,肉沫：一小碗,,"1 准备一把豆角。
2 切成小丁。
3 起锅焯水。
4 猪肉剁成末，大蒜切成小片。
5 生抽，老抽，蚝油，淀粉，花椒。
6 豆角焯好水捞出。
7 油热放蒜片。
8 放猪肉末。
9 翻炒几下放豆角。
10 翻炒均匀。
11 倒入准备好的调料水。
12 装盘。"
665231,https://home.meishichina.com/recipe-665231.html,红辣椒炒红薯叶,红薯叶：一把 | 红辣椒：一小把,,花生油：适量 | 盐：适量,"1 享受田园生活。
2 放松心情！
3 自家地的红薯叶。
4 新摘的红薯叶洗净，沥干水分，备用。
5 新摘的红辣椒，备用。
6 切圈。
7 锅烧热放适量油，倒入红辣椒炒香，再倒入红薯叶加适量盐，翻炒几下即可。
8 出锅装盘即食。
9 香辣美味。"
665200,https://home.meishichina.com/recipe-665200.html,丝瓜西红柿炖土豆,丝瓜：1根 | 土豆：3个,西红柿：2个,食用油：适量 | 生抽：适量 | 料酒：适量 | 盐：适量,"1 将丝瓜去皮切滚刀块。
2 锅中加入食用油先放土豆煮制，再加入料酒、生抽、盐、土豆八分熟放入丝瓜。
3 加入去皮的西红柿稍炖一下。
4 将菜品盛入盘中，颜色美观，营养丰富。"
665226,https://home.meishichina.com/recipe-665226.html,干豆角炒肉丝,肉丝：三两 | 干豆角：一小把,红辣椒：两个,花生油：适量 | 盐：适量 | 生抽：少许,"1 肉丝，备用。
2 干豆角用温水泡软后清洗干净，沥干水分，切段，备用。
3 红辣椒洗净，去蒂去籽，切丝，蒜切片。
4 锅烧热放适量油，倒入肉丝，煸炒，再倒入红辣椒丝和蒜片，炒香，继续倒入豆角加适量盐和少许生抽调味，翻炒几下即可。
5 出锅装盘。
6 美味可口。"
665225,https://home.meishichina.com/recipe-665225.html,红辣椒炒腐竹,腐竹：一把 | 红辣椒：五个,,花生油：适量 | 盐：少许,"1 红辣椒洗净，备用。
2 去蒂去籽，切丝。
3 腐竹用清水泡发一夜。
4 捞出，挤出多余水分，切段，备用。
5 锅烧热放适量油，倒入辣椒丝加少许盐，炒出香味，再倒入腐竹，翻炒几下即可。
6 出锅装盘。
7 香辣可口。"
665221,https://home.meishichina.com/recipe-665221.html,香菇鸡蛋炒脆瓜,脆瓜：313克 | 新鲜香菇：2个 | 鸡蛋：2只,,料酒：适量 | 盐：适量,"1 食材：脆瓜（已清洗）、新鲜香菇（已洗净）、鸡蛋。
2 将鸡蛋打入碗里、加适量的料酒。
3 打成蛋液。
4 将脆瓜切去两头对半切开、挖去瓜瓤。
5 切成片。
6 将新鲜香菇放在案板上切成片。
7 接着，将切好的新鲜香菇下入沸水锅中焯上2分钟。
8 起锅倒油烧热，下入蛋液翻炒翻炒成块。
9 然后，合入焯好的香菇和切好的脆瓜翻炒翻炒。
10 最后，加适量的盐。
11 调味炒匀即可。"
665220,https://home.meishichina.com/recipe-665220.html,茭白烧素鸡,素鸡：346克 | 茭白：3株,,酱油：适量 | 盐：适量 | 零卡糖：适量 | 味精：适量,"1 食材：素鸡、茭白。
2 将茭白剥壳清洗清洗捞出。
3 放在案板上切成滚刀块。
4 将素鸡放在案板上切开。
5 随后，将切好的茭白下入沸水锅中焯上1分钟捞出。
6 起锅倒油烧热，下入切好的素鸡两面煎一下盛出。
7 接着，下入焯好的茭白翻炒翻炒。
8 然后，合入煎好的素鸡，加适量的清水。
9 加适量的酱油。
10 加适量的盐。
11 加适量的零卡糖。
12 调味烧煮。
13 最后，烧煮至汤汁差不多了、加适量的味精。
14 翻匀即可。"
665211,https://home.meishichina.com/recipe-665211.html,猪肝炒彩椒,猪肝：适量,黄彩椒：1个 | 绿彩椒：1个 | 蒜蓉：适量,食用油：适量 | 料酒：适量 | 生抽：适量 | 盐：适量 | 淀粉水：适量,"1 猪肝洗净切成片。
2 蒜蓉。
3 彩椒切成丝状。
4 锅中放适量的食用油烧热，先炒猪肝至无血取出。
5 再下入彩椒稍炒一下。
6 放入炒好的猪肝，料酒、生抽、盐、蒜蓉、快速翻炒即可出锅。
7 可淋入适量的淀粉水。
8 淋入淀粉水快炒出锅。
9 成品出锅装盘，猪肝需快炒才嫩不柴。"
665202,https://home.meishichina.com/recipe-665202.html,乌贼鲞炒西芹,乌贼鲞：150克 | 西芹：225克,,料酒：适量 | 盐：适量 | 味精：适量,"1 食材：乌贼鲞、西芹。
2 将乌贼鲞用清水浸泡3到4个小时（中间换一次清水）。
3 将浸泡好的乌贼鲞去骨清洗清洗捞出。
4 放在案板上切开。
5 将西芹抽去筋清洗清洗捞出。
6 放在案板上斜切成块。
7 将切好的西芹下入沸水锅中焯上1到2分钟后捞出。
8 起锅倒油烧热，下入切好的乌贼鲞、加适量的料酒。
9 翻炒翻炒。
10 接着，合入焯好的西芹翻炒翻炒。
11 然后，加适量的盐。
12 加适量的味精。
13 调味炒匀即可。"
665189,https://home.meishichina.com/recipe-665189.html,香菇油面筋炒鸡毛菜,鸡毛菜：227克 | 油面筋：6个 | 新鲜香菇：2个,,盐：适量,"1 食材：鸡毛菜（已洗净）、油面筋、新鲜香菇（已清洗）。
2 将新鲜香菇放在案板上切成片。
3 接着，将切好的新鲜香菇下入沸水锅中焯上2分钟。
4 再取油面筋挖一个洞合入香菇里焯开捞出。
5 起锅倒油烧热，下入鸡毛菜翻炒翻炒。
6 然后，合入焯好的油面筋和香菇翻炒翻炒。
7 最后，加适量的盐。
8 调味炒匀即可。"
664824,https://home.meishichina.com/recipe-664824.html,酸辣莲藕,莲藕：适量,小米辣：适量,花生油：适量 | 盐：适量 | 陈醋：适量,"1 莲藕去皮洗净切薄片。
2 蒜头和小米辣备用。
3 锅中水开，放入莲藕煮开焯烫后捞出。
4 锅中热油放入蒜头和小米辣。
5 放入莲藕翻炒，大火快速翻炒。
6 少许盐调味炒匀。
7 出锅前加入陈醋炒匀即可。"
665079,https://home.meishichina.com/recipe-665079.html,剁椒大骨,大骨：适量,蒜头：适量,花生油：适量 | 剁椒：适量 | 白糖：适量 | 蚝油：适量,"1 大骨冷水下锅焯烫出血水后洗净。
2 洗净的大骨放入高压锅中。
3 加入适量清水。
4 高压锅大火压20分钟左右。
5 压好的捞出晾凉。
6 蒜头拍扁剁碎。
7 锅中热油炒香蒜末。
8 放入剁椒酱炒匀。
9 适量蚝油白糖调味。
10 加入适量清水，大火煮开。
11 放入大骨。
12 盖上中小火焖5分钟左右即可。"
664772,https://home.meishichina.com/recipe-664772.html,泡菜排骨锅,排骨：适量,辣白菜：适量 | 洋葱：适量,花生油：适量,"1 排骨焯水洗净备用。
2 洋葱洗净切细。
3 锅中热油放入洋葱炒出香味。
4 放入排骨翻炒。
5 加入适量清水。
6 大火煮开转小火煲40分钟左右。
7 腌的辣白菜备用，没有的可以买现成的。
8 40分钟后排骨已炖软烂。
9 放入辣白菜，倒入辣白菜的汁。
10 大火煮开几分钟左右入味即可。"
665184,https://home.meishichina.com/recipe-665184.html,乌贼鲞煮冬瓜,乌贼鲞：130克 | 冬瓜：625克,,料酒：适量 | 盐：适量 | 味精：适量,"1 食材：乌贼鲞、冬瓜。
2 将乌贼鲞用清水浸泡3到4个小时（中间换一次清水）。
3 将浸泡好的乌贼鲞去骨清洗清洗捞出。
4 放在案板上切开。
5 放入盘子里，加适量的料酒。
6 拌匀。
7 将冬瓜去皮去籽清洗清洗捞出。
8 放在案板上切成片。
9 起锅倒油烧热，下入切好的冬瓜翻炒翻炒。
10 接着，加适量的清水。
11 煮上5到6分钟。
12 然后，合入乌贼鲞翻动翻动煮上2到3分钟。
13 最后，加适量的盐。
14 加适量的味精。
15 调味翻匀即可。"
664770,https://home.meishichina.com/recipe-664770.html,肉沫焖腐竹,肉沫：适量 | 腐竹：适量,葱花：适量,花生油：适量 | 生抽：适量 | 蚝油：适量 | 盐：适量,"1 肉沫提前绞碎备用。
2 腐竹提前泡发后剪小段。
3 锅中热油放入肉沫，炒干水份。
4 加入适量生抽，蚝油，盐调味。
5 翻炒均匀上色入味。
6 放入腐竹翻炒。
7 加入适量清水。
8 大火煮开转小火焖五分钟左右，出锅前放入葱花即可。"
665179,https://home.meishichina.com/recipe-665179.html,辣炒磷虾,干磷虾：50克,辣椒：3个 | 小葱：一根,,"1 所需食材：干磷虾、辣椒、小葱。
2 小葱切小丁备用。
3 辣椒切小粒。
4 起锅加少许油，加入辣椒炒出辣味。
5 加入磷虾继续翻炒。
6 加入小葱翻炒均匀即可。
7 炒好了，全程没加任何调料。
8 伴粥吃也很鲜美。"
665177,https://home.meishichina.com/recipe-665177.html,莲花白炒肉,莲花白：1棵,熟大肉：少许,红辣椒：1个 | 盐：少许 | 油：少许 | 皮芽子：1个,"1 莲花白洗净掰开掰成小块。
2 红辣椒切成小块备用。
3 皮芽子切成小块备用。
4 锅里倒入少许油热后下入包包菜，下入洋葱。
5 下入红辣椒翻炒。
6 下入熟大肉一起翻炒加入少许盐调味。
7 加入少许水继续炒至熟。
8 出锅了。"
664750,https://home.meishichina.com/recipe-664750.html,丝瓜虾仁烙,丝瓜：适量 | 虾仁：适量 | 鸡蛋：适量,番薯粉：适量,花生油：适量 | 鱼露：适量,"1 虾去头去壳洗净备用。
2 丝瓜去皮洗净切细备用。
3 虾仁切小粒。
4 加入丝瓜。
5 加入番薯粉。
6 加入鸡蛋。
7 适量鱼露调味。
8 抓拌均匀至无干粉。
9 锅中热油舀入丝瓜虾仁薯粉液。
10 小火煎至两面金黄即可。"
664749,https://home.meishichina.com/recipe-664749.html,藕夹,莲藕：适量 | 前腿肉：适量,葱花：适量,花生油：适量 | 玉米淀粉：适量 | 生抽：适量 | 蚝油：适量 | 盐：适量,"1 莲藕去皮洗净切片备用。
2 前腿肉绞碎备用。
3 加入适量葱花，生抽，蚝油，玉米淀粉搅拌均匀。
4 取一片莲藕片，酿上肉馅。
5 再取一片莲藕按压紧即可。
6 酿好的莲藕滚上一圈玉米淀粉。
7 锅中热油放入莲藕夹。
8 中小火煎至微焦。
9 加入适量清水。
10 适量蚝油，老抽和盐调味。
11 煮开转小火焖3至5分钟左右入味，收汁即可。"
665163,https://home.meishichina.com/recipe-665163.html,苦瓜炒蛋,苦瓜：1根,鸡蛋：2个,油：少许 | 盐：适量,"1 将苦瓜洗净挖去籽备用。
2 切成小片备用。
3 放在盘子里面备用。
4 锅里烧开水加盐少许。
5 倒入苦瓜焯水2分钟后捞出来放盘子里备用。
6 2个鸡蛋打在碗中搅散放入盐调味。
7 锅里放油热后倒入蛋液等定型后装盘备用。
8 另起锅/烧油倒入苦瓜片鸡蛋倒入一起翻炒。
9 加入少许盐调味出锅。"
665162,https://home.meishichina.com/recipe-665162.html,鸭腿肉拌秋葵,鸭腿：1个 | 秋葵：20-30根,胡萝卜：1/4根 | 红辣椒：2颗,生抽：2勺,"1 准备好食材。
2 秋葵洗净去蒂，纵向对半切开。胡萝卜去皮，切粗丝。辣椒洗净去蒂去籽，切薄片。
3 水烧开，放入秋葵和胡萝卜丝焯熟，冲凉沥水。
4 鸭腿煮透，放凉后去皮，肉撕碎。
5 少放一点点油，煸香辣椒。
6 将所有食材拌匀，浇入两勺生抽即可。
7 夏日减脂菜。"
665161,https://home.meishichina.com/recipe-665161.html,清炒小河虾,小河虾：250g,葱：适量,姜：适量,"1 小河虾多洗几遍，控干水，准备些葱姜就行了。
2 葱姜爆锅。
3 倒入控干水份的虾。
4 炒个两三分钟，炒干水份。
5 加盐，再来点黄酒去腥。
6 出锅，原图。
7 美图。"
664748,https://home.meishichina.com/recipe-664748.html,梅干菜烧鸡爪,鸡爪：适量 | 梅干菜：适量,蒜头：适量 | 葱花：适量,花生油：适量 | 生抽：适量 | 老抽：适量 | 蚝油：适量 | 剁椒：适量,"1 梅干菜提前泡发备用。
2 蒜头拍扁剁碎。
3 鸡爪去甲焯水后洗净备用。
4 锅中热油放入蒜末炒香。
5 加入剁椒翻炒均匀。
6 放入鸡爪炒匀。
7 加入适量蚝油，生抽，老抽。
8 翻炒均匀上色入味。
9 放入梅干菜。
10 翻炒均匀。
11 炒过的鸡爪转入高压锅中，大火十分钟左右即可。"
665156,https://home.meishichina.com/recipe-665156.html,干煸豇豆,豇豆：一把,蒜：少许 | 姜：少许 | 干辣椒：少许 | 花椒：少许,花生油：适量 | 盐：少许 | 白糖：少许 | 生抽：少许 | 醋：少许 | 味精：少许,"1 首先长豆角切成长一点的段，如图所示。
2 锅里放入适量油，油温6成热下豆角，炸至虎皮状。
3 捞出放入盆中，备用。
4 食材备用。
5 锅留底油下姜、蒜、花椒和干辣椒。
6 炒出香味后下入炸好的长豆角，调味加少许盐、白糖、味精、生抽和醋，然后翻炒均匀，撒上白芝麻就可以出锅了。
7 如图所示。
8 装盘即食。
9 香辣下饭。"
664728,https://home.meishichina.com/recipe-664728.html,蒜蓉粉丝蒸鱼片,粉丝：适量 | 鱼片：适量,葱花：适量 | 蒜蓉酱：适量,花生油：适量 | 生抽：适量 | 老抽：适量,"1 粉丝提前泡发备用。
2 鱼片清洗一下备用（鱼用的安井）。
3 粉丝加入适量蒜蓉酱和生抽，老抽。
4 翻拌均匀上色。
5 将鱼片平铺在粉丝上。
6 加入蒜蓉酱，蒜蓉酱可以买现成的或者自己炒。
7 锅中水开，放入粉丝鱼片。
8 大火蒸十分钟左右断生，出锅前放入葱花即可。"
665140,https://home.meishichina.com/recipe-665140.html,蒜蓉白皮南瓜,白皮南瓜：一个,蒜：适量,花生油：适量 | 盐：少许 | 生抽：少许,"1 白皮南瓜备用。
2 洗净，削皮，切薄片。
3 切好的蒜备用。
4 起锅烧油，下入蒜片爆香，再倒入南瓜片，加少许清水，快速翻炒，待南瓜片略呈透明状，收汁，调入少许盐和生抽，炒匀即可。
5 出锅装盘。
6 蒜香美味！"
665139,https://home.meishichina.com/recipe-665139.html,香菇猪舌头炒夜开花,熟猪舌头：123克 | 新鲜香菇：2个 | 夜开花：1根,,盐：适量,"1 食材：熟猪舌头、新鲜香菇（已清洗）、夜开花。
2 将夜开花去皮清洗清洗捞出。
3 放在案板上切成片。
4 将新鲜香菇放在案板上切成片。
5 将熟猪舌头放在案板上切成片。
6 起锅倒油烧热，下入切好的夜开花和新鲜香菇翻炒翻炒。
7 接着，加适量的清水。
8 翻动翻动煮上5到6分钟。
9 然后，合入切好的熟猪舌头翻炒翻炒。
10 最后，加适量的盐。
11 调味炒匀即可。"
665138,https://home.meishichina.com/recipe-665138.html,香菇千张炒西芹,新鲜香菇：3个 | 厚千张：59克 | 西芹：220克,,盐：适量,"1 食材：新鲜香菇（已清洗）、厚千张、西芹。
2 将西芹抽去筋清洗清洗捞出。
3 放在案板上斜切成块。
4 将新鲜香菇放在案板上切成片。
5 将厚千张放在案板上切开。
6 将切好的西芹厚千张和新鲜香菇下入沸水锅中焯上1到2分钟后捞出。
7 起锅倒油烧热，下入焯好的西芹、厚千张和新鲜香菇翻炒翻炒。
8 然后，加适量的盐。
9 调味炒匀即可。"
665137,https://home.meishichina.com/recipe-665137.html,香干炒丝瓜,香干：2块 | 丝瓜：2根,,盐：适量 | 味精：适量,"1 食材：香干、丝瓜。
2 将瓜去皮清洗清洗捞出。
3 放在案板上切成片。
4 将香干放在案板上切成片。
5 起锅倒油烧热，下入切好的香干和丝瓜翻炒翻炒。
6 然后，加适量的盐。
7 加适量的味精。
8 调味炒匀即可。"
664936,https://home.meishichina.com/recipe-664936.html,青椒炒茄子,茄子：一根,青椒：三个 | 肉：一小块 | 蒜苗：一颗 | 胡萝卜：半颗,耗油：一丢丢 | 酱油：一丢丢 | 食用猪油：适量,"1 茄子切成滚刀加盐腌制滤干水分。
2 好看的前腿肉。
3 青椒切片。
4 胡萝卜切丝。
5 蒜切小。
6 锅热放肉炒出油。
7 青椒。
8 胡萝卜一起。
9 翻炒两下放茄子（茄子建议冲洗一下滤干水分）。
10 放耗油，酱油，一把蒜苗。
11 出锅。"
665133,https://home.meishichina.com/recipe-665133.html,香干炒肉片,香干：250g | 瘦肉：200g,蒜头：2瓣,盐：半匙 | 辣椒粉：少许 | 鸡粉：少许 | 生抽：少许,"1 香干切约五毫米厚的片备用。
2 蒜头剁碎。
3 瘦肉用少许生粉、生抽，腌制20分钟。
4 锅中倒入适量油，爆香蒜头。
5 下肉片翻炒一下。
6 再倒入香干。
7 淋入少许生抽。
8 少许鸡粉。
9 半匙盐。
10 撒入少许辣椒粉。
11 翻炒均匀，加半碗清水，中小火焖煮5分钟即可。"
664698,https://home.meishichina.com/recipe-664698.html,腊猪脚焖白萝卜,腊猪脚：适量 | 白萝卜：适量,生姜：适量 | 葱花：适量,花生油：适量 | 蚝油：适量,"1 腊排骨冷水下锅焯水十分钟左右洗净。
2 生姜洗净切片。
3 白萝卜去皮洗净切滚刀块。
4 锅中热油放入姜片翻炒。
5 放入猪脚。
6 翻炒均匀。
7 加入适量清水。
8 将猪脚转入高压锅中，加入少量蚝油。
9 高压锅大火20分钟左右。
10 压软烂的腊猪脚开盖煮开。
11 放入白萝卜。
12 将白萝卜煮至断生即可。"
664694,https://home.meishichina.com/recipe-664694.html,丝瓜蚝烙,丝瓜：适量 | 蚝仔：适量,番薯粉：适量 | 鸡蛋：适量,花生油：适量 | 玉米淀粉：适量 | 鱼露：适量,"1 蚝仔加入玉米淀粉轻轻抓洗干净。
2 丝瓜去皮洗净切细。
3 将丝瓜放入盆中。
4 放入洗净的蚝仔。
5 加入番薯粉。
6 打入两个鸡蛋，加入适量鱼露。
7 抓拌均匀。
8 锅中热油舀入薯粉液。
9 中小火慢煎。
10 煎至两面金黄即可。"
664507,https://home.meishichina.com/recipe-664507.html,胡萝卜香肠炒包菜,包菜：半颗,胡萝卜：半颗 | 香肠：一根 | 大蒜：三块 | 小番茄：三个,蚝油：一勺 | 酱油：一勺 | 花椒粉：适量 | 味精：适量 | 盐：适量,"1 准备食材。
2 切成上图。
3 包菜切丝。
4 五成油热放大蒜小番茄香肠。
5 放胡萝卜。
6 胡萝卜丝炒软放包菜。
7 放蚝油酱油。
8 七分熟放花椒粉味精盐。
9 炒至均匀。
10 装盘。"
664617,https://home.meishichina.com/recipe-664617.html,苦瓜焖牛腩,牛腩：适量 | 苦瓜：适量,蒜头：适量 | 生姜：适量,花生油：适量 | 生抽：适量 | 蚝油：适量 | 盐：适量,"1 牛腩改刀切小块。
2 牛腩冷水下锅焯烫后捞出洗净。
3 生姜洗净切片。
4 蒜头去皮备用。
5 苦瓜去籽洗净改刀切块。
6 锅中热油放入姜片翻炒。
7 放入牛腩炒匀。
8 适量蚝油，生抽，盐。
9 翻炒均匀入味。
10 加入适量清水。
11 将牛腩转入高压锅，大火压10分钟左右。
12 锅中底油放入蒜头炒至金黄。
13 放入苦瓜翻炒。
14 炒过的苦瓜盛入压好的牛腩中。
15 盖上继续大火压10分钟左右即可。"
665088,https://home.meishichina.com/recipe-665088.html,鸡蛋羊尾笋煮冬瓜,冬瓜：560克 | 鸡蛋：2只 | 羊尾笋：2根,,盐：适量,"1 食材：冬瓜、鸡蛋、羊尾笋。
2 将鸡蛋打成蛋液。
3 将羊尾笋撕开放在案板上切开。
4 将冬瓜去皮去籽清洗清洗捞出。
5 放在案板上切成片。
6 起锅倒油烧热，下入蛋液翻炒翻炒成块盛出。
7 接着，利用炒鸡蛋的油下入切好的冬瓜和羊尾笋翻炒翻炒。
8 然后，加适量的清水。
9 煮至冬瓜熟软。
10 最后，合入炒好的鸡蛋、加适量的盐。
11 调味翻匀即可。"
665085,https://home.meishichina.com/recipe-665085.html,懒人仔姜排骨,排骨：500g,仔姜：250g,花椒：10个,"1 排骨焯水后洗净加切块仔姜，加盐和料酒和酱油调味，少数花椒粒，不加水。
2 放电高压锅，按煮饭键。
3 半个小时就可以吃了。"
664570,https://home.meishichina.com/recipe-664570.html,排骨土豆豆角炖粉条,排骨：适量 | 土豆：适量 | 豆角：适量 | 粉条：适量,生姜：适量 | 葱花：适量,花生油：适量 | 生抽：适量 | 蚝油：适量 | 老抽：适量 | 盐：适量,"1 生姜洗净切片。
2 排骨冷水下锅焯烫出血水后洗净。
3 豆角洗净改刀切段。
4 土豆去皮洗净切滚刀块。
5 粉条提前泡发。
6 锅中热油放入姜片炒香。
7 放入排骨翻炒。
8 适量蚝油，生抽，老抽和盐调味。
9 翻炒均匀上色入味。
10 加入适量清水。
11 转入高压锅大火压十分钟即可。
12 锅中热油把土豆下锅炸至微微金黄盛出。
13 土豆也下锅过一下油后盛出。
14 高压锅压过的排骨倒入炒锅中煮开。
15 放入豆角和土豆，一起焖5分钟左右断生。
16 放入粉条。
17 大火煮开即可出锅。"
665076,https://home.meishichina.com/recipe-665076.html,炒时蔬,青椒：1个 | 胡萝卜：半个 | 西红柿：1个 | 元葱：半个,蒜蓉：适量,食用油：适量 | 料酒：适量 | 盐：适量,"1 将菜切好，最后切西红柿。
2 蒜蓉。
3 锅中放入适量的食用油烧热，下入胡萝卜先炒。
4 加入适量的料酒、盐，再下入其他蔬菜翻炒。
5 最后加入西红柿、蒜蓉翻炒即可(火候是关键)。
6 将炒时蔬盛入盘中，五彩缤纷、营养丰富。"
665075,https://home.meishichina.com/recipe-665075.html,芹菜炒虾仁,冷冻生南美白虾：10只 | 芹菜：两棵,,花生油：适量 | 盐：少许 | 白胡椒：少许 | 料酒：少许,"1 芹菜备用。
2 择好的芹菜，洗净，沥干水分。
3 切好。
4 焯一下水，捞出，放入盆中。
5 冷冻生南美白虾，把虾去壳去线，清洗干净后放入碗中，滴少许料酒，抓匀后，腌制片刻，备用。
6 锅烧热倒适量油，把腌制过的虾仁炒至金黄色，再倒入芹菜，加少许盐和白胡椒粉调味，翻炒几下即可。
7 出锅装盘即食。
8 清脆爽口。"
665065,https://home.meishichina.com/recipe-665065.html,酸菜虾仁炒魔芋结,魔芋结：2盒 | 虾仁：175克 | 酸菜：180克,,料酒：适量 | 盐：适量,"1 食材：魔芋结、虾仁（已清洗）、酸菜。
2 将酸菜拆开包装倒入盘子里。
3 将魔芋结拆开包装，清洗清洗捞出。
4 随后，将魔芋结下入清水锅中焯开捞出。
5 起锅倒油烧热，下入酸菜翻炒翻炒。
6 接着，合入虾仁和焯好的魔芋结翻炒翻炒。
7 然后，加适量的盐。
8 调味炒匀即可。"
665064,https://home.meishichina.com/recipe-665064.html,双鲜炒西芹,圆蛤：245克 | 蛏子：171克 | 西芹：198克,红椒：半个 | 姜片：适量,料酒：适量 | 盐：适量 | 味精：适量,"1 食材：圆蛤（已吐完泥沙清洗）、蛏子（已吐完泥沙清洗）、红椒（已清洗）、姜片。
2 将西芹抽去筋清洗清洗捞出。
3 放在案板上斜切成块。
4 将红椒放在案板上切成块。
5 将蛏子和圆蛤放入清水锅里。
6 随后，搁入姜片、加适量的料酒。
7 焯至开口捞出。
8 晾凉。
9 接着，将晾凉好的蛏子和圆蛤取出蛤肉、蛏子肉。
10 将切好的西芹红椒下入沸水锅中焯上1到2分钟后捞出。
11 起锅倒油烧热，下入焯好的西芹和红椒翻炒翻炒。
12 然后，合入圆蛤肉和蛏子肉翻炒一下。
13 最后，加适量的盐。
14 加适量的味精。
15 调味炒匀即成。"
665063,https://home.meishichina.com/recipe-665063.html,蘑菇黑木耳炒西芹,黑木耳：10克 | 蘑菇：60克 | 西芹：170克,,盐：适量,"1 食材：黑木耳（已泡发清洗）、蘑菇（已清洗）、西芹。
2 将西芹抽去筋清洗清洗捞出。
3 放在案板上斜切成小块。
4 将蘑菇放在案板上切成片。
5 随后，将切好的西芹和黑木耳下入清水锅中焯上1到2分钟，捞出。
6 起锅倒油烧热，下入切好的蘑菇翻炒翻炒。
7 接着，合入焯好的西芹和黑木耳翻炒翻炒。
8 然后，加适量的盐。
9 调味炒匀即成。"
665062,https://home.meishichina.com/recipe-665062.html,黑木耳午餐肉炒鸡蛋,鸡蛋：3只 | 黑木耳：10克 | 午餐肉：3包,,料酒：适量 | 盐：适量,"1 食材：鸡蛋、黑木耳（已泡发清洗）、午餐肉。
2 将鸡蛋打入碗里、加适量的料酒。
3 加适量的盐。
4 调味打成蛋液。
5 将午餐肉拆开包装放在案板上。
6 切开。
7 将黑木耳下入沸水锅中焯开1到2分钟后捞出。
8 起锅倒油烧热，下入蛋液翻炒翻炒成块。
9 然后，合入焯好的黑木耳和切好的午餐肉翻炒翻炒即可。"
665061,https://home.meishichina.com/recipe-665061.html,咸鸭蛋拌茄子,咸鸭蛋：2只 | 茄子：5根,,盐：适量 | 味精：适量 | 芝麻油：适量,"1 食材：、咸鸭蛋、茄子。
2 将熟咸鸭蛋挖出蛋黄和蛋白捣碎。
3 将茄子去蒂清洗清洗，折成段。
4 放入电饭锅里。
5 盖上盖、插上电源、按好蒸煮键功能进行工作。
6 蒸煮7分钟。
7 开盖取出。
8 晾凉。
9 接着，加适量的盐。
10 加适量的味精。
11 加适量的芝麻油。
12 然后，合入咸鸭蛋拌匀即可。"
665041,https://home.meishichina.com/recipe-665041.html,蒸马哈鱼,大马哈魚：适量,红椒圈：1个(点缀),食用油：料酒 | 白灼汁：适量 | 盐：适量,"1 马哈魚是很淡的那种，洗净后去水份切块，加入适量的盐料酒腌制20分钟。
2 锅中水烧开后放入蒸魚碗。
3 淋入适量的食用油及白灼入锅蒸10分钟。
4 蒸好的马哈魚肉颜色新鲜，纹理清晰、肉质富有韧性，鲜美又营养。"
665059,https://home.meishichina.com/recipe-665059.html,炒双丝,丝瓜：1根 | 胡萝卜：1根,蒜蓉：适量,食用油：适量 | 料酒：适量 | 盐：适量,"1 丝瓜去皮擦成丝。
2 胡萝卜去皮擦丝。
3 蒜蓉。
4 锅中放入适量的食用油烧热，下入胡萝卜丝翻炒。
5 再加入丝瓜及适量的料酒、盐、翻炒。
6 将菜品盛入盘中，双色蔬菜丝不仅颜色漂亮，而且富有营养。"
665035,https://home.meishichina.com/recipe-665035.html,清蒸黄花鱼,黃花魚：1条,葱段：适量 | 姜片：适量 | 红椒圈：适量,食用油：适量 | 料酒：适量 | 白灼汁：适量 | 盐：适量,"1 切好的葱，红椒。
2 锅中水烧开，将处理好的黄花魚加入料酒、盐、葱、姜片、白灼汁入锅蒸10至12分钟(根据魚的大小而定)。
3 蒸好的黄花魚，浇入适量的热油即可。"
665039,https://home.meishichina.com/recipe-665039.html,刀豆焖排骨,刀豆(扁豆)：500g | 排骨：400g,蒜头：2瓣,盐：半匙 | 辣椒粉：少许 | 蚝油：1勺,"1 刀豆洗净切段备用。
2 排骨洗净用少许生粉、生抽腌制20分钟。
3 蒜头切片。
4 锅中倒入适量油，下蒜头爆香。
5 下排骨翻炒一下。
6 再下入刀豆，翻炒一下。
7 撒入盐。
8 加蚝油。
9 撒入辣椒粉，翻炒均匀。
10 倒入一碗清水，中小火焖煮20分钟左右即可。"
665033,https://home.meishichina.com/recipe-665033.html,清炒香蕉西葫芦丝,香蕉西葫芦：3个,蒜蓉：适量,食用油：适量 | 料酒：适量 | 盐：适量,"1 香蕉西葫芦第一次购买洗净，切去两头。
2 擦成丝状。
3 锅中放适量食用油烧热，放入香蕉西葫芦丝翻炒。
4 加入少许料酒、盐、蒜蓉快速翻炒。
5 盛入盘中，颜色美观，清新爽口。"
664267,https://home.meishichina.com/recipe-664267.html,香煎沙茶梅花肉,梅花肉：适量,番薯粉：适量,花生油：适量 | 生抽：适量 | 老抽：适量 | 蚝油：适量 | 沙茶包：适量,"1 梅花肉洗净擦干水份。
2 加入适量生抽，老抽，蚝油。
3 放入沙茶粉。
4 揉抓均匀后加入适量花生油再抓匀，腌制1小时左右。
5 腌制入味后放入番薯粉，抓拌均匀。
6 锅中热油放入梅花肉。
7 小火慢煎，煎至两面金黄。
8 出锅后晾凉切片即可。"
665030,https://home.meishichina.com/recipe-665030.html,葱烧木耳,水发木耳：250g | 大葱：100g,水淀粉：10g,菜籽油：适量 | 盐：3g | 生抽：10g,"1 水发木耳备用。
2 水发木耳洗净，撕成小朵。
3 锅置火上，将泡好的木耳放沸水中焯熟，盛出，沥干，放入盘中。
4 大葱备用。
5 大葱择洗干净，切丝。
6 水淀粉备用。
7 另起锅，放油烧热，放入葱丝炒出香味，加入木耳翻炒，加生抽和盐调味，出锅前淋入水淀粉勾芡即可。
8 装盘即食。
9 葱香浓郁，脆而可口。"
665027,https://home.meishichina.com/recipe-665027.html,锅巴土豆,小土豆：适量,油：适量,花椒盐：自制一些,"1 小土豆洗干净，自己家中的，啥颜色的都有。
2 上锅蒸，开锅蒸15分钟，为了好剥皮。
3 蒸好，晾凉后，剥皮。
4 剥皮完成。
5 切成大块。
6 热油九成热，下锅炸，不要搅动，等定型再搅动。
7 炸到金黄色就好啦。
8 自制一些花椒盐：有花椒，小茴香（花椒的一半），盐，白芝麻，分别炒一下，碾碎，香气扑鼻。
9 花椒盐做好啦。
10 撒到炸好的土豆丝，棒棒的，看着就香。"
664726,https://home.meishichina.com/recipe-664726.html,牛肉馅饼,牛肉馅：适量,白萝卜：1个 | 鸡蛋：2个,胡椒粉：适量 | 亚麻籽油：适量 | 盐：少许,"1 牛肉切成小块在切成片。
2 切碎成馅备用。
3 白萝卜去皮洗净。
4 切成小片。
5 放入料理机里绞碎。
6 在打入2个鸡蛋一起绞碎。
7 倒入大盆里加入胡椒粉，盐。
8 搅匀。
9 加入奇亚籽油搅匀。
10 电饼铛预热后将一勺馅倒入锅里。
11 等灯灭了可以反面了。"
665018,https://home.meishichina.com/recipe-665018.html,糖醋里脊,猪里脊：两条 | 鸡蛋：2个,番茄酱：适量,苹果醋：适量 | 白芝麻：适量,"1 两条猪里脊，洗干净后顺丝切成这样的小条。
2 加盐白胡椒粉黄酒腌十分钟。
3 两个蛋清加一勺淀粉搅拌均匀，我的蛋清没分好，你脑补一下吧。
4 倒入肉丝中。
5 挑一个面糊一个鸡蛋面粉淀粉1：1。
6 加水搅拌成粘稠的糊糊。
7 搅拌均匀。
8 倒到腌好肉中，搅拌均匀。
9 热油八成热，冒烟。
10 挑小火，炸到变色，捞出。
11 这么多。
12 两根里脊，一共这么多。
13 挑一个糖醋汁：苹果醋，番茄酱，白糖1：1：0.5，如果肉淡，再放点盐。
14 搅拌均匀。
15 底油，下葱花，调好的糖醋汁翻炒到粘稠。
16 倒入里脊，翻炒均匀，撒上白芝麻，出锅。
17 原图。
18 美图。
19 原图。"
664480,https://home.meishichina.com/recipe-664480.html,南瓜煮粉签,贝贝南瓜：适量 | 潮汕惠来粉签：适量,牛肉丸：适量 | 瘦肉：适量 | 葱花：适量 | 蒜蓉酥：适量,花生油：适量 | 盐：适量 | 玉米淀粉：适量,"1 瘦肉洗净切片，适量玉米淀粉和花生油抓匀备用。
2 贝贝南瓜洗净去籽切块。
3 牛肉丸备用。
4 粉签提前泡发备用。
5 锅中热油放入贝贝南瓜翻炒。
6 加入适量清水。
7 大火煮开至贝贝南瓜七八成熟。
8 放入牛肉丸，大火煮开5分钟左右。
9 中途把南瓜汤转到了汤锅中，少许盐调味。
10 放入粉签。
11 加入适量瘦肉。
12 大火煮开至断生。
13 出锅前放入葱花和蒜头酥即可。"
664814,https://home.meishichina.com/recipe-664814.html,陕西家常豆腐脑,内脂豆腐：2盒,香菜：适量 | 榨菜：适量 | 煮熟黄豆：适量,八角桂皮香叶：适量 | 花椒小茴香：适量 | 肉蔻草果：适量 | 生抽：适量 | 老抽：适量 | 醋：适量 | 盐：适量 | 油泼辣子：适量 | 香油：适量,"1 内脂豆腐蒸10分钟。
2 大料放入水中煮20分钟。
3 料渣捞出，加入生抽，老抽，醋，盐，鸡精煮开备用。
4 小菜准备香菜碎，榨菜丁，煮熟的黄豆。
5 豆腐放入碗里，浇上调料水。
6 撒上小菜。
7 来一勺油泼辣子，滴一点香油，酸酸辣辣豆腐脑。"
664813,https://home.meishichina.com/recipe-664813.html,虎皮青椒,青椒：3个,蒜：2瓣 | 淀粉：适量,生抽：适量 | 老抽：适量 | 蚝油：适量 | 白糖：适量 | 醋：适量 | 油：适量,"1 青椒去蒂洗干净。
2 大蒜切碎。
3 将所有调料放进碗里，再加一勺淀粉，少许水搅拌均匀。
4 锅里倒油，下入青椒煎。
5 两面都煎出虎皮。
6 下入蒜末爆香。
7 倒入料汁，烧开焖煮一会儿。
8 虎皮青椒。"
665004,https://home.meishichina.com/recipe-665004.html,大葱千张炒肥牛片,厚千张：126克 | 肥牛片：220克 | 大葱：1根,,料酒：适量 | 酱油：适量 | 盐：适量 | 味精：适量,"1 食材：厚千张、肥牛片、大葱。
2 将大葱去根清洗清洗捞出。
3 放在案板上切开。
4 将厚千张放在案板上切开。
5 用开水泡一下。
6 将肥牛片拆开包装，下入清水锅中，加适量的料酒。
7 焯开捞出。
8 在用清水清洗干净。
9 起锅倒油烧热，下入切好的大葱翻炒翻炒至断生。
10 接着，合入泡好的厚千张条和肥牛片翻炒翻炒。
11 然后，加适量的酱油。
12 加适量的盐。
13 加适量的味精。
14 调味炒匀即可。"
665001,https://home.meishichina.com/recipe-665001.html,黑木耳茭白炒梅豆,梅豆：270克 | 黑木耳：10克 | 茭白：2株,,酱油：适量 | 盐：适量 | 味精：适量,"1 食材：梅豆、黑木耳（已提前泡发）、茭白。
2 将泡发的黑木耳清洗清洗捞出。
3 将梅豆折成段清洗清洗捞出。
4 将茭白剥壳清洗清洗捞出。
5 放在案板上切成片。
6 将梅豆下入清水锅中焯开4到5分钟。
7 接着，合入切好的茭白和黑木耳下入沸水锅中焯上2分钟后捞出。
8 起锅倒油烧热，下入焯好的梅豆和茭白、黑木耳翻炒翻炒。
9 然后，加适量的酱油。
10 加适量的盐。
11 加适量的味精。
12 调味炒匀即成。"
664997,https://home.meishichina.com/recipe-664997.html,青椒午餐肉炒绿豆芽,绿豆芽：265克 | 青椒：1个 | 午餐肉：4包,,盐：适量 | 味精：适量,"1 食材：绿豆芽（已清洗）、青椒（已去蒂去籽清洗）、午餐肉。
2 将青椒放在案板上切成丝。
3 将午餐肉拆开包装放在案板上。
4 切开。
5 起锅倒入油烧热，下入绿豆芽和切好的青椒翻炒翻炒至断生。
6 接着，合入切好的午餐肉翻炒翻炒。
7 然后，加适量的盐。
8 加适量的味精。
9 调味炒匀即成。"
664995,https://home.meishichina.com/recipe-664995.html,苋菜炒干豆皮,苋菜：一把 | 干豆皮：一小把,蒜：少许 | 红辣椒：几个,菜籽油：适量 | 盐：少许 | 生抽：少许,"1 苋菜清洗干净，沥干水分，切好备用。
2 干豆皮用温水泡发，泡好后攥干，备用。
3 蒜切蒜片和红辣椒备用。
4 锅烧热放入适量油，倒入蒜片和红辣椒爆香，再倒入苋菜和豆皮加少许盐和生抽调味，翻炒几下即可。
5 出锅装盘即食。
6 清淡可口。"
664993,https://home.meishichina.com/recipe-664993.html,黄瓜炒黑椒肠,黄瓜：两根 | 黑椒肠：两根,蒜：少许,菜籽油：少许 | 盐：少许 | 生抽：少许,"1 黑椒肠备用。
2 斜切薄片。
3 黄瓜洗净，削皮，斜切薄片，放入盘中，备用。
4 蒜切片，备用。
5 锅烧热加少许油，倒入黑椒肠煸炒，再倒入蒜片炒香，继续倒入黄瓜片加少许盐和生抽调味，翻炒几下即可。
6 出锅装盘即食。
7 美味可口。"
664986,https://home.meishichina.com/recipe-664986.html,鸡腿炖时蔬,鸡腿肉：3块 | 胡萝卜：1根 | 山药：一段,西兰花：几朵,食用油：适量 | 料酒：适量 | 生抽：适量 | 盐：适量 | 鸡精：适量,"1 将胡萝卜、山药切滚刀块。
2 西兰花洗净待用。
3 锅中先下入胡萝卜烧开，再加入山药。
4 加入料酒、生抽、盐、放入鸡腿肉（熟的)，加入西兰花（根据食材的先后成熟度放入)，最后加入鸡精即可。"
664982,https://home.meishichina.com/recipe-664982.html,红烧肉炖茄子,红烧肉：适量,茄子：1个 | 土豆：1个,盐：少许 | 胡椒粉：少许,"1 土豆去皮洗净。
2 一切两半切成宽条。
3 在切成小块备用。
4 茄子用同法切成小块备用。
5 烧肉的锅如开水少许将茄子块及土豆一起放在锅里开小火。
6 慢炖至烂加入胡椒粉，盐调味。
7 关火出锅。"
664984,https://home.meishichina.com/recipe-664984.html,蒜蓉苦瓜,苦瓜：1根,蒜蓉：适量 | 熟芝麻：适量,生抽：适量 | 香醋：适量 | 香油：适量 | 味精：适量,"1 这根苦瓜买的真好，又大又绿又新鲜，洗净去瓤切成片。
2 锅中水烧开，再加一点盐，放入苦稍烫一下。
3 多过几遍凉水，碧绿清脆。
4 倒入调料汁拌匀，再加入蒜蓉、熟芝麻拌匀。
5 料汁应放在之前。
6 蒜蓉。
7 装入碗中，再扣入盘子，倒过来即来。
8 一盘夏季凉爽的蒜蓉苦瓜，口感清脆、颜色碧绿、清新去火。"
664405,https://home.meishichina.com/recipe-664405.html,豆豉蒸五花肉,五花肉：适量,小米辣：适量 | 阳江豆豉：适量 | 葱花：适量,生抽：适量 | 老抽：适量 | 蚝油：适量,"1 五花肉洗净切块。
2 热锅把五花肉下锅。
3 煸炒出油脂后把多的油盛出。
4 加入适量蚝油，生抽，老抽。
5 翻炒均匀上色入味。
6 放入豆豉。
7 放入适量小米辣。
8 翻炒均匀炒香。
9 将炒过的五花肉盛入碗中。
10 电高压锅隔水蒸1小时即可。"
664972,https://home.meishichina.com/recipe-664972.html,广东腊肉爆炒蒜苔,腊肉：250g,新鲜蒜苔：400g | 蒜头：1瓣 | 姜：1块,花生油：2匙 | 豆瓣酱：1匙 | 耗油：1匙 | 酱油：2匙 | 盐：适量 | 清水：50g,"1 腊肉洗干净切薄片，蒜头，姜拍扁备用。
2 新鲜切段洗干净备用。
3 起锅下花生油下姜，蒜爆香下腊肉。
4 腊肉炒至两面金黄色出油。
5 加入洗干净蒜苔，大火爆炒。
6 加入豆瓣酱，耗油，酱油，盐适量，翻炒。
7 加入些清水盖锅焖1分钟。
8 大火收汁，翻炒，试味就可以出锅啦！"
664963,https://home.meishichina.com/recipe-664963.html,五味斋茄饼,茄子：1个 | 豆腐：1块 | 鸡蛋：2个,面粉：50g | 食油：30ml,大葱：1颗 | 大蒜：5块 | 食盐：3g,"1 茄子去皮切丁或切。
2 豆腐抓碎，打入鸡蛋，加葱花蒜片食盐，撒上面粉拌匀。
3 电饼铛倒上食油加热，倒入拌好的食材。
4 将食材摊开。
5 合上电饼铛，上下加热8分钟。
6 将茄子饼翻面。
7 再合上加热3分钟。
8 即可盛盘食用。
9 这次煮了红薯稀饭。
10 搭配起来很好吃哎。
11 茄子也可切丝，先加热5分钟。
12 翻面再加热2分钟。
13 好啦。
14 色香味，还中吧。"
664961,https://home.meishichina.com/recipe-664961.html,马齿苋炒干豆皮,马齿苋：一小把 | 干豆皮：一小把,蒜：少许 | 红辣椒：六个,菜籽油：适量 | 盐：少许 | 生抽：少许,"1 择好的马齿苋，淘洗干净，沥干水分。
2 切寸段，备用。
3 干豆皮用温水泡发，泡好后攥干，备用。
4 蒜末和红辣椒备用。
5 锅烧热放适量油，倒入蒜和辣椒爆香，再倒入马齿苋和豆皮加少许盐和生抽调味，翻炒几下即可。
6 出锅装盘即食。
7 鲜香可口。"
664404,https://home.meishichina.com/recipe-664404.html,番茄虾滑川粉,虾滑：适量,番茄：适量 | 川粉：适量,花生油：适量 | 盐：适量 | 番茄火锅底料：适量,"1 川粉和虾滑备用。
2 番茄洗净去皮切片。
3 锅中热油放入番茄。
4 加入适量盐。
5 翻炒出茄汁。
6 加入适量清水和少量番茄火锅底料。
7 大火煮开5分钟左右。
8 虾滑用勺子一个个舀入锅中。
9 大火煮开至虾滑断生。
10 放入川粉。
11 大火煮开断生即可出锅。"
664922,https://home.meishichina.com/recipe-664922.html,青椒炒鸡块,整鸡：1只,青椒：2个 | 食用油：2勺,姜片，蒜片：1勺 | 红花椒：1匙 | 青花椒：1匙 | 白芷，干辣椒：4片 | 八角：2颗 | 蚝油：1勺 | 甜面酱：1勺 | 黄豆酱：1勺 | 料酒：1勺 | 生抽：2勺 | 老抽：1勺,"1 整鸡剁碎焯一遍水。
2 把用到的干香料放一起，液态香料调一起成碗汁。
3 炒锅放油烧热，先把姜片煸焦黄。
4 再放入干香料炒香。
5 放入鸡块翻炒均匀。
6 倒入碗汁炒上色。
7 上色均匀后加热水。
8 加没过鸡块的热水大火炖15分钟。
9 汤汁快收干时加入蒜片。
10 放入青椒块收干汤汁即可。"
664953,https://home.meishichina.com/recipe-664953.html,烤磨菇,鲜珍珠磨：150g,油：1g,辣椒粉：3g,"1 新鲜磨菇洗净备用。
2 焯水一分钟后捞出控干水分。
3 放入3克单山蘸水拌匀。
4 放入空气炸锅中，表面喷薄薄一层油，200度10分钟左右即可。
5 口感如吃肉一般鲜美，适合减肥吃。"
664952,https://home.meishichina.com/recipe-664952.html,贡菜炒黑椒肠,贡菜：一小把 | 黑椒肠：两根,蒜：少许,菜籽油：少许 | 盐：少许,"1 黑椒肠备用。
2 切片。
3 贡菜清水泡一夜，淘洗干净，捞出，挤出多余水分，备用。
4 蒜末备用。
5 锅烧热放少许油，倒入黑椒肠，翻炒几下，再倒入蒜末炒香，继续倒入贡菜加少许盐，翻炒片刻即可。
6 出锅装盘即食。
7 香脆可口。"
664911,https://home.meishichina.com/recipe-664911.html,藕带炒牛肉,藕带：适量,牛肉：适量,花生油：适量 | 老抽：适量 | 蚝油：适量 | 玉米淀粉：适量 | 盐：适量,"1 牛肉洗净切薄片。
2 牛肉加入适量玉米淀粉，蚝油和老抽抓匀。
3 适量花生油抓匀锁住水份。
4 藕带洗净切小块。
5 锅中水开放入藕带焯烫后捞出。
6 锅中热油放入牛肉，炒至七八成熟后盛出。
7 锅中热油放入藕带。
8 少许盐调味，大火快速翻炒。
9 放入炒过的牛肉。
10 快速翻炒均匀即可。"
664945,https://home.meishichina.com/recipe-664945.html,葱香豆腐,中硬豆腐：2块,红葱头：2颗 | 香葱：2棵 | 蒜头：3瓣,精盐：1小勺 | 生抽：1大勺 | 味极：1小勺 | 蚝油：1大勺 | 鱼露：1小勺 | 白糖：1小勺 | 清水：2/3杯,"1 用清水加精盐1勺泡豆腐约30分钟或以上；
2 把豆腐切成块厚约1~1.5公分，锅放底油，小心铺入豆腐块，开中慢火煎制；
3 把香葱切段，葱白与葱绿分开，蒜头拍碎、红葱头切块备用；
4 把豆腐一面煎至金黄色后反转另一面再煎至金黄色，出锅，不洗锅；
5 将葱白、红葱头和蒜头入锅爆香；
6 加生抽1大勺和味极1小勺入锅攒香；
7 倒入豆腐后兜均匀；
8 翻匀后加清水或高汤2/3杯，蚝油1大勺、鱼露1小勺、白糖1小勺，兜几下；
9 稍焖2~3分钟后加入葱绿，出锅。"
664944,https://home.meishichina.com/recipe-664944.html,豇豆煎鸡蛋,鸡蛋：4枚,豇豆：约300克,精盐：2/3小勺 | 胡椒粉：1/3小勺 | 花生油：1/2大勺,"1 豇豆洗净擦干水，切粒，鸡蛋打散后放精盐2/3小勺、胡椒粉1/3小勺、花生油1/2大勺，用叉子打均匀备用；
2 把锅洗净擦干，开中小火，慢慢把豇豆炒出香味至断生；
3 把豇豆倒入蛋液里，搅拌均匀；
4 把锅烧热，放底油约1大勺，将蛋液和豇豆均匀地倒入锅；
5 随即调成小火，不均匀的地方用铲子拨匀；
6 等到蛋液凝固成饼状，底部被煎至金黄色，把蛋饼反转，再煎至金黄色即可出锅，如果不摆盘拍片，用铲子捣成块，香香哦。"
664943,https://home.meishichina.com/recipe-664943.html,蒜蓉空心菜,空心菜：一把,蒜：适量,菜籽油：适量 | 盐：适量,"1 蒜蓉备用。
2 空心菜洗净，沥干水分。
3 切寸段。
4 锅烧热放适量油，倒入蒜蓉，小火翻炒至微微发黄，再倒入空心菜，大火翻炒几下，加盐和鸡精调味，翻炒均匀即可。
5 出锅装盘即食。
6 蒜香可口。"
664825,https://home.meishichina.com/recipe-664825.html,爆炒香菇,香菇：适量,青椒：三个 | 大蒜苗：一颗,大蒜头：两个,"1 香菇切片（建议焯水，焯水口感会更好）。
2 备辅料。
3 起锅烧油。
4 油热爆炒香菇。
5 香菇炒软。
6 香菇扒到一边炒辣椒。
7 翻炒均匀。
8 放一勺蚝油。
9 适量的花椒粉。
10 放蒜苗。
11 装盘。"
664940,https://home.meishichina.com/recipe-664940.html,豆豉腐皮蒸排骨,排骨：适量,腐皮：适量,豆豉：适量,"1 蒜头+豆豉+蚝油+酱油+白糖+盐+油，腌制15分钟。
2 腌制排骨的时间，炸腐皮。
3 放凉等酥脆。
4 排骨饭已炸好的腐竹上，上锅蒸30分钟，排骨熟了即可！
5 可以适当放些葱花点缀！"
664913,https://home.meishichina.com/recipe-664913.html,小银鱼煎鸡蛋,鸡蛋：2个,小银魚：适量,食用油：适量 | 料酒：适量 | 盐：适量,"1 将小银魚洗净去除水份。
2 再加入少许料酒，盐打入2个鸡蛋搅拌均匀。
3 锅中放入适量的食用油烧热，下入小银魚鸡蛋液煎制。
4 小火煎制金黄色翻面煎熟。
5 小银魚煎蛋完整不散，香气诱人、营养丰富。"
664885,https://home.meishichina.com/recipe-664885.html,素炒甘蓝胡萝卜丝,胡萝卜：1根 | 甘蓝：几片,蒜蓉：适量,食用油：适量 | 料酒：适量 | 生抽：少许 | 盐：适量,"1 甘蓝切成丝。
2 胡萝卜擦成丝，锅中放入适量的食用油烧热，先炒胡萝卜丝。
3 再放入甘蓝丝同炒。
4 加入适量的料酒，少许的生抽、盐、快速翻炒。
5 成品出锅，颜色美观，清新爽口。"
664691,https://home.meishichina.com/recipe-664691.html,腐竹焖黄骨鱼,黄骨鱼：适量 | 腐竹：适量,生姜：适量 | 葱花：适量,花生油：适量 | 蚝油：适量 | 盐：适量,"1 腐竹提前泡发后切小段。
2 黄骨鱼清洗干净备用。
3 生姜洗净切小块。
4 锅中热油放入黄骨鱼，中火煎一下。
5 放入生姜煎炒出香味。
6 加入适量清水。
7 适量蚝油，盐调味。
8 放入腐竹。
9 大火煮开转小火焖十分钟左右入味，出锅前放入葱花即可。"
664908,https://home.meishichina.com/recipe-664908.html,家常茄子,茄子：适量 | 猪肉：适量,香菜：适量 | 大蒜：适量 | 葱：适量,咸盐：适量 | 味精：适量 | 酱油：适量 | 老抽：适量,"1 茄子洗净。
2 切滚刀块。
3 切。
4 起锅烧油，热油八楞八楞，炒一炒茄子变色加冷水。
5 猪肉搞里头，大火炖，15分钟后收汁。
6 辅料搞里头，喜欢放大酱的可以少放一点别整咸了。"
664905,https://home.meishichina.com/recipe-664905.html,牛肉饼,牛里脊：50g | 洋葱：1片 | 胡萝卜：5片,蛋清：1个 | 淀粉：2勺,白胡椒粉：少许 | 盐：少许 | 生抽：少许,"1 牛肉切小块加蛋清，，切碎的洋葱，胡萝卜，白胡椒粉，盐，生抽用料理机打成泥。
2 加淀粉搅拌均匀。
3 平底锅刷油，把肉泥舀入锅里拍成小饼，再开火用小火煎。
4 肉饼表面快凝固时翻面。
5 煎2面金黄即可。"
664668,https://home.meishichina.com/recipe-664668.html,肉饼蒸蛋,猪肉馅：150g,鸡蛋：1个 | 枸杞子：适量,生抽：1匙 | 料酒：少许 | 蚝油：适量,"1 猪肉馅加生抽，料酒，蚝油搅拌均匀。
2 把肉馅放蒸碗里，中间挖一个坑。
3 在坑里打入鸡蛋，撒上枸杞子，倒入1勺水入锅蒸15分钟即可。"
664669,https://home.meishichina.com/recipe-664669.html,鸡胸肉蔬菜饼,鸡胸肉：1块 | 鸡蛋：1个,土豆：半个 | 西蓝花：适量 | 香菇：1朵,生抽：1匙 | 盐：少许 | 白胡椒粉：少许 | 淀粉：2勺,"1 土豆去皮切片蒸熟备用。
2 西蓝花香菇焯水后切碎备用。
3 鸡胸肉切小块，加鸡蛋，盐，生抽，白胡椒粉搅成肉泥。
4 放入土豆香菇继续搅打成泥。
5 放西蓝花，淀粉搅拌均匀。
6 搅好的肉泥。
7 平底锅里刷油，把肉泥舀入锅里摊成小饼，再开火小火煎。
8 煎2面金黄即可。"
664902,https://home.meishichina.com/recipe-664902.html,五味斋粉条熬肉,红烧肉方：1块 | 红薯粉条：1把 | 卤水豆腐：1块,胡萝卜：1个 | 白萝卜：1个 | 黑木耳：适量 | 黄花菜：适量,大葱：1颗 | 食盐：适量 | 酱油：适量 | 花椒油：少量 | 芝麻油：少量,"1 电饭锅加水开火，萝卜切片放入锅中。
2 黑木耳黄花菜泡发择净，放入锅中。
3 豆腐切块放入锅中。
4 过年时家里做的红烧肉方。
5 肉方切片放入锅中。
6 大葱切碎加食盐腌一会儿，放入锅中。
7 熬煮约一刻钟，放入洗净的粉条。
8 再熬煮约10分钟，粉条透亮即可。
9 浓浓的年味儿，请君分享！"
664901,https://home.meishichina.com/recipe-664901.html,土豆丝炒韭菜,土豆丝：适量 | 韭菜：适量,盐：适量 | 酱油：适量,,"1 韭菜洗洗，选择新鲜嫩绿的韭菜，切3-4厘米段，根部与叶片可分开处理。??
2 切丝后需冷焯水5分钟去捞出用冷水除淀粉。
3 先炒韭菜后炒土豆，因为土豆焯水是熟的了，放入调料出锅就行。"
664899,https://home.meishichina.com/recipe-664899.html,电火锅盐焗鸡腿,新鲜鸡腿：2个,盐焗鸡配料：半包,姜：3片 | 花生油：1匙,"1 新鲜鸡洗干净备用。
2 鸡腿划几刀，加入3块姜。
3 随意买自己喜欢盐焗鸡粉料，这个有些沙姜味。
4 加入半包盐焗鸡粉，花生油，腌制5分钟，放入电饭煲和米饭一起煮。
5 电饭锅煮好焖五分钟开盖就可以啦！"
664713,https://home.meishichina.com/recipe-664713.html,西红柿炖牛腩,牛腩：500g,西红柿：2个 | 洋葱：半个 | 冰糖：适量,生抽：1匙 | 老抽：1匙 | 盐：1匙 | 姜片：适量,"1 牛肉切块，锅里不放油先煎一下，煎表面微焦。
2 放入去皮切块的西红柿，姜片翻炒出汤。
3 放入洋葱，生抽，老抽翻炒均匀。
4 待上色后放入高压锅。
5 加热水，盖上锅盖按下牛肉功能。
6 程序结束后自然泄气，打开锅盖最后加盐调味。"
664731,https://home.meishichina.com/recipe-664731.html,牛肉滑蛋,牛肉：80g | 鸡蛋：3个 | 淀粉：1匙,西红柿：1个,水淀粉：2勺 | 盐：适量 | 生抽：1匙 | 油：1勺,"1 牛肉切末加生抽，淀粉腌10分钟。
2 西红柿去皮切碎，鸡蛋加盐打散备用。
3 炒锅放油烧热，放鸡蛋炒熟出锅备用。
4 放油，把牛肉炒变色出锅备用。
5 把西红柿炒出汤。
6 放入鸡蛋牛肉翻炒均匀。
7 放入水淀粉烧开。
8 煮汤汁浓稠即可。"
664880,https://home.meishichina.com/recipe-664880.html,青椒爆鱿鱼卷,鱿鱼卷：200g,青椒：1个 | 胡萝卜：半个 | 木耳：适量,盐：适量 | 味精：少许 | 香油：少许 | 米醋：1匙 | 蚝油：少许 | 水：2勺 | 淀粉：1勺 | 白糖：少许,"1 葱姜蒜切片，放盐，味精，白糖，料酒，米醋，蚝油，香油，水，淀粉，拌均匀。
2 青椒，胡萝卜切片，泡好的木耳撕小朵。
3 炒锅放油烧热，放入青椒胡萝卜爆炒出香味。
4 放入鱿鱼卷，木耳。
5 倒入料汁翻炒均匀。
6 汤汁浓稠即可。"
664717,https://home.meishichina.com/recipe-664717.html,虾仁蛋卷,虾仁：10个,鸡蛋：2个 | 生菜叶：1片,胡椒粉：少许 | 食用油：适量,"1 虾仁鸡蛋白胡椒粉放料理机里搅成肉糊。
2 放入切碎的生菜叶搅拌均匀。
3 锅里刷一层油，舀入肉糊摊成小薄饼。
4 快凝固时从一头卷起。
5 煎金黄即可。
6 取出来切段即可。"
664809,https://home.meishichina.com/recipe-664809.html,蒸山药肉丸,猪肉馅：200g | 淀粉：2勺,山药：1段 | 玉米胡萝卜粒：1勺 | 葱花：1匙 | 生抽加水：2勺,生抽：1匙 | 盐：适量 | 香油：适量 | 料酒：1匙,"1 猪肉馅加料酒生抽盐香油搅拌均匀，再放入玉米胡萝卜青豆粒。
2 搅拌均匀后放淀粉搅拌均匀。
3 盘里放入葱花，生抽水打底，把肉馅搓成小丸子放盘里。
4 凉水入锅，水开后蒸15分钟左右即可。"
664877,https://home.meishichina.com/recipe-664877.html,尖椒藕丁鸡,仔鸡：半只,二荆条：15个 | 青尖椒：8-10个 | 小米辣：6个 | 野山椒：8个（瓶装泡椒） | 大葱：1个 | 大蒜：1头 | 嫩姜：20g | 嫩藕：1节 | 青花椒：3-5小串,料酒：个人看到办呀 | 盐巴：个人看到办呀 | 蚝油：个人看到办呀 | 生抽：个人看到办呀 | 老抽：个人看到办呀 | 胡椒粉：个人看到办呀 | 白砂糖：个人看到办呀 | 淀粉：个人看到办呀 | 菜籽油：个人看到办呀 | 熟白芝麻：个人看到办呀,"1 切备料：藕切1厘米丁、二荆条斜切条、青尖椒和小米椒切5毫米小圈、小米椒切2毫米小圈、大蒜切成5毫米左右的颗颗、姜切丝丝、大葱斜切成5厘米的段段儿。
2 腌鸡块：喊卖鸡肉的老板娘砍好，砍小点儿，1-2厘米的丁。自己洗一哈控干，加：料酒、盐巴、白砂糖、胡椒粉、耗油、生抽、一点儿老抽，用左手或者右手或者两个手一起去按摩鸡肉，RUA到有点粘手了，加点淀粉，揉匀，腌个十七八九分钟或者更多。
3 炸鸡：油差不多半斤以上，烧开去除油腥味，放凉，加热到6成热，放入鸡丁，大火炸。因为鸡肉里面水和鸡油会出来，油会变成油水混合物，不要慌，多炸一会，直到油里面的水分挥发的差不多开始冒正常的油炸泡泡。捞出鸡肉，火不用关，稍微等一两分钟，鸡肉复炸，炸到外焦里嫩，具体根据自己喜欢的口感控制油炸时间。捞出。
4 炸藕：还是那些油，炸藕，炸到差不多熟了就行，藕丁脆脆的才好吃。捞出来跟鸡肉放一起。
5 灵魂之汁，浇给：剩下的油倒出去一些，留个100g左右。烧开，下蒜粒、姜丝、大葱、青花椒两三小串，香味出来继续放入二荆条、青尖椒、小米辣，翻炒，这些辣椒差不多熟了，把鸡肉和藕丁又放进去翻炒，全程大火。放入灵魂之汁野山椒和泡它的水50g。
6 出锅准备：翻炒到喜欢的口感（干了就加点刚才剩的油，油了就倒出来点），再加点青花椒，炒到外酥里嫩的时候，关火装盘，撒一层白芝麻。中间试味看要不要补盐。"
664886,https://home.meishichina.com/recipe-664886.html,烤鸡,鲜鸡肉：半边,葱：适量,蚝油：2勺 | 生抽：2勺 | 糖：1勺 | 胡椒粉：适量 | 辣椒粉：6g,"1 半边鸡洗净备用。
2 加入调料揉均匀后放入冰箱冷藏二十小时左右。
3 去掉葱段后放入空气炸锅中，200度十五分钟左右翻身，再来十五分钟就可以了。
4 最后十五分钟加了几个小土豆一起烤，结果土豆放晚了没烤透，最后再单独烤十分钟才好吃。"
664392,https://home.meishichina.com/recipe-664392.html,青椒炒鱼干,鱼干：适量,青椒：适量,花生油：适量 | 盐：适量 | 蚝油：适量,"1 鱼干备用。
2 青椒洗净切小块。
3 锅中热油放入鱼干。
4 小火把鱼干煎炒至金黄后盛出。
5 锅中热油放入青椒。
6 翻炒均匀。
7 少许盐，蚝油调味。
8 将青椒煎炒至微焦。
9 放入鱼干。
10 大火快速翻炒均匀入味即可出锅。"
664716,https://home.meishichina.com/recipe-664716.html,鸡蛋泡泡,鸡蛋：2个 | 面粉：500g | 水：280g | 油：20g,发酵粉：3g | 油：800g（炸）,青椒：半个 | 火腿肠：1根 | 胡萝卜：半个 | 盐：适量,"1 盆里放鸡蛋，油，盐，水搅拌均匀。
2 放入面粉，酵母粉。
3 用筷子搅拌均匀无干粉。
4 发酵2倍大。
5 放入切碎的青椒，胡萝卜，火腿肠。
6 搅拌均匀静置10分钟。
7 炒锅放油烧五成热，用勺子舀入面糊中小火炸。
8 炸至金黄即可。"
664879,https://home.meishichina.com/recipe-664879.html,卤猪蹄圈,猪蹄圈：1000g,葱姜：适量,生抽：1勺 | 老抽：1勺 | 盐：1匙 | 五香粉：1勺 | 椒盐：1勺 | 花椒八角：1匙,"1 猪蹄圈凉水下锅焯水。
2 焯出血沫。
3 高压锅里放葱姜五香粉，椒盐，花椒八角，生抽老抽盐。
4 放入焯水的猪蹄圈，加入热水。启动蹄筋功能，程序结束即可。"
664373,https://home.meishichina.com/recipe-664373.html,牛尾骨烧土豆,牛尾骨：适量 | 土豆：适量,八角：适量 | 桂皮：适量 | 香叶：适量,花生油：适量 | 生抽：适量 | 蚝油：适量 | 老抽：适量,"1 牛尾骨冷水下锅焯烫出血水后洗净。
2 八角，桂皮，香叶备用。
3 锅中热油放入香料炒香。
4 放入牛尾骨炒香。
5 加入适量蚝油，生抽，老抽。
6 翻炒均匀上色入味。
7 炒过的牛尾骨转入电高压锅中。
8 加入适量清水，电压力锅15分钟左右即可。
9 土豆去皮洗净切滚刀块。
10 锅中热油放入土豆。
11 炸至金黄后盛出多余的油。
12 焖软烂的牛尾骨取出备用。
13 将牛尾骨舀入土豆中。
14 加入牛尾骨的汤汁。
15 大火煮开焖至土豆断生，汤汁浓稠即可出锅。"
664874,https://home.meishichina.com/recipe-664874.html,自制牛排,鲜牛肉：1斤,黑糊椒：适量 | 油：1勺,蚝油：2勺 | 玉米淀粉：1勺 | 食用小苏打：1小勺 | 糖：1勺 | 生抽：1勺,"1 牛肉用肉硾把它硾松，有筋膜的地方用剪子剪开，以免煮的时候会卷起来。
2 小苏打只放一点点，这个能让肉组织变得松软起到，放多了味道不好；放1大勺淀粉，起到嫰滑作用。
3 加入适量的黑椒碎，白糖，蚝油和生抽一起放入肉中腌制入味，再加入适量的油封一下。
4 放入空气炸锅中，200度烤8分钟即可全熟，软嫰适中。
5 摆盘，加入适量黑椒酱即可食用。"
664872,https://home.meishichina.com/recipe-664872.html,家庭版豆腐脑,内酯豆腐：一盒,香菇：2个 | 木耳：3.4朵 | 胡萝卜：3.4片 | 肉丝：适量,酸黄瓜：适量 | 香葱：适量 | 生抽：适量 | 香醋：适量,"1 将内酯豆腐倒扣盘中蒸个7八分钟。
2 蒸好用小勺舀出备用。
3 将所需材料洗净备好。
4 先炒香肉丝，滑散。
5 放入香菇，木耳，胡萝卜丝炒断生。
6 加入酸黄瓜丝。
7 拌匀，加入盐，糖，生抽，香醋调味，加入淀粉水勾个薄芡。
8 起锅浇在蒸好的豆腐上。"
664863,https://home.meishichina.com/recipe-664863.html,小银鱼煎蛋,小银魚：适量,鸡蛋：3个,食用油：适量 | 料酒：少许 | 盐：适量,"1 小银魚洗净控干水份，加入少许料酒、适量盐搅拌均匀。
2 锅中放入适量的食用油烧热，倒入小银魚鸡蛋液，小火煎制。
3 鸡蛋液慢慢凝固。
4 已全部凝固，将四周边缘铲起，然后翻面。
5 翻面完整，继续煎另一面，注意火候。
6 盛出煎好的小银魚煎鸡蛋，煎制完整，蛋香浓郁、营养丰富。"
664864,https://home.meishichina.com/recipe-664864.html,同炖蔬菜,胡萝卜：1根 | 山药：半根 | 丝瓜：1根,西红柿：1个 | 葱碎：适量 | 蒜末：适量,食用油：适量 | 料酒：适量 | 盐：适量,"1 先下入胡萝卜，煮一会再下山药。
2 丝瓜、葱花、蒜末。
3 然后下入丝瓜块继续炖煮。
4 炖至几种蔬菜同熟了。
5 最后加入西红柿、葱花、蒜末即可。
6 将菜品盛出，多种蔬菜同炖颜色美观，营养丰富。"
664861,https://home.meishichina.com/recipe-664861.html,蒜蓉煎鸡翅,新鲜鸡中翅：10个,蒜蓉：6瓣 | 姜：3片 | 白芝麻：适量,花生油：5匙 | 盐：小半匙 | 玉米淀粉：半匙 | 酱油：2匙 | 耗油：半匙 | 清水：半碗,"1 新鲜鸡中翅洗干净对半切开，加入一点盐，玉米淀粉半匙。
2 加入3片姜，一起搅拌均匀，腌制5分钟备用。
3 起锅加入花生油，加入蒜瓣粒。
4 蒜沫炒香炒至金黄。
5 加入腌制好的鸡中翅，翻炒。
6 鸡中翅煎至两面金黄。
7 加入酱油2匙，耗油半匙，清水半碗。
8 盖锅焖煮3-5分钟，看锅的收汁情况。
9 试味，起锅，摆盘，撒点白芝麻点缀！"
664372,https://home.meishichina.com/recipe-664372.html,哈佛蔬菜锅,贝贝南瓜：适量 | 胡萝卜：适量,包菜：适量 | 洋葱：适量,花生油：适量 | 黑椒盐：适量 | 欧芹碎：适量,"1 洋葱洗净改刀切块。
2 贝贝南瓜去籽洗净切小块。
3 包菜洗净切块。
4 胡萝卜去皮洗净切小块。
5 锅中热油放入洋葱炒出香味。
6 放入胡萝卜和贝贝南瓜翻炒一下。
7 放入包菜。
8 加入适量清水。
9 大火煮开转小火。
10 盖上小火煲20至30分钟左右。
11 出锅前少许黑椒盐和欧芹碎调味即可。"
664856,https://home.meishichina.com/recipe-664856.html,鸡蛋炒辣椒,辣椒：适量 | 鸡蛋：适量,,盐：适量 | 十三香：适量,"1 辣椒剁碎鸡蛋打撒。
2 两样放在一起搅拌均匀。
3 热锅热油，冒烟那种，煎一会翻面。
4 两面金黄出锅。
5 奥利给。"
664371,https://home.meishichina.com/recipe-664371.html,韭菜花炒干鱿鱼,韭菜花：适量,干鱿鱼：适量,花生油：适量 | 盐：适量,"1 干鱿鱼提前泡发洗净。
2 韭菜花摘去老根部分后洗净。
3 将韭菜花改刀切段。
4 泡发好的干鱿鱼切花刀后改刀切小块。
5 锅中热油放入鱿鱼。
6 炒至卷起。
7 放入韭菜花。
8 快速翻炒均匀。
9 适量盐调味。
10 加入适量清水。
11 焖炒至韭菜花断生即可。"
664844,https://home.meishichina.com/recipe-664844.html,蒜蓉粉丝虾,冷冻生南美白虾：12只 | 龙口粉丝：一团,蒜：少许 | 葱：少许 | 红辣椒面：少许,花生油：少许 | 盐：少许 | 生抽：少许 | 耗油：少许 | 白糖：少许,"1 龙口粉丝备用。
2 先把粉丝用温水泡上半个小时，捞出，放入盆中。
3 冷冻生南美白虾，备用。
4 把虾去壳去线，清洗干净，放入盘中。
5 用刀给虾开个背，从中间戳个洞，然后把虾尾从后面穿过来，一个造型就完成了，全部做好了，如图所示。
6 蒜末和葱花备用。
7 红辣椒面备用。
8 锅烧热，放入少许油，倒入蒜末、红辣椒面和葱花，炒香，再倒入少许盐、生抽、耗油和白糖。
9 粉丝整理一下，摆放到盘中，再把虾摆到这个洞里，如图所示。
10 锅中水开，上汽蒸6分钟。
11 已蒸好。
12 取出，淋上蒜蓉辣椒汁，撒上少许葱花。OK。
13 搅拌一下即食。"
664714,https://home.meishichina.com/recipe-664714.html,藜麦鸡蛋饼,藜麦：1勺,胡萝卜：半个 | 鸡蛋：3个 | 面粉：1勺 | 玉米面粉：1勺 | 即食玉米粒：80g,盐：适量,"1 藜麦提前泡4小时，用开水煮半小时。
2 放入胡萝卜丁煮1分钟。
3 藜麦胡萝卜用漏勺滤出来放凉，加鸡蛋，玉米粒，盐搅拌均匀。
4 加面粉，玉米面粉。
5 搅拌均匀。
6 平底锅放油烧热，放入面糊摊成小饼。
7 煎2面金黄即可。"
664831,https://home.meishichina.com/recipe-664831.html,辣椒炒鸡蛋,辣椒：适量 | 鸡蛋：适量,蒜：适量,盐：适量 | 十三香：适量,"1 辣椒洗净去蒂。
2 辣椒切片儿。
3 煎鸡蛋。
4 炒辣椒。
5 鸡蛋，辣椒一起炒，放上油盐酱醋。
6 扒拉扒拉。
7 出锅。"
664826,https://home.meishichina.com/recipe-664826.html,酸菜粉条炖肘子,酸菜：适量 | 粉条：适量,熟肘子：1个,猪油：适量 | 食用油：适量 | 生抽：适量 | 料酒：适量 | 盐：适量 | 鸡精：适量,"1 酸菜准备好。
2 锅中适量的放入猪油（没有可不放)、食用油、再放入酸菜翻炒，加入料酒生抽继续炒。
3 然后加入适量的热水，下入泡好的粉条。
4 放入(熟时子，不算大)，炖一会。
5 加入适量的盐、生姜丝，味道会很好，时间不要太长，适度即可。
6 出锅前加入小米辣红椒片点缀。
7 将酸菜粉条炖肘子盛入大碗中，焖了米饭，家人说太好吃了。"
664827,https://home.meishichina.com/recipe-664827.html,素烧茄子,茄子：2个,小米红椒：1个,食用油：适量 | 料酒：适量 | 生抽：适量,"1 茄子洗净切滚刀块，撒适量盐杀出水。
2 杀出水的茄子清洗去盐，挤干水份。
3 锅中放入适量的食用油，将茄子下锅翻（杀出茄子水份的茄子很容易翻炒)。
4 加入适量的生抽、料酒继续翻炒。
5 炒至比较软的状态。
6 加适量的开水，盐稍炖一下即可。
7 出锅前加入小米红椒圈点缀。"
54945,https://home.meishichina.com/recipe-54945.html,梭子蟹炒年糕,梭子蟹：适量 | 年糕：适量,生姜：适量 | 大蒜：适量 | 葱：适量 | 淀粉：适量,,"1 蟹清理干净后，切小块，用一点点盐和小勺白酒稍腌5-10分钟。年糕切薄片，生姜大蒜备用。
2 腌好的蟹块粘上一层淀粉。
3 全部粘好淀粉的蟹。
4 锅内放油，油热后中小火炸熟蟹块。（最好用长点的工具，我用筷子翻面，结果被油爆到，TT。。。。）
5 炸好的蟹块。
6 用适量生抽、蚝油、番茄酱、糖、料酒调成汁。（这个汁的味道基本就是成品的味道了）
7 年糕片提前5分钟用开水泡软。
8 另起油锅，下生姜和大蒜爆香。
9 下炸好的蟹块稍炒。
10 下泡软的年糕片炒几下。
11 淋入调好的汁，翻炒。
12 至汁快收干即可装盘，撒上葱花开吃。（如果怕年糕不熟，可再加一点点水，煮至汁干）"
664609,https://home.meishichina.com/recipe-664609.html,清炒娃娃菜,娃娃菜：一颗,食用油：适量,酱油 盐：适量,"1 洗好的娃娃菜，撕小或者切小。
2 放油待油热。
3 放娃娃菜。
4 放一点酱油调味。
5 翻炒均匀。
6 加盐。
7 完成啦，很简单吧？"
664309,https://home.meishichina.com/recipe-664309.html,芋仔耙鸡爪,鸡爪：适量 | 芋仔：适量,姜片：适量,花生油：适量 | 火锅底料：适量 | 老抽：适量 | 蚝油：适量 | 盐：适量,"1 芋仔去皮洗净备用。
2 鸡爪去甲洗净。
3 将鸡爪冷水下锅焯烫后洗净。
4 生姜洗净切片。
5 锅中热油放入姜片炒香。
6 放入火锅底料翻炒。
7 放入鸡爪翻炒均匀。
8 适量老抽，蚝油，盐翻炒均匀上色入味。
9 芋仔放入高压锅中。
10 放入炒过的鸡爪。
11 加入适量清水。
12 高压锅大火煮开转中小火压10分钟左右。
13 焖好的芋仔鸡爪盛入碗中，放入葱花淋上热油即可。"
664818,https://home.meishichina.com/recipe-664818.html,酸菜炖大骨头,大骨头：适量 | 酸菜：适量,,盐：适量 | 酱油：适量 | 味精：适量,"1 下骨头焯水，热水下锅炒5分钟。
2 酸菜洗两遍，然后用热油炒一炒。
3 好，放温水炖大骨头。
4 炖大概40分钟。出锅。"
664307,https://home.meishichina.com/recipe-664307.html,菌菇牛尾骨汤,牛尾骨：适量,羊肚菌：适量 | 鹿茸菇：适量 | 虫草花：适量 | 松茸：适量,盐：适量,"1 牛尾骨备用。
2 适量牛尾骨冷水下锅焯烫出血水后洗净。
3 准备好的菌菇洗净备用。
4 牛尾骨放入电高压锅中。
5 放入洗净的菌菇。
6 加入适量清水。
7 电高压锅1小小时左右即可。
8 出锅前少许盐调味即可。"
664279,https://home.meishichina.com/recipe-664279.html,酸菜豆腐烧黄骨鱼,黄骨鱼：适量,酸菜：适量 | 豆腐：适量 | 姜片：适量,花生油：适量 | 蚝油：适量 | 盐：适量,"1 黄骨鱼处理好洗净。
2 豆腐改刀切块。
3 生姜切片。
4 酸菜洗净切细。
5 锅中热油放入豆腐。
6 煎至金黄后盛出。
7 锅中热油放入黄骨鱼，煎至微微金黄后盛出。
8 锅中底油炒香姜片。
9 放入酸菜翻炒。
10 放入黄骨鱼。
11 加入适量清水。
12 放入豆腐，适量盐和蚝油调味。
13 大火煮开焖十分钟左右入味。"
664806,https://home.meishichina.com/recipe-664806.html,梅子浆排骨,排骨：500g,脆甜梅汁：适量,花椒：适量 | 香叶：适量,"1 排骨淖水后洗净捞出加入电砂锅按干焗键，加少许料酒和酱油调味，放入香叶和花椒粒。
2 半小时左右后汁水浇干了，翻动一下，加入适量脆梅糖浆搅拌均匀3分钟左右即可，没有的就加糖和醋调味就可以啦。
3 梅子的清香，酸酸甜甜的很下饭。
4 一抢而空。"
664805,https://home.meishichina.com/recipe-664805.html,青梅黄鱼,黄鱼：1,咸菜：1勺,脆甜梅：4颗,"1 黄鱼洗净，洌干水，热锅冷油加入咸菜和生姜丝，加入黄鱼中小火煎至二面金黄色。
2 加入4颗之前做好的脆甜梅。
3 加小半碗清水，加适量盐，煮开中小火收汁。
4 出锅，煮过的梅子也特别好吃哦。"
664798,https://home.meishichina.com/recipe-664798.html,煮干丝,干丝：200克,虾：7只 | 毛豆：适量,盐：适量 | 胡椒粉：适量 | 麻油：适量 | 葱：少许 | 姜丝：少许,"1 材料洗净备用。
2 干丝要先焯水，去除豆腥味。
3 起锅倒油，煸炒毛豆虾子，放点盐打个底味。
4 加入开水稍煮，汤色变白。
5 加入焯过水的干丝，加姜丝，加盐，盖盖煮至软烂。
6 加葱，加盐，胡椒粉，调味，淋入麻油，装盘。"
664753,https://home.meishichina.com/recipe-664753.html,酸菜爆炒猪生肠,生肠：一整条,酸菜：100g | 姜：3片,盐：适量 | 酱油：1匙 | 花生油：3匙 | 蚝油：半匙 | 玉米淀粉：6匙 | 清水：半碗 | 开水：5碗 | 豆瓣酱：1匙,"1 新鲜猪生肠加入3匙玉米淀粉，1匙盐，抓拌。
2 加点清水抓拌静止3分钟。
3 酸菜洗干净，泡五分钟，备用。
4 生肠清洗干净后用热开水烫三分钟。
5 生肠烫洗干净，切小段备用，姜切好。
6 起锅下花生油，下生姜，炒干生肠水分，加入酱油蚝油。
7 生肠煎焦后加入酸菜，爆炒。
8 加入1匙豆瓣酱，半勺清水。
9 爆炒三分钟，盖锅焖一分钟，加盐试味。
10 大火收汁，试味就可以出锅啦！"
664667,https://home.meishichina.com/recipe-664667.html,虾滑鸡蛋饼,虾滑：100g | 鸡蛋：2个,生菜碎：50g | 植物油：少许,黑芝麻：少许 | 番茄酱：少许,"1 虾滑鸡蛋生菜放碗里。
2 搅拌均匀。
3 平底锅放油烧热，倒入蛋液摊成薄饼，在表面撒上黑芝麻。
4 快凝固时从一头用铲子向前推成卷。煎金黄即可。
5 切段装盘，挤上番茄酱即可。"
664666,https://home.meishichina.com/recipe-664666.html,虾饼,虾仁：10个,鸡蛋：1个 | 淀粉：3匙,即食脱皮玉米粒：80g | 胡萝卜碎：80g,"1 虾仁加鸡蛋用料理机打成泥。
2 放入玉米粒，胡萝卜碎（提前用开水焯1分钟）搅拌均匀。
3 加入淀粉搅拌均匀。
4 平底锅放油烧热，取虾泥摊成小饼。
5 煎2面金黄即可。"
664779,https://home.meishichina.com/recipe-664779.html,干炸杏鲍菇,杏鲍菇：200g | 鸡蛋：2个,红薯淀粉：50g,胡椒粉：2勺 | 盐：1勺,"1 杏鲍菇洗干净。
2 切厚片。
3 再切条。
4 倒入一些盐，杀出水分。
5 红薯淀粉打入2个鸡蛋。
6 加一些胡椒粉和盐，椒盐调味。
7 糊糊打散，没有颗粒。
8 杀好水的杏鲍菇攥干水分，放入淀粉糊里面，均匀裹满。
9 小火炸熟，大火炸透。
10 脆脆的。"
664766,https://home.meishichina.com/recipe-664766.html,鹿茸菇清蒸排骨,新鲜猪前排骨：1条 | 干鹿茸菇：50g,姜：5块,盐：适量 | 玉米淀粉：2匙 | 花生油：半匙,"1 干鹿茸菇泡发15分钟洗干净备用。
2 新鲜猪肉前排骨切小块，加玉米淀粉一匙洗干净。
3 排骨清洗3-4次，加入1匙玉米淀粉，花生油，盐，抓拌均匀。
4 鹿茸菇打底加2匙鹿茸菇泡发过的水更香，三片姜。
5 直接加入搅拌好的排骨铺在鹿茸菇上，再加两片姜。
6 直接放在白米饭上蒸25分钟左右搅拌就可以啦！"
664757,https://home.meishichina.com/recipe-664757.html,酱炖大头宝,大头宝鱼：500g,葱：1段 | 姜：1块 | 小米辣：2根 | 花椒：5-8颗 | 大料：1个,料酒：1勺 | 酱油：2-3勺 | 盐：1匙,"1 把鱼洗干净。
2 葱姜花椒大料小米辣。
3 炒香配料。
4 倒入开水，激出香味。
5 放入鱼，不能弄散了。
6 保持一个造型。
7 盖上盖子，大火炖5分钟，不能再久了，久了就碎了。
8 出锅！关键就在这一步出锅，小心嗷，不要弄散弄碎了。
9 哇嗷嗷。"
664759,https://home.meishichina.com/recipe-664759.html,蒜蓉黑虎虾,黑虎虾：450g,蒜：3头,黄油：1块 | 料酒：1勺 | 黑胡椒海盐：1勺,"1 黑虎虾自然解冻。
2 去虾头，减掉须子和脚，开背去虾线。
3 黑胡椒海盐，姜片，腌制。
4 起锅放多一点油。
5 煸炒虾头。
6 放入姜片，煸出虾油。
7 捞出虾头，嗯，别扔，加点开水，做个汤底，味道鲜美。
8 虾油放入蒜末。
9 放入虾小火煎。
10 煎到5成熟，放入一块黄油，给虾翻面。
11 加一点开水，大火收汁。
12 捞出控油。
13 撒一点香菜。
14 出锅。"
664761,https://home.meishichina.com/recipe-664761.html,腊肉炒鲜笋,鲜笋：500g | 腊肉：50g,尖椒：1根 | 蒜：3瓣,酱油：1勺 | 盐：1匙,"1 食材。
2 腊肉切片焯水，煮2分钟。
3 笋切片，辣椒和大蒜，切片。
4 小火煸炒腊肉，炒香炒出油。
5 倒入辣椒大蒜片。
6 倒入笋片，炒炒炒。
7 出锅。"
664762,https://home.meishichina.com/recipe-664762.html,小炒鲜笋,鲜笋：500g,尖椒：1个 | 五花肉：10g | 小米辣：2根,酱油：1勺,"1 食材洗干净。
2 笋切片，五花肉切片，青红辣椒切丝。
3 笋片焯水，煮5分钟，加一点盐，去除涩味。
4 煮煮煮。
5 捞出来过凉水，冲洗一下。
6 起锅煸炒五花肉。
7 炒到一丢丢焦，煸炒出油，放入辣椒煸炒。
8 倒入笋片炒炒炒，出锅放一点酱油调味。
9 下饭菜啊，能干一碗大米饭。"
664752,https://home.meishichina.com/recipe-664752.html,姜葱黄焖鸡,半只鸡：适量,大葱：适量 | 洋葱：适量 | 姜片：适量 | 葱花：适量,酱油：适量 | 蚝油：适量 | 菜油：适量 | 味精：适量,"1 鸡切块用酱油蚝油腌制好。
2 热油炒香姜片和洋葱。
3 放入腌好的鸡块。
4 加入适量水。
5 再加入适量酱油，盖上盖子焖。
6 放入大葱继续焖一下。
7 起锅前放入味精和葱花即可。"
160891,https://home.meishichina.com/recipe-160891.html,家常宫保鸡丁,鸡胸肉：1块 | 花生：100克,青瓜：1小段 | 干辣椒：10个 | 蒜：1瓣 | 葱：1根 | 花椒：少许 | 姜：1小块,,"1 鸡胸肉切小丁，先加适量香油拌匀，再加少许淀粉、料酒、白胡椒和盐，腌十分钟；
2 青瓜切小丁；干辣椒切段；蒜切片；葱切碎；姜切片；
3 小碗里加醋、糖、酱油、料酒和少许淀粉兑成汁备用；
4 花生入烤箱烤5分钟取出去皮，再入油锅炒香盛出待用；
5 热油锅，入花椒炒出香味后撇出不要，入鸡丁炒至变白色；
6 加入姜片、蒜片、干辣椒和葱翻炒；
7 加入青瓜丁后倒入料汁炒匀；
8 最后加入炒香的花生米拌匀即可。"
664715,https://home.meishichina.com/recipe-664715.html,蒸生蚝,生蚝肉：200g,娃娃菜：1颗 | 粉丝：1把,生抽：1匙 | 蚝油：1匙 | 蒜末：1匙 | 凉开水：1匙 | 蒜蓉辣酱：1匙,"1 粉丝提前泡软，娃娃菜切丝。
2 粉丝垫底，放入娃娃菜，生蚝肉。
3 生抽，蚝油，蒜蓉辣酱，凉开水拌成料汁。把蒜末撒在生蚝肉上，淋上料汁。
4 放蒸锅大火蒸10分钟即可。"
664729,https://home.meishichina.com/recipe-664729.html,孜然牛肉,牛肉：适量,,酱油：适量 | 蚝油：适量 | 蛋清：适量 | 淀粉：适量 | 孜然：适量 | 盐：适量 | 白糖：适量,"1 根据自己喜好，切片或块状。
2 在冰箱里拿出来，所以水泡一下。
3 加入调料，腌制15分钟。
4 不要煎的时间太长，时间太久口感会硬。
5 喜欢吃辣椒的最后放点辣椒面。"
664202,https://home.meishichina.com/recipe-664202.html,肉沫焖蛋,肉沫：适量,鸡蛋：适量,花生油：适量 | 蚝油：适量 | 生抽：适量 | 老抽：适量 | 玉米淀粉：适量,"1 前腿肉提前绞碎。
2 鸡蛋备用。
3 碗中适量生抽，蚝油，老抽和玉米淀粉，搅拌均匀备用。
4 锅中热油放入肉沫。
5 将肉沫炒干水份。
6 加入适量蚝油，生抽，老抽。
7 翻炒均匀上色入味。
8 将鸡蛋打入锅中。
9 倒上提前调好的料汁。
10 盖上焖至鸡蛋断生，汤汁可以留一些拌饭。"
664727,https://home.meishichina.com/recipe-664727.html,腌菜苔炒鸡肉丁,鸡腿肉丁：100g | 黄瓜：1根 | 腌菜苔：4-6根,红辣椒：1个,色拉油：2勺 | 清水：少量,"1 黄瓜洗净，去皮、去两端，切丁。
2 辣椒洗净，去蒂，不去籽，切丁。
3 腌菜苔切丁。腌菜苔是朋友妈妈自己腌的，各位可以选择酸菜。
4 个人觉得腌菜苔味道足够，不需要加盐。
5 热锅热油，先放入辣椒丁和腌菜苔丁，中小火翻炒。
6 香味出来后，放入鸡腿肉丁。
7 中途少加点清水，盖上锅盖，待鸡肉熟透。
8 接着放入黄瓜丁，继续翻炒。
9 待黄瓜变色，入味后关火。
10 低脂下饭菜"
664195,https://home.meishichina.com/recipe-664195.html,白菜焖腐竹,白菜：适量 | 腐竹：适量 | 香菇：适量,五花肉：适量,花生油：适量 | 盐：适量 | 蚝油：适量,"1 腐竹提前泡发软后切小段。
2 五花肉去皮洗净切片。
3 白菜洗净切段。
4 锅中少许底油放入五花肉，煸炒出油脂。
5 放入香菇炒香。
6 放入白菜翻炒炒软。
7 少许盐和蚝油调味。
8 放入腐竹。
9 翻炒均匀炒香。
10 加入适量清水。
11 大火煮开转中火焖十分钟左右。"
664718,https://home.meishichina.com/recipe-664718.html,牛肉炒豆芽菜,黄牛肉：150g | 黄豆芽：350g,,盐：半匙 | 生抽：1勺 | 辣椒粉：少许 | 生粉：1匙 | 鸡粉：1匙 | 胡椒粉：少许,"1 牛肉切薄片，用生粉、生抽、胡椒粉，腌制20分钟。
2 豆芽洗净备用。
3 锅中倒入适量油，下牛肉片炒到6成熟，盛出备用。
4 锅中倒入适量油，下豆芽翻炒。
5 下入盐、鸡粉，翻炒一下。
6 倒入少许清水，盖锅盖，中火焖煮3分钟。
7 下入牛肉片，翻炒一下。
8 撒入辣椒粉，继续翻炒2分钟即可。"
586593,https://home.meishichina.com/recipe-586593.html,宫保鸡丁,鸡胸肉：1块 | 胡萝卜：0.5个 | 花生：1把 | 黄瓜：0.5个,葱：1颗 | 姜：1块 | 蒜：2瓣,豆瓣酱：1-2勺 | 盐：2g | 糖：3g | 白胡椒粉：2g | 鸡精：1勺 | 生抽：2勺 | 蚝油：1勺 | 玉米淀粉：适量,"1 准备鸡胸肉，黄瓜，花生，胡萝卜，葱姜蒜。
2 鸡胸肉切块，黄瓜胡萝卜分别切丁。
3 先把胡萝卜焯水，花生用少量油炒香。
4 鸡块中加盐，糖，白胡椒粉，鸡精，生抽，玉米淀粉进行抓拌。
5 最后加入2勺食用油混合均匀。
6 调个料汁：2勺生抽+1勺蚝油+1勺白糖+2勺清水混合。
7 锅中放入适量的油，把鸡肉放进去炒熟盛出来。
8 留少许底油，放2勺豆瓣酱炒出红油，加葱姜蒜炒香。
9 倒入鸡肉，胡萝卜，黄瓜，花生翻炒。
10 倒入料汁，烧1分钟关火。
11 开胃下饭的宫保鸡丁制作完成，配上一碗米饭，妥妥滴。"
664710,https://home.meishichina.com/recipe-664710.html,羊尾笋芹菜摊鸡蛋,鸡蛋：3只 | 羊尾笋：1根 | 芹菜：90克,,盐：适量,"1 食材：鸡蛋、羊尾笋、芹菜。
2 将芹菜去根清洗清洗，捞出。
3 放入沸水锅中焯1分钟后捞出。
4 用清水中过过凉。
5 将过凉好的芹菜攥干水分放在案板上切碎。
6 将羊尾笋撕开放在案板上。
7 切碎。
8 接着，将切碎的芹菜和羊尾笋放入大碗里。
9 然后，打入鸡蛋、加适量的盐。
10 调味拌匀。
11 最后，起锅倒油烧热，下入拌好的蛋液摊成块，即成。"
664708,https://home.meishichina.com/recipe-664708.html,雪菜汁蒸二鲜,活皮虾：238克 | 圆蛤：400克,,雪菜汁：适量,"1 食材：活皮虾、圆蛤（已吐完泥沙）、雪菜汁。
2 将圆蛤清洗清洗捞出。
3 将活皮虾去虾须虾线清洗清洗捞出。
4 接着，将圆蛤放入盘中。
5 合入活皮虾，加适量的雪菜汁。
6 然后，放入炒锅里。
7 盖上盖，开盖蒸5分钟关火。
8 最后，开盖取出。"
664709,https://home.meishichina.com/recipe-664709.html,青椒龙虾味球炒毛豆,毛豆：250克 | 青椒：1个 | 龙虾味球：5个,,盐：适量 | 味精：适量,"1 食材：毛豆、青椒、龙虾味球。
2 将毛豆剥壳淘洗干净。
3 将青椒去蒂去籽清洗清洗捞出。
4 放在案板上切成小块。
5 取出龙虾味球放在案板上。
6 切成小块。
7 起锅倒入油烧热，下入毛豆翻炒翻炒。
8 接着，加适量的清水。
9 煮上5到6分钟。
10 然后，合入切好的龙虾味球和青椒翻炒翻炒。
11 最后，加适量的盐。
12 加适量的味精。
13 调味炒匀即成。"
664707,https://home.meishichina.com/recipe-664707.html,梅干菜炒梅豆,梅豆：190克 | 梅干菜：55克,,零卡糖：适量 | 盐：适量 | 味精：适量,"1 食材：梅豆、梅干菜。
2 将梅干菜用清水浸泡30分钟。
3 将梅豆折成段清洗清洗捞出。
4 随后，将浸泡好的梅干菜淘洗干净控干水分。
5 将梅豆下入清水锅中焯开4到5分钟后捞出。
6 起锅倒入油烧热，下入梅干菜翻炒翻炒。
7 接着，合入焯好的梅豆翻炒翻炒。
8 然后，加适量的零卡糖。
9 加适量的盐。
10 加适量的味精。
11 调味炒匀即成。"
664706,https://home.meishichina.com/recipe-664706.html,黑木耳茭白炒琵琶腿肉,黑木耳：10克 | 茭白：2株 | 鸡琵琶腿：3只,姜片：适量,料酒：适量 | 酱油：适量 | 盐：适量,"1 食材：黑木耳（已提前泡发清洗）、茭白、鸡琵琶腿（已清洗）、姜片。
2 将茭白剥壳清洗清洗捞出。
3 放在案板上切成片。
4 将鸡琵琶腿和姜片下入清水锅中，加适量的料酒。
5 大火煮开，转中小火煮15到20分钟关火，捞出。
6 放凉。
7 将放凉好的鸡琵琶腿去皮撕下肉。
8 接着，将切好的茭白和黑木耳下入沸水锅中焯上2分钟后捞出。
9 起锅倒油烧热，下入鸡琵琶腿肉和焯好的茭白、黑木耳翻炒翻炒。
10 然后，加适量的酱油。
11 加适量的盐。
12 调味炒匀即成。"
664194,https://home.meishichina.com/recipe-664194.html,豌豆炒肉沫,豌豆：适量,肉沫：适量,花生油：适量 | 老抽：适量 | 蚝油：适量 | 盐：适量,"1 豌豆洗净沥干水份备用。
2 前腿肉提前绞碎备用。
3 锅中热油放入肉沫翻炒，炒香炒干水份。
4 加入适量蚝油，老抽。
5 翻炒均匀上色入味。
6 放入豌豆。
7 翻炒均匀。
8 加入适量清水，大火煮开转中火焖至豌豆断生粉糯即可。"
664506,https://home.meishichina.com/recipe-664506.html,清炒小油菜,小白菜：适量,大蒜：适量,盐：适量,"1 小白菜洗净，拧成两半。
2 蒜切小块块。
3 油爆香蒜。
4 放小白菜。
5 炒成这样，加点盐就可以出锅啦。
6 很清爽，可以吃啦。"
664610,https://home.meishichina.com/recipe-664610.html,葱油大虾,河虾：适量,大蒜：适量 | 小葱：适量 | 小米辣：适量,蚝油：适量,"1 买好的河虾去头去虾线。
2 和虾洗净后放面粉，吸附里面的腥味和脏东西，再多洗几遍。
3 准备大蒜，小米辣，葱段。
4 大蒜爆香。
5 放洗清干净的河虾。
6 放小米辣。
7 放蚝油。
8 完成。"
664146,https://home.meishichina.com/recipe-664146.html,墨鱼焖排骨,排骨：适量 | 墨鱼干：适量,生姜：适量,花生油：适量 | 生抽：适量 | 蚝油：适量 | 老抽：适量,"1 墨鱼干提前泡发切小块备用。
2 排骨冷水下锅焯烫出血水后洗净。
3 生姜切片备用。
4 锅中热油放入姜片炒香。
5 放入墨鱼干炒出香味。
6 放入排骨翻炒均匀。
7 适量生抽，蚝油，老抽翻炒均匀上色入味。
8 将排骨转入高压锅。
9 加入适量清水。
10 大火煮开转中火压十分钟左右即可。
11 出锅前汤汁多的话可以收一下汁即可。"
664117,https://home.meishichina.com/recipe-664117.html,火腿炒鸡蛋,鸡蛋：适量,火腿：适量,花生油：适量 | 生抽：适量 | 蚝油：适量 | 盐：适量 | 玉米淀粉：适量,"1 火腿改刀切片。
2 碗中打入鸡蛋，搅拌均匀。
3 碗中适量玉米淀粉，生抽，蚝油，老抽和清水搅拌均匀。
4 锅中热油倒入蛋液，煎至金黄后盛出。
5 锅中热油放入火腿炒香。
6 放入煎好的鸡蛋。
7 倒入调好的料汁。
8 大火煮开入味即可。"
664688,https://home.meishichina.com/recipe-664688.html,炖鲈鱼,鲈鱼：1条,蒜片：适量 | 小米辣：2个 | 西兰花：2朵,食用油：适量 | 大料：1个 | 花椒：适量 | 香叶：1片 | 红烧酱油：适量 | 盐：适量 | 鸡精：少许,"1 将鲈鱼收拾干净切刀花。
2 锅中加入适量的食用油烧热，放入花椒、大料、香叶小火煎出香味，加入适量的开水。
3 放入红烧酱油，放入鲈鱼，加入适量的盐炖制。
4 将西兰花烫一下捞出。
5 鲈鱼烧制入味至浓稠。
6 加入蒜片。
7 将蒜片捞出，加入小米辣红椒片、鸡精即可。
8 将鲈鱼取出，西兰花点缀，鲈鱼既营养，而且肉质鲜嫩。"
664096,https://home.meishichina.com/recipe-664096.html,腐竹焖鸭,鸭肉：适量 | 腐竹：适量,生姜：适量,花生油：适量 | 生抽：适量 | 蚝油：适量 | 老抽：适量,"1 腐竹提前泡发备用。
2 鸭肉洗净斩块。
3 生姜洗净切片。
4 锅中热油放入姜片炒香。
5 放入鸭肉。
6 翻炒均匀炒干水份。
7 加入适量蚝油，生抽老抽。
8 翻炒均匀上色入味。
9 加入适量清水。
10 大火煮开转小火焖30分钟左右。
11 鸭肉焖至软烂。
12 放入腐竹，继续焖十分钟左右即可。"
664056,https://home.meishichina.com/recipe-664056.html,韭菜香干炒肉,香干：适量 | 韭菜：适量,瘦肉：适量,花生油：适量 | 玉米淀粉：适量 | 生抽：适量 | 老抽：适量 | 蚝油：适量 | 盐：适量,"1 瘦肉洗净切片，加入适量生抽，蚝油，老抽，玉米淀粉抓匀。
2 韭菜洗净切段备用。
3 香干切片。
4 锅中热油放入瘦肉。
5 翻炒均匀入味。
6 放入香干。
7 适量蚝油，盐调味。
8 大火快速翻炒均匀。
9 放入韭菜段，快速炒匀断生即可。"
664660,https://home.meishichina.com/recipe-664660.html,油豆腐五号菜煮魔芋粉丝,油豆腐：102克 | 五号菜：390克 | 魔芋粉丝：60克,,浓汤宝：32克,"1 食材：油豆腐、五号菜、魔芋粉丝、浓汤宝。
2 随后，取60克魔芋粉丝放入盘中。
3 将油豆腐用剪刀对半剪开。
4 将五号菜掰开清洗清洗捞出。
5 放在案板上切开。
6 起锅倒油烧热，下入切好的五号菜和油豆腐翻炒翻炒。
7 接着，合入魔芋粉丝、搁入浓汤宝加适量的清水。
8 翻动翻动煮上5分钟关火盛出。"
664659,https://home.meishichina.com/recipe-664659.html,咸菜蚕豆肉煮夜开花,咸菜：190克 | 蚕豆肉：350克 | 夜开花：1根,,盐：适量 | 味精：适量,"1 食材：咸菜（已清洗切碎）、蚕豆肉（已清洗）、夜开花。
2 将夜开花去皮清洗清洗捞出。
3 放在案板上切成片。
4 起锅倒油烧热，下入切好的夜开花和蚕豆肉翻炒翻炒。
5 接着，合入咸菜加适量的清水翻动翻动煮上4到5分钟。
6 然后，加适量的盐。
7 加适量的味精。
8 调味翻匀即成。"
664658,https://home.meishichina.com/recipe-664658.html,芹菜羊尾笋拌豆腐,老豆腐：360克 | 羊尾笋：1根 | 芹菜：70克,,盐：适量 | 味精：适量 | 芝麻油：适量,"1 食材：老豆腐、羊尾笋、芹菜。
2 将芹菜去根清洗清洗捞出。
3 接着，将清洗好的芹菜下入沸水锅中焯上1分钟后捞出。
4 用凉开水过过凉捞出。
5 放在案板上切碎。
6 将羊尾笋撕开放在案板上。
7 切碎。
8 然后，将老豆腐放入大盆里抓碎。
9 最后，合入切好的芹菜和羊尾笋、加适量的盐。
10 加适量的味精。
11 加适量的芝麻油。
12 调味拌匀即可。"
664657,https://home.meishichina.com/recipe-664657.html,咸菜魔芋结煮蒲瓜,蒲瓜：1个 | 魔芋结：230克 | 咸菜：204克,,盐：适量 | 味精：适量,"1 食材：蒲瓜、魔芋结、咸菜（已清洗）。
2 将魔芋结拆开包装，清洗清洗捞出。
3 将咸菜放在案板上切碎。
4 将蒲瓜清洗清洗捞出，去皮。
5 放在案板上切成片。
6 起锅倒油烧热，下入切好的蒲瓜翻炒翻炒。
7 接着，合入魔芋结和切好的咸菜、加适量的清水。
8 翻动翻动煮上4到5分钟。
9 然后，加适量的盐。
10 加适量的味精。
11 调味翻匀即可。"
664656,https://home.meishichina.com/recipe-664656.html,肉骨酸菜煮豆腐,酸菜：400克 | 老豆腐：395克 | 肉骨：265克,,料酒：适量 | 盐：适量 | 味精：适量,"1 食材：酸菜、老豆腐、肉骨（已清洗焯水）。
2 将老豆腐掰成块。
3 将酸菜拆开包装，取出酸菜放在案板上切开。
4 将已焯好的肉骨下入高压锅中，加适量的料酒。
5 加适量的开水。
6 盖上盖用中小火烧煮15分钟后关火。
7 焖至没气后开盖。
8 接着，合入切好的酸菜和掰开的老豆腐翻动翻动烧煮5到6分钟。
9 然后，加适量的盐。
10 加适量的味精。
11 调味翻匀即成。"
664655,https://home.meishichina.com/recipe-664655.html,榨菜丝油面筋塞肉煮毛豆,油面筋：7个 | 猪肉：290克 | 榨菜丝：40克,,料酒：适量 | 酱油：适量 | 盐：适量 | 味精：适量,"1 食材：油面筋、猪肉（已清洗）、毛豆、榨菜丝。
2 将毛豆剥壳淘洗干净。
3 将猪肉放在案板上切成块。
4 放入绞肉机里，加适量的料酒。
5 加适量的酱油。
6 加适量的盐。
7 盖上盖、调味搅成肉末。
8 开盖，取油面筋戳一个洞，把肉末塞进去。
9 放入盘中。
10 起锅倒油烧热，下入毛豆、加适量的盐调味翻炒翻炒。
11 接着，合入油面筋塞肉加适量的清水煮上15分钟。
12 然后，搁入榨菜丝翻动翻动煮上2分钟。
13 最后，加适量的味精。
14 翻匀就可以了。"
664654,https://home.meishichina.com/recipe-664654.html,蘑菇鸡蛋煮棱角丝瓜,棱角丝瓜：1根 | 蘑菇：4个 | 鸡蛋：2只,,盐：适量,"1 食材：棱角丝瓜、蘑菇（已清洗）、鸡蛋。
2 将棱角丝瓜去皮清洗清洗捞出。
3 放在案板上切成片。
4 将蘑菇放在案板上切成片。
5 起锅倒油烧热，打入鸡蛋翻炒翻炒。
6 接着，合入切好的棱角丝瓜和蘑菇、加适量的清水。
7 翻动翻动煮上2到3分钟。
8 然后，加适量的盐。
9 调味翻匀即成。"
664653,https://home.meishichina.com/recipe-664653.html,午餐肉炒茭白,午餐肉：5包 | 茭白：3株,,酱油：适量 | 盐：适量 | 味精：适量,"1 食材：午餐肉、茭白。
2 将茭白剥壳清洗清洗捞出。
3 放在案板上切成片。
4 将午餐肉拆开包装放在案板上。
5 切开。
6 将切好的茭白下入沸水锅中焯上2分钟后捞出。
7 起锅倒油烧热，下入焯好的茭白和切好的午餐肉翻炒翻炒。
8 然后，加适量的酱油。
9 加适量的盐。
10 加适量的味精。
11 调味炒匀即成。"
664633,https://home.meishichina.com/recipe-664633.html,减脂版菠萝咕咾肉,鸡胸肉：1块 | 菠萝：1/4,彩椒：适量,白糖：2勺 | 白醋：1勺 | 蕃茄酱：2勺 | 料酒：适量 | 盐：适量 | 淀粉：适量 | 生抽：适量 | 蚝油：适量 | 油：适量,"1 菠萝去皮，切成小块。
2 鸡胸肉切成2厘米的小块。
3 鸡胸肉中加入料酒，生抽，蚝油，盐，淀粉搅拌均匀，腌制30分钟。
4 准备料汁，碗里加入2勺白糖，2勺番茄酱，1勺白醋，加水搅拌均匀备用。
5 腌好的鸡肉裹上一层淀粉。
6 放入空气炸锅烤15分钟，中间翻拌几次。
7 如果觉得太干可以表面喷一点油。
8 起锅烧油，下入彩椒翻炒。
9 依次下入菠萝和料汁翻炒。
10 汤汁烧开。
11 下入鸡肉搅拌，大火收干汤汁。
12 菠萝咕咾肉，酸甜带果香。"
664043,https://home.meishichina.com/recipe-664043.html,墨鱼干焖鸡,鸡腿：适量 | 墨鱼干：适量,姜片：适量,花生油：适量 | 蚝油：适量 | 生抽：适量 | 老抽：适量,"1 墨鱼干提前泡发。
2 鸡腿洗净斩块。
3 生姜切片备用。
4 泡发好的墨鱼干切块。
5 锅中热油爆香姜片。
6 放入墨鱼干炒香。
7 放入鸡腿肉翻炒炒香。
8 加入适量蚝油，生抽，老抽。
9 翻炒均匀上色入味。
10 加入适量清水，大火煮开转小火焖25分钟左右。
11 出锅前收汁即可。"
664641,https://home.meishichina.com/recipe-664641.html,西蓝花拌虾仁,西蓝花：1棵 | 冷冻生南美白虾：9只,蒜：少许 | 青椒：少许 | 鸡蛋：一个,耗油：少许 | 生抽：少许 | 香醋：少许,"1 冷冻生南美白虾，把虾去壳去线，清洗干净。
2 焯一下水。
3 捞出，过凉水，再捞出，备用。
4 西蓝花切成小朵，淘洗干净。
5 锅里加点油，焯水2分钟。
6 捞出，过凉水，再捞出，沥干水分，放入盆中，备用。
7 煮好的鸡蛋，备用。
8 切好。
9 蒜沫和青椒碎，备用。
10 蒜沫和青椒碎热油爆香，加少许生抽、耗油和香醋。
11 西蓝花和虾仁放入盆中。
12 再放入切好的鸡蛋。
13 淋上灵魂妙汁。
14 搅拌一下。
15 好吃又营养。"
664639,https://home.meishichina.com/recipe-664639.html,肉沫粉条,肉沫：半斤 | 粉条：适量,蒜：适量 | 青椒：适量,花生油：适量 | 老抽：少许 | 生抽：适量 | 郫县豆瓣酱：一匙,"1 粉条用凉水泡发好，锅里水烧开以后，放入粉条煮软，看粉条颜色发白，捞出，过凉水，再捞出，放入盆中，备用。
2 肉沫，备用。
3 蒜沫和青椒碎，备用。
4 郫县豆瓣酱，备用。
5 锅烧热倒适量油，下肉沫煸炒出香味，下豆瓣酱和蒜沫、青椒碎，继续翻炒。
6 开中小火，下粉条，放入少许老抽和适量生抽调味，再继续翻炒，炒出香味。
7 出锅装盘。
8 美味佳肴，色香味俱全。"
664035,https://home.meishichina.com/recipe-664035.html,菠萝牛肉粒,嫩牛肩肉：适量,菠萝：适量,花生油：适量 | 黑椒酱：适量 | 欧芹碎：适量,"1 嫩牛肩肉备用。
2 菠萝改刀切小粒。
3 将嫩牛肩肉改刀切粒。
4 锅中热油放入牛肉粒。
5 煎炒至微焦。
6 放入菠萝。
7 翻炒均匀。
8 锅中黑椒酱调味。
9 翻炒均匀入味即可。"
664033,https://home.meishichina.com/recipe-664033.html,黄豆焖牛腩,牛腩：适量 | 黄豆：适量,八角：适量 | 桂皮：适量 | 香叶：适量 | 生姜：适量 | 葱花：适量,花生油：适量 | 生抽：适量 | 蚝油：适量 | 老抽：适量,"1 黄豆提前泡发备用。
2 姜片，八角，桂皮，香叶备用。
3 牛腩改刀切小块。
4 将牛腩冷水下锅焯烫后洗净。
5 锅中热油放入香料炒香。
6 放入牛腩翻炒均匀。
7 适量蚝油，生抽，老抽。
8 翻炒均匀上色入味。
9 将炒过的牛腩转入高压锅中。
10 加入适量清水。
11 高压锅大火压10分钟左右。
12 开盖后放入黄豆。
13 继续高压锅大火压10分钟左右收汁即可。"
664631,https://home.meishichina.com/recipe-664631.html,口蘑洋葱青口贝,口蘑：8-10个 | 青口贝：8-10粒,洋葱：半个,料酒：2勺 | 色拉油：1大勺 | 清水：适量 | 白糖：半匙 | 精盐：1匙 | 生抽：1勺,"1 口蘑洗净、去蒂，洋葱去皮、切一半，青口贝提前解冻。
2 口蘑切厚片，洋葱切厚片，青口贝取肉洗净加料酒。
3 热锅热油，先放入洋葱，中小火煸香。
4 接着放入口蘑，少加一点水，翻炒至变色。
5 待口蘑开始上色后，放入青口贝肉，加入糖、盐和生抽，继续翻炒。
6 均匀入味后，关火起锅。"
664603,https://home.meishichina.com/recipe-664603.html,清蒸鲈魚,鲈鱼：1条,姜片：3片,食用油：少许 | 料酒：适量 | 白灼汁：适量 | 盐：适量,"1 将鲈卢洗净去鳞、魚内脏等，切成漂亮的斜刀，鱼身抄撒入料酒、白灼汁、适量的盐。
2 锅中水烧开后，放入蒸魚盘(这个魚盘稍大了点，只好倾斜着放，再盖好盖子，蒸10分钟。
3 蒸好的鲈鱼。
4 先将汤汁倒出。
5 然后将汤汁过滤一下。
6 再倒入盘中，鲈鱼的花纹非常漂亮，魚肉鲜嫩可口。"
664619,https://home.meishichina.com/recipe-664619.html,蒸茼蒿,茼蒿菜：1把,玉米面粉：2勺 | 小麦面粉：2勺,盐：适量 | 十三香：少许 | 油：1匙 | 大蒜末：1匙 | 生抽：半勺 | 醋：1勺 | 香油：适量,"1 茼蒿菜洗干净控干水分，放油拌均匀。
2 放入小麦和面粉玉米面粉，加盐，十三香搅拌均匀。
3 使每个菜上都裹满面粉且成松散状态。
4 放入蒸屉，开水入锅蒸3分钟即可。
5 蒸熟后也是比较松散的，筷子一抖就都散开了。
6 成品图。配上用大蒜末，生抽，醋，香油拌好的料汁即可。"
664605,https://home.meishichina.com/recipe-664605.html,元葱炒西兰花,西兰花：适量,元葱：适量,食用油：适量 | 料酒：适量 | 生抽：少许 | 盐：适量,"1 将西兰花、元葱洗净(西兰花一会焯水再用)。
2 锅中放入适量的食用油烧热将切好的菜下入锅中，加入适量的料酒、生抽、盐快速翻炒。
3 将菜品盛入群盘中，绿色的西兰花、紫色元葱颜色美观。"
664001,https://home.meishichina.com/recipe-664001.html,黑椒牛肉粒,嫩牛肩肉：适量,蒜头：适量,黄油：适量 | 欧芹碎：适量 | 黑椒酱：适量,"1 嫩牛肩肉备用。
2 改刀切小粒。
3 蒜头粒备用。
4 锅中放入黄油加热融化。
5 放入嫩牛肩肉，煎至微焦后盛出。
6 锅中适量黄油放入蒜头粒。
7 煎炒至金黄。
8 放入牛肉粒翻炒。
9 加入黑椒酱。
10 大火快速翻炒均匀即可。"
664608,https://home.meishichina.com/recipe-664608.html,黄骨鱼烧豆腐,黄鳝鱼：三根 | 豆腐：一块,小葱：三根 | 蒜瓣：四个 | 生姜：一块 | 小米粒：一根,食用油：适量 | 盐：适量 | 生抽：适量,"1 准备一块嫩豆腐切好备用。
2 三个黄鳝骨鱼洗干净准备好。
3 生姜切丝，蒜瓣切片，小米粒切段备用。
4 热锅下油，放入准备好的调料炒，
5 再倒入鱼，煎两分钟翻面加盐，煎一分钟。
6 挖一勺豆瓣酱放油锅和鱼一起煎两分钟。
7 倒入切好的豆腐在鱼边上煎两分钟，加水淹过豆腐煮。
8 煮个七八分钟后放入葱段关火。"
663949,https://home.meishichina.com/recipe-663949.html,口蘑干煎鸡,鸡腿肉：适量,口蘑：适量 | 欧芹碎：适量,花生油：适量 | 黄油：适量 | 玉米淀粉：适量 | 生抽：适量 | 蚝油：适量 | 盐：适量 | 老抽：适量,"1 鸡腿正骨洗净。
2 改刀切小块。
3 鸡腿肉沥干水份放入盆中。
4 加入玉米淀粉，生抽，蚝油，老抽抓拌均匀。
5 适量花生油抓匀腌制半小时左右。
6 口蘑洗净改刀切小块。
7 锅中热油放入鸡腿肉。
8 将鸡肉均匀摊开。
9 煎至金黄后盛出。
10 锅中放入黄油。
11 放入口蘑。
12 煎炒出汁。
13 放入煎过的鸡腿肉。
14 煎炒均匀，少许盐调味即可。
15 装盘后洒上少量欧芹碎。"
664581,https://home.meishichina.com/recipe-664581.html,辣炒生蚝牛蛙,生蚝：200g | 牛蛙腿：250g,干辣椒：1根 | 红辣椒：1根 | 绿辣椒：1根 | 大蒜瓣：2瓣,料酒：适量 | 色拉油：2大勺 | 白糖：1匙 | 精盐：半匙 | 生抽：1铲,"1 准备好食材。黄豆酱最终没有用到，请无视它。
2 牛蛙腿从关节处切段，洗净后浇入料酒去腥。生蚝肉洗净，浇入料酒。红、绿辣椒洗净、去蒂留籽、切大块。干辣椒去蒂。大蒜瓣切薄片。
3 热锅热油，调小火，煸香蒜瓣和干辣椒。
4 之后连料酒一起放入牛蛙腿，中小火不断翻炒。中途加入1匙糖和半匙盐调味。
5 待牛蛙变色后，放入生蚝肉，继续翻炒。
6 接着放入红、绿辣椒。
7 加入1铲生抽，大火翻炒入味。
8 关火起锅装盘。
9 生蚝肉又大又嫩。
10 第一次尝试这种搭配，意外的还不错，很下饭。"
664446,https://home.meishichina.com/recipe-664446.html,洋葱炒肉丝,里脊肉：适量,洋葱：适量,蚝油  酱油  淀粉：适量,"1 里脊肉切丝。
2 耗油淀粉酱油。
3 抓拌均匀。
4 洋葱切丝。
5 蒜切小块姜切末。
6 油热煸炒出香味。
7 放腌好的肉丝。
8 炒至变色。
9 放洋葱。
10 洋葱炒软放蒜苗。
11 出锅。"
664161,https://home.meishichina.com/recipe-664161.html,早笋炒肉丝,早笋：四个 | 肉丝：三两,,花生油：适量 | 盐：适量 | 生抽：少许 | 料酒：少许,"1 新鲜早笋。
2 去掉外壳。
3 洗净，对半切开。
4 切片。
5 锅置火上，加水烧开，放竹笋焯一下。
6 捞起，放入碗中，备用。
7 肉丝备用。
8 肉丝用少许生抽和料酒腌制10分钟。
9 锅烧热放适量油，倒入肉丝，煸炒，再倒入早笋片加适量盐调味，翻炒几下即可。
10 出锅装盘。
11 满满都是春天的味道。"
664574,https://home.meishichina.com/recipe-664574.html,五味斋炒凉粉,红薯凉粉：1块,食用油：30ml | 芝麻油：少许,葱花：适量 | 蒜片：适量 | 黄豆酱：2匙 | 酱油：25ml | 花椒油：少许 | 食盐：2g,"1 红薯淀粉和清水1:6做成凉粉备用。
2 红薯凉粉切块，加入各种调料。
3 将主料和调料搅拌均匀。
4 开底火，倒入食用油，再放入凉粉摊平。
5 放下顶盖开双火3-5分钟。
6 留底火，翻炒约5分钟，淋上芝麻油。
7 盛盘即可食用。
8 搭配什锦粥，软糯可口。"
663911,https://home.meishichina.com/recipe-663911.html,腐皮卷,肉沫：适量 | 木耳：适量 | 胡萝卜：适量 | 韭黄：适量,腐皮：适量,花生油：适量 | 玉米淀粉：适量 | 生抽：适量 | 蚝油：适量 | 盐：适量 | 鸡精：适量,"1 胡萝卜洗净切细。
2 韭黄洗净切段。
3 木耳提前泡发后改刀切细。
4 前腿肉提前绞碎备用。
5 加入适量玉米淀粉，生抽，蚝油。
6 搅拌均匀。
7 放入准备好的配菜。
8 加入适量花生油和盐，抓拌均匀。
9 腐皮备用。
10 腐皮平铺开，放入馅料。
11 卷成一个个长卷。
12 锅中热油放入腐皮卷。
13 煎炸至金黄。
14 将腐皮卷放入盘中，锅中水开蒸十分钟左右。
15 蒸好后把汁倒出。
16 蒸出来的汤汁加入适量清水，少许盐和鸡精调味煮开。
17 适量淀粉水勾芡。
18 将芡汁淋在蒸好的腐皮卷上即可。"
664561,https://home.meishichina.com/recipe-664561.html,芋儿烧鸡,鸡腿肉：适量 | 芋头：适量,姜：适量 | 八角：适量 | 葱花：适量 | 干辣椒：适量,酱油：适量 | 蚝油：适量 | 白糖：适量 | 油：适量 | 清鸡汤：适量 | 豆瓣酱：适量,"1 鸡腿切块放入蚝油酱油腌制一下。
2 提前准备好食材。
3 热油爆香豆瓣酱，八角，姜块。
4 然后放入腌制好的鸡腿。
5 放入少许干辣椒段。
6 焖两分钟加入清鸡汤。
7 焖20分钟。
8 翻一翻，大火收汁。
9 起锅后撒上适量葱花即可。"
664547,https://home.meishichina.com/recipe-664547.html,干贝虾米焖冬瓜,冬瓜：适量,干贝：适量 | 虾米：适量,花生油：适量 | 盐：适量 | 蚝油：适量,"1 干贝和虾米清洗洗净。
2 冬瓜去皮洗净切块。
3 锅中热油放入冬瓜。
4 翻炒均匀。
5 放入干贝和虾米。
6 加入适量蚝油和盐调味。
7 加入适量清水。
8 大火煮开转小火焖至冬瓜断生即可。"
664552,https://home.meishichina.com/recipe-664552.html,羊肉粉条炖酸菜,酸菜：适量 | 熟羊肉片：适量,粉条：适量 | 羊肉汤：适量,食用油：适量 | 猪油：1勺 | 盐：适量,"1 将酸菜切成丝。
2 粉条煮七分熟。
3 姜切成末。
4 锅中放入适量的食用油，又加入1勺猪油下入酸菜翻炒，这样味道比较香。
5 酸菜一定要炒才好吃。
6 加入适量的羊肉汤，盐、加入姜末。
7 再加入焯好的粉条。
8 再加入提前做的羊肉片。
9 粉条不要煮烂，羊肉粉条酸菜味道好香。
10 盛入大碗中，同时蒸了米饭及其他菜。"
664555,https://home.meishichina.com/recipe-664555.html,素炒三丝,甘蓝：适量 | 青椒：2个,元葱：适量,食用油：适量 | 料酒：适量 | 生抽：少许 | 盐：适量,"1 将三种蔬菜切成丝。
2 锅中放入适量的食用油烧热，下入甘蓝丝青椒丝翻炒。
3 再下入元葱丝、料酒、盐、生抽快速翻炒。
4 快速翻炒出锅。
5 盛入盘中，素炒三丝颜色美观，清淡可口。"
664538,https://home.meishichina.com/recipe-664538.html,莴笋干炒腊肠,莴笋干：适量 | 腊肠：适量,青红椒：适量 | 姜：适量 | 蒜：适量,油：适量 | 盐：适量 | 生抽：适量 | 蚝油：适量 | 松茸鲜：适量,"1 一把莴笋干放进水里泡软。
2 清洗干净，挤干水分备用。
3 葱姜切粒，腊肠切片，青红椒切段（我是库存冷冻的）
4 锅里倒油烧热，下入辣椒，姜蒜爆香。
5 下入莴笋干翻炒。
6 加入生抽，蚝油，盐，翻炒均匀。
7 腊肠是熟的，最后放进去炒软。
8 出锅前加一点松茸鲜。
9 莴笋干炒腊肠。
10 香香辣辣，口感又脆，特别下饭。"
664378,https://home.meishichina.com/recipe-664378.html,茄子炖豆角,茄子：适量 | 豆角：适量,洋葱：适量 | 葱：适量 | 蒜：适量 | 小米辣：适量,蚝油：适量 | 酱油：适量,"1 摘干净清洗上锅蒸。
2 茄子切条蒸一会儿。
3 蒸成这样就可以了。
4 出锅。
5 准备这些食材。
6 葱切段。
7 开始煸香。
8 煸香后放豆角子。
9 放茄子。
10 随便炒一炒。
11 放调好的汁小火焖煮一下。
12 撒上洋葱葱段，再焖两分钟。
13 这样就出锅了。
14 上点葱花就更好看了。"
663860,https://home.meishichina.com/recipe-663860.html,肉沫皮蛋炒青椒,青椒：适量 | 皮蛋：适量,肉沫：适量,花生油：适量 | 蚝油：适量 | 盐：适量,"1 提前绞碎的肉沫备用。
2 皮蛋去壳洗净切块。
3 青椒洗净切小块。
4 锅中热油放入肉沫。
5 翻炒均匀炒干水份。
6 加入适量蚝油炒匀调味。
7 放入皮蛋。
8 翻炒均匀炒香。
9 放入青椒。
10 大火快速翻炒。
11 少许盐调味。
12 炒至青椒微焦断生即可。"
664527,https://home.meishichina.com/recipe-664527.html,剁椒鱼头,大头鱼鱼头：半个,剁椒酱：3勺 | 蒜蓉：适量 | 豆豉：2勺,酱油：2勺,"1 菜市场买了半个鱼头，让店家帮处理干净，回家再过几遍水晾干。
2 放入盘中，加入适量的剁椒酱铺面，大火烧开后放入鱼头蒸十分钟左右。
3 热油加入蒜泥、豆豉，加入适量的酱油拌匀。
4 淋入蒸好的鱼头即可食用，非常的鲜美，剁椒不辣，很适合吃不了辣的伙伴哦。"
664525,https://home.meishichina.com/recipe-664525.html,五味斋素什锦,鸡蛋：2个 | 豆腐：1块 | 洋葱：1个 | 西红柿：1个,植物油：30ml,花椒油：数滴 | 食盐：适量 | 鸡精：适量 | 酱油：适量,"1 将主料清洗干净。
2 切好装盆。
3 加入调料拌匀。
4 电饼铛倒入植物油。
5 放上食材摊开。
6 盖上加热5～7分钟。
7 开盖搅拌均匀。
8 盛盘即可食用。
9 和什锦稠粥是好搭档。"
664482,https://home.meishichina.com/recipe-664482.html,肉丝炒胡萝卜秋葵,秋葵：适量 | 小胡萝卜：1根,小里脊肉：适量,食用油：适量 | 料酒：适量 | 生抽：适量 | 盐：适量,"1 里脊肉切成丝，加入料酒、生抽、食用油拌匀。
2 秋葵焯一下水(时间要短)。
3 胡萝卜切片焯水。
4 锅中放入适量的食用油烧热，下入肉丝小火翻炒。
5 再放入秋葵、胡萝卜、盐翻炒。
6 盛入盘中，既营养又好吃。"
663848,https://home.meishichina.com/recipe-663848.html,贝贝南瓜蒸鸡肉,鸡肉：适量,贝贝南瓜：适量,花生油：适量 | 玉米淀粉：适量 | 生抽：适量 | 蚝油：适量 | 盐：适量,"1 贝贝南瓜去籽洗净切块。
2 鸡腿洗净斩块。
3 加入适量玉米淀粉。
4 加入适量生抽，蚝油，老抽抓匀。
5 适量花生油抓匀锁住水份。
6 贝贝南瓜铺在碗中，放入腌好的鸡肉。
7 锅中水烧开上锅蒸30分钟。"
663884,https://home.meishichina.com/recipe-663884.html,肉沫茄子,茄子：2根,猪肉：适量,蒜末：适量 | 酱油：适量 | 耗油：适量,"1 茄子??切长条，放入油锅大火炸软（大概1~2分）。
2 控油捞出备用。
3 切好蒜末、肉沫备用，以及葱花。
4 先炒蒜末，加入肉沫，炒熟后加入茄子??翻炒一会儿、最后加适量盐、酱油、耗油、葱花翻炒均匀盛出。
5 肉沫茄子??出锅（肉也可切长条）。"
663488,https://home.meishichina.com/recipe-663488.html,红枣炖翅根,鸡翅根：4个 | 土豆：半个 | 胡萝卜：3分之一个,红枣：3个,葱花：适量 | 盐：少许 | 生抽：1勺,"1 翅根去皮用生抽，葱花腌10分钟。
2 平底锅放油烧热，放入翅根煸至肉金黄。
3 炒锅放油烧热，放入土豆胡萝卜，翅根翻炒，炒至蔬菜断生。
4 再转入炖盅里，加水，葱姜丝，红枣，盐炖1小时。
5 炖的汤可以煮面条。"
663683,https://home.meishichina.com/recipe-663683.html,茄子饼,茄子：1个,鸡蛋：1个 | 面粉：适量 | 食用油：1勺,盐：少许 | 葱花：少许,"1 茄子去皮切薄片。
2 加盐腌出水分，挤干水分。
3 茄子加鸡蛋，葱花，面粉。
4 搅拌均匀，使茄子均匀的挂上面糊。
5 炒锅放油烧热，放入茄子面糊摊成小饼，煎2面金黄即可。"
663830,https://home.meishichina.com/recipe-663830.html,蒜蓉焗黄花鱼,黄花鱼：适量,蒜头：适量 | 姜粒：适量 | 葱花：适量,花生油：适量 | 玉米淀粉：适量 | 生抽：适量 | 蚝油：适量 | 盐：适量,"1 黄花鱼处理好切块。
2 加入适量玉米淀粉，蚝油，花生油，生抽抓匀备用。
3 生姜洗净切粒备用。
4 蒜米粒备用。
5 锅中热油放入蒜头和生姜。
6 将黄花鱼摆放入锅。
7 均匀的铺上一层蒜蓉酱。
8 盖上小火焗十分钟左右。
9 鱼焗断生入味后放入葱花即可。"
664217,https://home.meishichina.com/recipe-664217.html,娃娃菜炒粉丝,娃娃菜：6片叶子,粉丝：一把 | 保元汤：适量,盐：少许/ | 酱油：少许 | 油：少许,"1 先将娃娃菜叶洗净备用。
2 切成丝备用。
3 粉丝开水烫一下捞出。
4 放在盘子里备用。
5 倒少许酱油。
6 拌匀备用。
7 将黄芪粉倒点开水煮开。
8 倒入娃娃菜丝及粉丝翻炒匀。
9 放盐调味。
10 出锅了（成品图）。"
663826,https://home.meishichina.com/recipe-663826.html,麻婆豆腐牛肉,牛肉丸：适量 | 嫩豆腐：适量,葱花：适量,花生油：适量 | 火锅底料：适量 | 生抽：适量 | 盐：适量 | 花椒面：适量 | 玉米淀粉：适量 | 蚝油：适量,"1 牛肉洗净切薄片。
2 加入适量玉米淀粉，生抽，蚝油抓匀。
3 再加入适量花生油抓拌均匀备用。
4 豆腐改刀切块。
5 锅中热油放入牛肉翻炒。
6 放入火锅底料炒匀。
7 加入适量清水。
8 大火煮开，少许盐调味。
9 放入豆腐。
10 煮开焖5分钟左右。
11 出锅前少许淀粉水勾芡。
12 加入少许葱花。
13 加入适量花椒面。"
664464,https://home.meishichina.com/recipe-664464.html,上汤苋菜,红苋菜：适量,皮蛋：适量 | 火腿肠：适量 | 姜：适量 | 蒜：适量,油：适量 | 盐：适量 | 松茸鲜：适量,"1 苋菜摘去老杆，冲洗干净。
2 皮蛋，火腿切丁，姜切片，蒜切大块备用。
3 烧开水，下入苋菜烫熟。
4 捞出来控干。
5 锅内倒油烧至六成热，下入姜蒜爆香。
6 下入皮蛋，火腿翻炒一会儿。
7 加入水或高汤煮开。
8 加入适量盐，松茸鲜调味提鲜。
9 倒入烫熟的苋菜，翻炒均匀。
10 出锅。
11 鲜香上汤苋菜。"
664459,https://home.meishichina.com/recipe-664459.html,肉片炒素鸡,素鸡：一块,青红辣椒：少许,酱油：少许 | 蚝油：少许,"1 素鸡洗净，中间一切为二。
2 取一半切斜刀片。
3 在垂直切成菱形片。
4 瘦肉切片，加盐，酱油少许醃一会，加水淀粉拌匀。
5 蒜切粒，姜切丝，青红辣椒切小段。
6 油烧热，下入肉片翻炒出油，把肉片推至一边，下入蒜粒与姜，放入辣椒翻炒出香味，倒入素鸡在炒。
7 加盐，蚝油与酱油，最后放鸡精出锅！简单美味家常菜出锅了！"
664436,https://home.meishichina.com/recipe-664436.html,甘蓝炒黄瓜片,黄瓜：1根,甘蓝：适量,食用油：适量 | 料酒：适量 | 生抽：适量 | 盐：适量,"1 黄瓜洗净切成片。
2 甘蓝去茎撕片。
3 锅中放适量的食用油烧热，下入甘蓝快炒。
4 再加入黄瓜片，料酒、盐快速翻炒。
5 时间要短，快速翻炒出锅。
6 盛入盘中，蔬菜爽脆可口。"
664424,https://home.meishichina.com/recipe-664424.html,秋葵胡萝卜炖山药,山药：1根 | 小胡萝卜：2根,秋葵：适量,食用油：适量 | 料酒：适量 | 生抽：适量 | 盐：适量 | 鸡精：适量,"1 将山药、胡萝卜去皮切滚刀块。
2 锅中放入肉汤加水，放入山药、胡萝卜块炖。
3 待其八分熟，下入秋葵稍炖3分钟。
4 加入少许鸡精即可。
5 将菜品盛入碗中，三种食材、三种颜色、不同口感、营养丰富。"
663152,https://home.meishichina.com/recipe-663152.html,香脆猪排,猪里脊肉：适量,葱姜水：适量,蚝油：适量 | 生抽：适量 | 盐：适量 | 花椒：适量,"1 准备食材。
2 剃成大片用棍子敲打一下，方便入味。
3 葱姜水去腥。
4 放调料，抓至均匀腌制。
5 挑出葱姜。
6 准备淀粉。
7 鸡蛋液。
8 面包糠（尽量选黄色的小麦面包糠去买的时候刚好没有了，只能选这个）。
9 裹上淀粉。
10 裹鸡蛋液，裹面包糠。
11 油热放油锅里炸。
12 翻面。
13 重复一上步骤，即可。
14 香。
15 真香。
16 撒辣椒面。
17 开吃喽。"
664444,https://home.meishichina.com/recipe-664444.html,煎羊排,羊排：适量,洋葱：适量 | 西蓝花：适量,黑胡椒海盐：适量 | 黑胡椒酱：适量,"1 用厨房纸把羊排表面的水分吸干。
2 平底锅放油烧热，把羊排放进去中火慢煎，撒海盐。
3 煎两面金黄，把洋葱西蓝花也煎一下。
4 摆盘，挤上黑胡椒酱即可。"
664435,https://home.meishichina.com/recipe-664435.html,青椒炒豆皮,青椒：3个,豆皮：2张,食用油：适量 | 料酒：适量 | 生抽：适量 | 盐：适量 | 鸡精：适量,"1 将青椒洗净切成丝。
2 豆皮焯水后切成丝。
3 锅中放入适量的食用油，放入豆皮先炒一下。
4 放入青椒快速翻炒，再加入已炒的豆皮，加入料酒、生抽、盐快速翻炒。
5 加入少许鸡精翻炒出锅。
6 成品两种颜色食材，营养丰富。"
663814,https://home.meishichina.com/recipe-663814.html,芦笋木耳炒肉片,芦笋：适量 | 木耳：适量,瘦肉：适量,花生油：适量 | 玉米淀粉：适量 | 蚝油：适量 | 盐：适量,"1 瘦肉洗净切薄片。
2 木耳提前泡发洗净。
3 瘦肉加入适量玉米淀粉，蚝油抓匀。
4 再加入适量花生油抓拌均匀备用。
5 锅中热油放入肉片翻炒。
6 适量蚝油调味。
7 放入芦笋。
8 放入木耳。
9 大火快速翻炒均匀。
10 少许盐调味。
11 翻炒至断生即可。"
664357,https://home.meishichina.com/recipe-664357.html,土豆西红柿炖牛肉,熟牛肉块：适量,土豆：2个 | 西红柿：1个 | 葱花：适量,牛肉汤：适量 | 盐：适量,"1 自制的熟牛肉块。
2 西红柿切成块。
3 土豆切成块下入锅中，加入牛肉汤、盐。
4 加入牛肉块煮一下，再放入西红柿。
5 香葱花。
6 菜品出锅，牛肉香浓、汤鲜味美。"
664406,https://home.meishichina.com/recipe-664406.html,麻椒炒猪肝,猪肝：适量,麻椒：2个,食用油：适量 | 料酒：适量 | 生抽：适量 | 盐：适量 | 鸡精：少许,"1 猪肝洗净后稍冻一下好切。
2 锅中放入适量的食用油烧热，放入猪肝小火翻炒。
3 炒至断生即可（取出)。
4 再放入麻椒丝、料酒、生抽、盐快速翻炒。
5 倒入刚炒的猪肝快速翻炒出锅。
6 成品猪肝很嫩，搭配麻椒很可口。"
664402,https://home.meishichina.com/recipe-664402.html,红烧鳝段,鳝鱼段：2条 | 黄瓜：1条,大蒜：适量 | 生姜：适量,食盐：适量 | 料酒：适量 | 酱油：适量 | 八角粉：适量,"1 清洗鳝鱼段，横着在背部开刀口方便入味。热水冲淋，去除黏液少腥味。
2 黄瓜切段、开成片。准备点小黄姜和葱段。
3 热锅凉油，6成熟下姜片。
4 油温8成下鳝段，改中火慢煎。煎得表面焦黄之后加食盐、料酒和热水焖烧。
5 快熟时加入黄瓜和蒜粒。
6 加入酱油和八角粉，出锅。"
664391,https://home.meishichina.com/recipe-664391.html,羊肉炒水萝卜,熟羊肉：适量,水萝卜：适量,盐：少许 | 油：少许,"1 水萝卜洗净去皮备用。
2 切片备用。
3 锅里放油热后下入熟羊肉块翻炒。
4 下入白萝卜片翻炒。
5 加入盐及酱油少许。
6 炒匀5分钟后关火出锅。"
663792,https://home.meishichina.com/recipe-663792.html,肉沫豆酱白茄子,白茄子：适量 | 肉沫：适量,普宁黄豆酱：适量 | 葱花：适量,花生油：适量 | 蚝油：适量,"1 适量肉沫备用。
2 白茄子洗净备用。
3 将白茄子改刀切滚刀块。
4 锅中热油放入肉沫。
5 翻炒均匀后加入锅中蚝油炒香。
6 放入白茄子。
7 加入清水。
8 盖上大火将茄子焖软。
9 焖至断生后放入普宁黄豆酱，翻炒均匀即可。"
664376,https://home.meishichina.com/recipe-664376.html,白灼拳螺,拳螺：500G | 清水：适量,,,"1 先把拳螺清洗干净，清洗的时候用刷子或者清洁球刷一下外壳。
2 凉水下锅。
3 加盖焖煮。
4 水开后烧煮10分钟左右捞出。
5 ，用牙签把拳螺肉挑出来。
6 去掉拳螺肉头部的保护膜，即可食用。"
664370,https://home.meishichina.com/recipe-664370.html,青瓜炒肉片,瘦肉：150g | 青瓜：350g,生粉：1匙,盐：半匙 | 胡椒粉：少许 | 生抽：1匙,"1 青瓜去皮，切半厘米厚的片备用。
2 瘦肉切片，用少许生抽、生粉腌制15分钟。锅中倒入适量油，下肉片翻炒一下。
3 再倒入青瓜片，翻炒一下。
4 撒入盐。
5 还有胡椒粉，翻炒均匀。
6 再倒入大概50毫升清水，中小火焖煮3分钟。
7 最后倒入生抽，炒到收汁即可。"
663790,https://home.meishichina.com/recipe-663790.html,山粉圆子烧肉,五花肉：适量 | 红薯粉：适量,生姜：适量 | 八角：适量 | 桂皮：适量 | 香叶：适量 | 葱花：适量,花生油：适量 | 生抽：适量 | 老抽：适量 | 蚝油：适量,"1 生姜洗净切片。
2 五花肉焯过水后改刀切块。
3 锅中热油放入姜片。
4 放入五花肉翻炒均匀。
5 加入适量蚝油，生抽，老抽。
6 翻炒均匀上色入味。
7 将炒过的五花肉转入珐琅锅中。
8 加入适量清水。
9 放入八角，桂皮香叶。
10 盖上大火煮开转小火焖30分钟左右。
11 适量红薯粉倒入碗中。
12 加入适量开水。
13 把红薯粉揉成面团。
14 将面团全部搓成小圆球，放入五花肉里。
15 盖上焖15分钟左右，圆子断生即可。"
664361,https://home.meishichina.com/recipe-664361.html,丝瓜炒豆干,丝瓜：1根,豆干：1块,食物油：适量 | 料酒：适量 | 生抽：适量 | 盐：适量 | 淀粉水：适量,"1 丝瓜去皮切滚刀块。
2 豆干切角块备用。
3 锅中放入适量的食用油烧热，下入丝瓜块翻炒。
4 再放入豆干翻炒。
5 加入料酒、生抽、盐、加入适量的淀粉水勾芡即可。
6 菜品盛入盘中。"
664281,https://home.meishichina.com/recipe-664281.html,肉丝炒胡萝卜杏鲍菇,杏鲍菇：3个 | 小胡萝卜：3个,姜丝：适量 | 蒜蓉：适量,食用油：适量 | 料酒：适量 | 生抽：适量 | 盐：适量 | 鸡精：适量,"1 将杏鲍菇、胡萝卜切成片。
2 姜丝、蒜蓉。
3 肉丝先炒出来。
4 锅中放入适量的食用油烧热，下入杏鲍菇鲍菇、胡萝卜片炒制，再加入姜丝。
5 加入蒜蓉翻炒。
6 加入少许鸡精。
7 再放入肉丝翻炒即可。
8 肉炒杏鲍菇胡萝卜，口感鲜美，营养丰富。"
664310,https://home.meishichina.com/recipe-664310.html,海鲜蒸米粉,蚝仔：适量 | 鱿鱼：适量 | 肉沫：适量 | 米粉：适量,香菇：适量 | 萝卜干：适量 | 蒜蓉酱：适量,花生油：适量 | 蚝油：适量 | 生抽：适量 | 老抽：适量 | 淀粉水：适量 | 鸡精：适量,"1 米粉冷水泡软后捞出沥干水份。
2 香菇提前泡发。
3 将香菇切细。
4 萝卜干洗净切细。
5 生蚝仔加入面粉抓洗干净备用。
6 鱿鱼处理好切块。
7 前腿肉提前绞碎备用。
8 锅中热油放入香菇炒出香味。
9 放入萝卜干翻炒。
10 适量蚝油老抽，生抽炒匀。
11 加入蒜蓉酱。
12 大火煮开几分钟。
13 加入适量淀粉水勾芡煮开备用。
14 适量豆芽洗净备用。
15 米粉加入老抽，鸡精，花生油抓匀上色。
16 放入豆芽拌匀。
17 碗中放入米粉。
18 放入准备好的配料，大火蒸十分钟左右，出锅前淋上提前炒好的酱汁即可。"
641136,https://home.meishichina.com/recipe-641136.html,家常红烧茄子,茄子：三根,玉米油：适量,盐：2克 | 生抽：适量,"1 茄子准备几根，洗好。
2 切断备用。
3 油锅烧热，倒入玉米油，倒入茄子大火炒。
4 炒软，倒入适量清水。
5 煮几分钟。
6 加入适量盐，生抽炒均匀。
7 出锅，装盘。"
662517,https://home.meishichina.com/recipe-662517.html,韭菜炒鸡蛋,韭菜：适量,鸡蛋：适量,盐，耗油，蒜：适量,"1 准备鸡蛋。
2 锅热炒均。
3 油热放大蒜。
4 提前准备韭菜。
5 蒜香放韭菜。
6 出锅嘞。"
664303,https://home.meishichina.com/recipe-664303.html,土豆西红柿炖牛肉,牛肉：4块,西红柿：1个 | 小胡萝卜：4个 | 土豆：2个,牛肉汤：适量 | 盐：适量 | 鸡精：少许,"1 将土豆胡萝卜切块。
2 西红柿切块。
3 锅中水中加入适量的牛肉汤，下入土豆煮制。
4 再下入胡萝卜，加入适量的盐。
5 炖至熟加入西红柿。
6 再加入牛肉块炖一会儿。
7 将成品盛λ碗中。"
664289,https://home.meishichina.com/recipe-664289.html,杏鲍菇炒甘蓝青椒丝,杏鲍菇：1个,青尖椒：1个 | 甘蓝：4片,食用油：适量 | 料酒：适量 | 生抽：适量 | 盐：适量 | 鸡精：适量,"1 将杏鲍菇、尖椒切成丝。
2 锅中放入适量的食用油烧热，下入杏鲍菇丝翻炒。
3 再下入青椒丝翻炒。
4 加入适量的料酒、生抽、盐翻炒。
5 下入甘蓝丝，鸡精翻炒出锅。
6 盛入盘中。"
663727,https://home.meishichina.com/recipe-663727.html,猪皮焖白菜,白菜：适量 | 炸猪皮：适量,香菇：适量 | 虾米：适量 | 葱花：适量,花生油：适量 | 蚝油：适量 | 盐：适量,"1 白菜洗净切块。
2 炸猪皮清水泡发切小块备用。
3 适量肥的五花肉切片。
4 香菇泡发后切小块，虾米备用。
5 热锅把猪肉煸炒出油脂。
6 放入香菇和虾米炒出香味。
7 放入白菜。
8 少许蚝油和盐调味。
9 翻炒均匀入味。
10 放入炸猪皮炒匀。
11 加入适量清水。
12 焖煮至白菜断生即可。"
663691,https://home.meishichina.com/recipe-663691.html,蜜汁烤排骨,肋排：适量,贝贝南瓜：适量,花生油：适量 | 生抽：适量 | 蜜汁叉烧酱：适量 | 蜂蜜：适量 | 欧芹碎：适量 | 蚝油：适量 | 玉米淀粉：适量,"1 肋排改一下刀后洗净备用。
2 洗好的排骨擦干水份。
3 加入玉米淀粉，蚝油，生抽。
4 加入适量蜂蜜。
5 抓拌均匀要加入适量花生油拌匀静置一小时入味。
6 贝贝南瓜洗净去籽改刀切小块。
7 贝贝南瓜加入适量花生油和海盐欧芹碎，抓拌均匀。
8 贝贝南瓜铺在锡纸上。
9 放入排骨。
10 将锡纸包起。
11 烤箱提前预热，230度烤30分钟左右。
12 30分钟后把锡纸揭开，继续放回烤箱烤15分钟左右即可。"
664244,https://home.meishichina.com/recipe-664244.html,红焖牛肉,牛肉：适量,生姜片：5块 | 冰糖：4块,香叶：3片 | 大料：1个 | 百草：1个 | 陈皮丝：适量 | 白芷：2片 | 花椒：适量 | 桂皮：1小块 | 盐：适量,"1 牛肉洗净反复浸泡出血水，锅中加入清水，冷水下入牛肉。
2 水上烧开后加入适量的料酒，反复打去浮沫。
3 煮至牛肉去生，切成块状。
4 锅中放入适量的食用油小火将香料煸出香味。
5 加入适量的红烧酱油，下入牛肉块翻炒上色。
6 取出牛肉放入高压锅中，加入适量的盐、腐乳汁、冰糖、生姜。
7 高压锅压制30分钟，各家高压锅不同，请自行调整压制时间。
8 牛肉味浓郁，香气宜人，营养丰富。"
663682,https://home.meishichina.com/recipe-663682.html,冬瓜焖鸭,鸭肉：适量 | 冬瓜：适量,生姜：适量 | 香葱：适量,花生油：适量 | 蚝油：适量 | 生抽：适量 | 老抽：适量,"1 鸭子洗净斩块。
2 生姜切片。
3 冬瓜去皮洗净切小块。
4 锅中热油放入姜片炒香。
5 放入鸭肉。
6 大火煸炒炒干水份。
7 加入适量蚝油，生抽，老抽。
8 翻炒均匀上色入味。
9 加入适量清水。
10 大火煮开转小火焖30分钟左右。
11 30分钟后放入冬瓜。
12 盖上继续焖20分钟左右。
13 焖至冬瓜和鸭肉都软烂入味，觉得味道淡了需要加盐调味再酌情加。"
664277,https://home.meishichina.com/recipe-664277.html,肉丝炒芹菜,里脊肉丝：适量,芹菜：适量 | 蒜蓉：适量,食用油：适量 | 料酒：适量 | 生抽：适量 | 盐：适量 | 鸡精：适量,"1 芹菜洗净切段，粗的切成丝状。
2 芹菜焯水(时间要短)。
3 里脊切成丝，加入鸡蛋清、料酒、少许生抽搅拌均匀。
4 锅中放入适量的食用油烧热，小火炒肉丝。
5 加入适量的料酒，下入芹菜翻炒。
6 加入盐、蒜蓉翻炒。
7 翻炒出锅。
8 盛入盘中，肉质鲜嫩，芹菜脆爽。"
663681,https://home.meishichina.com/recipe-663681.html,腐竹焖牛筋,牛筋：适量,小米辣：适量 | 葱花：适量 | 姜：适量 | 八角：适量 | 桂皮：适量 | 香叶：适量,花生油：适量 | 蚝油：适量 | 生抽：适量 | 盐：适量 | 老抽：适量,"1 牛筋冷水下锅焯烫后洗净。
2 焯过水的牛筋放入电高压锅中，放入生姜。
3 加入八角，桂皮，香叶。
4 加入适量蚝油，生抽，老抽，盐和清水。
5 电高压锅压1小时左右。
6 腐竹提前泡发备用。
7 小米辣切细。
8 焖好的牛筋改刀切块。
9 锅中热油放入小米辣煸炒。
10 放入牛筋炒匀。
11 加入焖牛筋的原汤。
12 放入腐竹。
13 中小火焖10分钟左右入味即可。"
664260,https://home.meishichina.com/recipe-664260.html,咸菜虾仁炒茭白,虾仁：175克 | 咸菜：105克 | 茭白：2株,,料酒：适量 | 盐：适量 | 味精：适量,"1 食材：虾仁（已清洗）、咸菜（已清洗）、茭白。
2 将茭白剥开清洗清洗捞出。
3 放在案板上切成片。
4 将咸菜放在案板上切碎。
5 将虾仁放在案板上背部划开去虾线。
6 放入盘中加适量的料酒。
7 拌匀。
8 将切好的茭白下入沸水锅中焯上1到2分钟捞出。
9 起锅倒油烧热，下入切好的咸菜和焯好的茭白翻炒翻炒。
10 接着，合入虾仁、加适量的清水翻炒翻炒。
11 然后，加适量的盐。
12 加适量的味精。
13 调味炒匀即成。"
664259,https://home.meishichina.com/recipe-664259.html,龙虾尾球莴笋炒豆腐,老豆腐：265克 | 龙虾味球。：4个 | 莴笋：1根,,盐：适量 | 味精：适量,"1 食材：老豆腐、龙虾味球、莴笋。
2 将莴笋掰去叶子去皮清水清洗清洗捞出。
3 放在案板上切成片。
4 取出龙虾味球放在案板上。
5 切成片。
6 将老豆腐放在案板上切开。
7 起锅倒油烧热，下入切好的老豆腐两面煎一下，盛出。
8 接着，下入切好的莴笋和龙虾味球翻炒翻炒。
9 然后，合入煎好的老豆腐、加适量的清水。
10 加适量的盐。
11 调味翻炒翻炒。
12 最后，加适量的味精。
13 炒匀即可。"
664257,https://home.meishichina.com/recipe-664257.html,鸡蛋西兰花煮豆腐,豆腐：400克 | 西兰花：145克 | 鸡蛋：2只,,盐：适量,"1 食材：豆腐、西兰花（已掰成小朵在盐水中浸泡30分钟清洗）、鸡蛋。
2 将豆腐撕开包装倒扣在盘中，用刀划开。
3 随后，在清水里加适量的盐。
4 加适量的油。
5 煮开。
6 搁入西兰花焯上2分钟捞出。
7 用清水过过凉。
8 起锅倒油烧热，打入鸡蛋翻炒翻炒。
9 接着，合入豆腐、加适量的清水煮开。
10 然后，合入炒好的西兰花、加适量的盐。
11 调味翻匀即成。"
664256,https://home.meishichina.com/recipe-664256.html,螺蛳炒鸡爪,鸡爪：220个 | 螺蛳：325克,姜片：适量 | 蒜头：适量 | 香葱：适量 | 辣椒酱：适量,料酒：适量 | 酱油：适量 | 盐：适量 | 零卡糖：适量 | 味精：适量,"1 食材：鸡爪（已清洗焯水）、螺蛳（已清洗）、辣椒酱、姜片、蒜头（已拍）、香葱。
2 将鸡爪放在案板上剁开。
3 将螺蛳下入清水锅中，加适量的料酒。
4 焯开捞出。
5 起锅倒油烧热，下入剁好的鸡爪翻炒翻炒。
6 接着，加适量的料酒。
7 加适量的酱油。
8 加适量的辣椒酱。
9 加适量的盐。
10 加适量的零卡糖。
11 搁入姜片和蒜头。
12 加适量的开水。
13 调味烧煮开。
14 然后，烧煮至汤汁差不多了，合入焯好的花螺翻炒翻炒，加适量的味精。
15 炒匀，搁入香葱即成。"
664254,https://home.meishichina.com/recipe-664254.html,西兰花炒夜开花,西兰花：150克 | 夜开花：1根,,盐：适量 | 味精：适量,"1 食材：西兰花（已掰成小朵在盐水中浸泡30分钟清洗）、夜开花。
2 将夜开花去皮清洗清洗捞出。
3 放在案板上切成片。
4 随后，在清水里加适量的盐。
5 加适量的油。
6 煮开。
7 搁入西兰花焯上2分钟捞出。
8 过过凉。
9 起锅倒油烧热，下入切好的夜开花翻炒翻炒。
10 接着，加适量的清水。
11 翻动翻动煮上4到5分钟。
12 然后，合入焯好的西兰花、加适量的盐。
13 加适量的味精。
14 调味炒匀即成。"
664238,https://home.meishichina.com/recipe-664238.html,豆皮炒蔬菜,豆皮：适量,西兰花：适量 | 西红柿：1个,食用油：适量 | 料酒：适量 | 生抽：适量 | 盐：适量 | 鸡精：少许,"1 西兰花洗净焯水，过凉水。
2 豆皮切宽条状。
3 西红柿切滚刀块。
4 锅中放入适量的食用油烧热，下入豆皮翻炒。
5 加入适量的料酒、生抽、盐、下入西兰花。
6 再下入西红柿快速翻炒，加少许鸡精。
7 将菜品盛入群盘中，西兰花碧绿、西红柿鲜红、口感鲜美。"
664248,https://home.meishichina.com/recipe-664248.html,刺五加煎蛋,鸡蛋：3个 | 刺五加：适量,盐：少许 | 花椒粉：少许 | 味精：少许 | 葱花：少许,,"1 早市买的。
2 摘洗净。
3 焯水20秒。
4 打入3个鸡蛋，加入花椒粉，盐，葱花，味精搅匀。
5 油烧热，倒入蛋液，晃动锅体，两面煎黄。
7 味好。"
664241,https://home.meishichina.com/recipe-664241.html,香煎带鱼,带鱼：5段,,食用油：适量 | 料酒：适量 | 盐：适量,"1 将带魚处理干净，切成段、用料酒、盐腌制一下入味。
2 锅中放适量的食用油烧热，下入带魚段煎制。
3 中小头煎制。
4 再翻面煎制金黄色即可。
5 控油放入盘中，肉质鲜嫩洁白，口感鲜香。"
664208,https://home.meishichina.com/recipe-664208.html,豆皮芹菜炒五花肉,芹菜：适量 | 豆皮：适量,熟五花肉片：适量,食用油：适量 | 料酒：适量 | 生抽：适量 | 盐：适量 | 鸡精：适量,"1 芹菜洗净焯水(时间要短，烫一下即可)切段。
2 锅中放入适量的食用油烧热，下入豆皮丝，料酒、生抽、盐。
3 再放入熟五花肉片。
4 最后加入芹菜段。
5 加入适量的鸡精出锅。
6 将菜品盛入盘中，菜香味美。"
663680,https://home.meishichina.com/recipe-663680.html,青椒炒皮蛋,青椒：适量 | 皮蛋：适量,蒜头：适量,花生油：适量 | 蚝油：适量 | 盐：适量,"1 皮蛋去壳后改刀切块。
2 青椒洗净切小块备用。
3 锅中热油，放入青椒。
4 煸炒至微微虎皮状。
5 放入皮蛋。
6 放入蒜粒，大火快速煸炒。
7 少许蚝油，盐调味。
8 大火快速翻炒均匀入味即可。"
663831,https://home.meishichina.com/recipe-663831.html,毛豆蒸牛肉,牛肉：适量,毛豆：适量,花生油：适量 | 玉米淀粉：适量 | 生抽：适量 | 蚝油：适量,"1 毛豆洗净备用。
2 牛肉洗净切细。
3 加入适量玉米淀粉，蚝油，生抽抓匀。
4 适量花生油抓拌均匀腌制备用。
5 碗中放入毛豆。
6 将牛肉均匀铺上。
7 上锅蒸20分钟左右。"
664076,https://home.meishichina.com/recipe-664076.html,苦瓜炒香肠,苦瓜：一根,香肠：1根,盐：2克,"1 苦瓜一根洗净去心。
2 斜刀切片备用。
3 香肠对半切开。
4 切片备用。
5 材料放盘子里备用。
6 锅里倒入少许油烧热。
7 倒入苦瓜和香肠。
8 及少许盐翻炒匀。
9 关火出锅。"
664192,https://home.meishichina.com/recipe-664192.html,干锅腊肉炒四季豆,腊肉：250g | 四季豆：300g,红圆椒：半个 | 青圆椒：半个 | 姜：1块 | 蒜头：1瓣,盐：适量 | 花生油：5匙 | 酱油：1匙 | 耗油：1匙 | 清水：半碗,"1 腊肉去皮，姜，蒜排扁备用。
2 腊肉洗干净切片备用。
3 四季豆洗干净，起锅煮开水，下油下四季豆煮三分钟。
4 起锅烧油下姜，蒜炒香下腊肉。
5 腊肉煎到两面金黄后。
6 加入切段的红圆椒，青圆椒。
7 翻炒后加飞水的四季豆。
8 大火开炒加入，盐，耗油，酱油半碗清水。
9 盖锅焖煮五分钟。
10 大火收汁，试味就可以出锅啦！"
664157,https://home.meishichina.com/recipe-664157.html,重庆辣子鸡,公鸡：1只,干花椒：50g | 干辣椒：150g | 老姜：1块 | 大葱：1颗 | 洋葱：1个 | 香菜：适量 | 大料：适量 | 白芝麻：1勺,生抽：1勺 | 陈醋：1勺 | 白糖：5匙 | 胡椒粉：2匙 | 花椒油：2匙 | 小磨香油：1匙 | 味精：2匙 | 鸡精：2匙 | 菜籽油：1500g | 食用盐：适量,"1 公鸡切成小块汆水备用。
2 热锅加入菜籽油，油温180度放入鸡块大火炸干水分，炸至外皮金黄捞起备用。
3 热锅加入菜籽油，放入姜片、大葱段、洋葱片、大料、香菜段小火慢煎，各种香料炸至金黄捞出香料，留锅中炼好的香油备用。
4 将干辣椒、干花椒倒入香油中小火炒香。
5 倒入之前炸好的鸡块、生抽、陈醋、白糖、胡椒粉、盐翻炒。加一碗清水小火煮5分钟。
6 加入味精、鸡精、花椒油、香油调味，撒上白芝麻就可以装盘出锅了。"
664176,https://home.meishichina.com/recipe-664176.html,泡椒炒春笋,春笋：2根,小米辣：2颗 | 蒜：3-4瓣 | 泡椒小米辣：5-6颗,耗油：1勺 | 酱油：1勺,"1 泡椒小米辣，小米辣，蒜瓣切碎。
2 春笋切条，加盐焯水。
3 热油炒香，爆香。
4 放入春笋炒香。
5 加酱油耗油1勺，加水2勺。
6 中火烤3-5分钟。
7 味道还不错。"
663610,https://home.meishichina.com/recipe-663610.html,黄油蒜香牛肋条,肩胛牛肋条：适量,蒜头：适量,黄油：适量 | 黑胡椒：适量 | 欧芹碎：适量,"1 肩胛牛肋条备用。
2 将牛肋条改刀切块后用厨房纸擦干水份，加入适量黑椒酱抓拌静置备用。
3 蒜米和黄油备用。
4 热锅放入黄油。
5 放入牛肋条，大火煎至微焦后盛出。
6 ?热锅再放入少量黄油，放入蒜米。
7 中小火把蒜米炒至金黄。
8 放入煎过的牛肋条，大火快速翻炒均匀。
9 出锅前洒上少量欧芹碎即可。"
664167,https://home.meishichina.com/recipe-664167.html,红绿圆椒爆炒蛏王,蛏子王：500g,红圆椒：半个 | 青圆椒：半个 | 尖椒：一个 | 蒜苗：2棵 | 姜：2块,花生油：2匙 | 盐：适量 | 酱油：半匙 | 耗油：1匙 | 玉米淀粉：1匙 | 清水：半碗,"1 准备辣椒，红圆椒，青圆椒，尖椒。
2 把配料切片段备用。
3 清水加一块姜水煮开下蛏子过水。
4 把蛏子王捞出清洗干净，切段备用。
5 起锅烧油下姜块，葱段，炒香再加入辣椒。
6 辣椒炒香后加入切成段蛏子。
7 加入适量盐，酱油，耗油，玉米淀粉加到半碗水里化开下锅。
8 大火翻炒收汁水，爆炒出香味。
9 翻炒2-3分钟收汁试味就可以出锅啦！"
664124,https://home.meishichina.com/recipe-664124.html,酸汤酥肉,猪梅花肉：400g | 黑木耳：8朵 | 黄花菜：1把 | 蒜黄：1把 | 番茄：1个 | 大葱：1段 | 生姜：1块 | 香菜：2颗,红薯淀粉：80g,盐：7g | 白胡椒粉：3g | 花椒粉：1g | 十三香：1g | 醋：2-3勺 | 味精：2g,"1 准备主要食材:猪梅花肉400克，木耳、黄花菜提前泡发蒜黄、香菜切段西红柿去皮切丁，生姜，大蒜改刀，红薯淀粉80克。
2 梅花肉切小指粗细的条，加盐3克，白胡椒粉、花椒粉各1-2克，十三香1克，生姜，大葱各5克，抓拌均匀，腌制15分钟。
3 红薯淀粉少量多次加水，搅拌成浓稠无颗粒的糊糊。
4 倒入肉中，抓拌上浆。
5 锅中放食用油，油温6成热下肉炸，采用先中火定型，转中小火炸透，再转大火炸焦香。
6 捞出控油备用。
7 锅中放少量底油，大葱生姜炸香。
8 番茄煸炒变软出沙。
9 加1000毫升清水，放入木耳和黄花菜煮3分钟。
10 放酥肉炖5分钟，根据口味放盐4克，一克白胡椒粉，适量米醋，味精，放蒜黄，出锅前放香菜，酸汤酥肉制作完成。
11 酥肉肉嫩入味，酸汤浓郁鲜香。
12 河南经典美食，小时候的味道。"
663598,https://home.meishichina.com/recipe-663598.html,黄瓜皮炒牛肉,黄瓜皮：适量 | 牛肉：适量,葱花：适量,花生油：适量 | 玉米淀粉：适量 | 老抽：适量 | 蚝油：适量 | 盐：适量,"1 黄瓜皮备用。
2 牛肉洗净切薄片。
3 牛肉加入玉米淀粉，蚝油，生抽，老抽，抓拌均匀。
4 加入少许花生油抓匀。
5 黄瓜皮备用。
6 锅中热油放入牛肉。
7 翻炒至七八成熟后盛出。
8 锅中酱油放入黄瓜皮。
9 大火快速翻炒。
10 倒入炒过的牛肉。
11 大火快速翻炒均匀，放入葱花即可。"
664114,https://home.meishichina.com/recipe-664114.html,蘑菇西红柿炖土豆,土豆：2个 | 蘑菇：适量,西红柿：1个 | 生菜：2片,食用油：适量 | 料酒：适量 | 生抽：适量 | 盐：适量 | 鸡精：适量,"1 将土豆、蘑菇先下入锅中炖制。
2 加入适量的料酒、生抽、盐、再下入西红柿。
3 加入生菜、鸡精即可。
4 成品装盘。"
663597,https://home.meishichina.com/recipe-663597.html,春笋焖鸡,春笋：适量 | 鸡腿：适量,葱花：适量,花生油：适量 | 生抽：适量 | 蚝油：适量 | 盐：适量 | 老抽：适量 | 玉米淀粉：适量,"1 鸡腿洗净斩块。
2 鸡腿肉加入适量玉米淀粉，蚝油，老抽抓拌均匀腌制入味。
3 春笋剥去外衣。
4 洗净后将春笋切块。
5 锅中水开放入春笋焯烫开捞出备用。
6 锅中热油放入鸡腿肉。
7 中小火煎至微微金黄。
8 放入春笋，加入少许生抽。
9 翻炒均匀入味。
10 加入适量清水。
11 中火焖五分钟左右入味即可。"
664116,https://home.meishichina.com/recipe-664116.html,青尖椒煎蛋,鸡蛋：2个,青尖椒：1个,食用油：适量 | 盐：适量,"1 鸡蛋中放入切好的青尖椒碎，再放入适量的盐搅拌均匀。
2 不粘锅中放入适量的食用油烧热，倒入鸡蛋液小火煎制，再翻面煎制（考验技能)。
3 盛入盘中，一道营养煎蛋，做为早餐的美食。"
664133,https://home.meishichina.com/recipe-664133.html,鹿茸菇蒸鸡,鸡肉：适量 | 干鹿茸菇：适量,红枣：6颗 | 党参：1条,盐：适量 | 花生油：半匙 | 酱油：适量 | 生粉：半匙 | 姜：1块 | 耗油：半匙,"1 干鹿茸菇洗干净泡发半小时。
2 鸡肉洗干净放盐，酱油，耗油，生粉，花生油，搅拌均匀。
3 长的鹿茸菇可以改刀切半，放党参，红枣，姜。
4 鹿茸菇打底铺上腌制好的鸡肉加上红枣。
5 白米洗干净放入电饭煲。
6 放上电饭煲架再放入摆好的鸡肉。
7 电饭煲一跳再焖5分钟就可以出锅啦！"
663596,https://home.meishichina.com/recipe-663596.html,油焖春笋,春笋：适量,葱花：适量,猪油：适量 | 蚝油：适量 | 生抽：适量,"1 春笋剥去外衣。
2 洗净后改刀切块。
3 锅中水开，放入春笋焯烫后捞出备用。
4 猪油备用。
5 香葱洗净切葱花。
6 锅中放入猪油。
7 放入春笋。
8 翻炒均匀后摊开煎炒。
9 煎炒至微微金黄。
10 加入适量蚝油，生抽。
11 翻炒均匀上色入味。
12 继续煎炒至微焦即可出锅。"
664113,https://home.meishichina.com/recipe-664113.html,炒双色甘蓝,紫甘蓝：适量 | 甘蓝：适量,蒜碎：适量,食用油：适量 | 料酒：适量 | 生抽：适量 | 盐：适量 | 鸡精：适量,"1 将两种甘蓝洗净切成丝，锅中加入适量食用油烧热，下入甘蓝丝翻炒。
2 加入适量的料酒、生抽、盐、蒜碎翻炒。
3 加入适量的鸡精即可。
4 盛出装盘，紫甘蓝富含青花素，双色甘蓝丝清脆爽口。"
663583,https://home.meishichina.com/recipe-663583.html,香菇虾米焖猪皮,香菇：适量 | 虾米：适量 | 炸猪皮：适量,葱花：适量,花生油：适量 | 盐：适量 | 蚝油：适量 | 胡椒粉：适量,"1 虾米清洗干净备用。
2 香菇提前泡发后切薄片。
3 香葱洗净切细备用。
4 炸猪皮清水提前泡发。
5 锅中热油放入香菇炒香。
6 放入虾米。
7 翻炒均匀炒出香味。
8 放入猪皮。
9 翻炒均匀。
10 加入适量蚝油，盐炒匀。
11 加入适量清水。
12 焖煮5分钟左右，出锅前放入适量胡椒粉和葱花即可。"
664111,https://home.meishichina.com/recipe-664111.html,蒸菜米米蒿,米米蒿：一把 | 普通面粉：少许,蒜：少许,盐：少许 | 香油：少许 | 花生油：少许,"1 春天野菜米米蒿。
2 采摘新鲜的米米蒿。
3 择好的米米蒿。
4 洗净，沥干水分。
5 切好，备用。
6 先放入少许油，拌匀，再撒上少次多量的面粉，均匀的裹上干面。
7 水开后放入蒸笼里，大火上笼蒸五分钟。
8 已蒸好。
9 蒜切碎，加少许盐捣成蒜泥，备用。
10 倒入蒜泥，滴几滴香油。
11 拌匀即可。
12 装盘即食。
13 颜色翠绿不粘坨，蘸上蒜泥更好吃。"
664072,https://home.meishichina.com/recipe-664072.html,蒸香菜,香菜：一把 | 普通面粉：少许,蒜：少许,花生油：少许 | 盐：少许 | 香油：几滴,"1 自家种的香菜。
2 择好的香菜，洗净，沥干水分。
3 切寸段，备用。
4 先放入少许油，拌匀，再撒上少许面粉，均匀的裹上干面。
5 水开后放入蒸笼里，大火上笼蒸五分钟。
6 蒸好后立即放入盆里，用筷子快速拌匀，使其散热。
7 蒜切碎，加少许盐捣成蒜泥，备用。
8 倒入蒜泥，滴几滴香油。
9 拌匀即可。
10 装盘即食。
11 口感鲜嫩干爽。"
663827,https://home.meishichina.com/recipe-663827.html,春笋焖鸭,鸭肉：适量 | 春笋：适量,生姜：适量 | 葱花：适量,花生油：适量 | 生抽：适量 | 蚝油：适量 | 老抽：适量,"1 鸭肉洗净斩块。
2 生姜洗净切块。
3 春笋处理好切块。
4 锅中热油炒香姜片。
5 放入鸭肉翻炒炒干水份。
6 加入适量蚝油，生抽，老抽。
7 翻炒均匀上色入味。
8 加入适量清水。
9 大火煮开转小火焖40分钟左右。
10 春笋焯水处理好。
11 鸭肉焖至软烂。
12 放入焯过水的春笋，翻炒均匀焖15分钟左右。"
663230,https://home.meishichina.com/recipe-663230.html,古法红烧肉,五花肉：1块,,八角：适量 | 桂皮：适量 | 白酒：适量 | 姜片：适量 | 花椒：适量 | 白糖：适量,"1 冷水下五花肉和姜片。
2 加白酒煮开后打掉浮沫，加花椒去腥，盖上盖子煮15分钟，捞出改刀成块。
3 起锅烧油下五花肉，煸炒出多余油脂捞出。
4 锅留底油加白糖，待糖转化为嫩糖色，五花肉回锅，翻炒上色，加八角和桂皮炒香，烹入酱油，料酒，翻匀后加开水，盖上盖子烧90分钟。
5 捡出香料，中火翻炒至挂勺。"
664048,https://home.meishichina.com/recipe-664048.html,黑山猪肉炒豆角,豆角：15条 | 黑山猪肉：250g,姜：一块 | 蒜头：1瓣 | 紫皮洋葱：3瓣 | 尖椒：1个 | 小米辣：1个,花生油：1匙 | 蚝油：1匙 | 酱油：半匙 | 盐：适量 | 清水：半碗,"1 豆角切段洗干净，起锅烧水放点花生油，放点盐，煮1分钟。
2 猪肉切片，洋葱辣椒放冰箱冰一些好切又不辣。
3 起锅下花生油放姜，蒜，洋葱，辣椒，炒香。
4 炒香配料下猪肉片。
5 猪肉炒香放些酱油，炒香。
6 加入飞水的豆角一起边炒。
7 加入蚝油，盐焖煮10分钟试味就可出锅啦！"
663566,https://home.meishichina.com/recipe-663566.html,蒜苔香干炒肉沫,前腿肉：适量 | 蒜苔：适量 | 香干：适量,蒜头：适量 | 小米辣：适量,花生油：适量 | 生抽：适量 | 蚝油：适量 | 老抽：适量,"1 前腿肉提前绞碎备用。
2 蒜头拍扁剁碎备用。
3 小米辣切细备用。
4 香干洗净切小块。
5 蒜苔洗净切细。
6 锅中热油放入肉沫翻炒。
7 加入适量蚝油，生抽和老抽炒匀上色入味。
8 放入小米辣和蒜蓉。
9 翻炒均匀炒出香味。
10 放入香干翻炒。
11 放入蒜苔。
12 少许盐调味。
13 大火快速翻炒炒至蒜苔断生即可。"
664025,https://home.meishichina.com/recipe-664025.html,红尖椒炒甘蓝,甘蓝：适量,红尖椒：3个,食用油：适量 | 料酒：适量 | 生抽：适量 | 盐：适量 | 鸡精：适量,"1 将甘蓝，红尖椒分别切成丝。
2 锅中放入适量的食用油烧热，下入蔬菜翻炒。
3 加入适量的料酒盐翻炒
4 加入鸡精即可。
5 将菜品盛入盘中。"
664038,https://home.meishichina.com/recipe-664038.html,什锦炒豆角,长豆角：10条 | 干鹿茸菇：15条,猪肉丸：2个 | 蟹柳丸：2个 | 鱼丸：2个 | 蒜：1瓣,盐：适量 | 酱油：半匙 | 蚝油：1匙 | 清水：适量 | 花生油：3匙,"1 豆角切段，干鹿茸菇提前半小时泡发好，切段。
2 全部肉丸子切片再切条状，蒜拍扁备用。
3 起锅烧下花生油放点盐加半碗清水放豆角飞水。
4 起锅烧下花生油下蒜块再加入丸子条炒香。
5 肉丸条炒香后加入泡发好的鹿茸菇。
6 锅里用豆角垫低放上肉丸子和鹿茸菇。
7 加入蚝油，酱油，盐，清水，焖煮5分钟。
8 出锅前试味就可以出锅装盘！"
663565,https://home.meishichina.com/recipe-663565.html,土豆蒸排骨,排骨：适量 | 土豆：适量,蒜头：适量 | 剁椒：适量 | 豆豉：适量 | 葱花：适量,花生油：适量 | 玉米淀粉：适量 | 生抽：适量 | 老抽：适量 | 蚝油：适量,"1 排骨清水浸泡出血水，洗净擦干水份备用。
2 蒜头拍扁剁碎。
3 碗中放入蒜末和豆豉。
4 加入适量剁椒。
5 加入适量蚝油，生抽和老抽，鸡精。
6 淋上热油，搅拌均匀。
7 排骨加入适量玉米淀粉。
8 加入调好的酱汁。
9 抓拌均匀腌制半小时左右入味。
10 土豆洗净去皮切滚刀块。
11 将土豆放入排骨中一起拌匀。
12 拌匀后将土豆和排骨码入碗中，上锅蒸30分钟左右。"
664031,https://home.meishichina.com/recipe-664031.html,红尖椒元葱炒猪肝,猪肝：适量,红尖椒：3个 | 元葱：半个,食用油：适量 | 料酒：适量 | 生抽：适量 | 鸡精：适量,"1 将猪肝洗净切片。
2 锅中加入适量的食用油烧热，下入猪肝片快速翻炒。
3 盛入碗中。
4 再加入适量的食用油烧热，下入红尖椒丝、元葱丝同炒。
5 加入适量的料酒、盐、生抽，及猪肝快速翻炒，加入适量鸡精出锅。
6 将菜品盛入盘中。"
663564,https://home.meishichina.com/recipe-663564.html,菠萝牛仔骨,牛仔骨：适量,洋葱：适量 | 青椒：适量 | 红椒：适量 | 菠萝：适量,花生油：适量 | 黑椒酱：适量,"1 牛仔骨解冻后擦干水份备用。
2 洋葱，青红椒洗净切小块。
3 菠萝洗净切片。
4 锅中热油放入牛仔骨，煎到两面金黄盛出。
5 锅中热油放入青红椒和洋葱翻炒。
6 放入煎过的牛仔骨翻炒均匀。
7 加入适量黑椒酱。
8 放入菠萝。
9 大火快速翻炒均匀即可。"
664023,https://home.meishichina.com/recipe-664023.html,韭菜炒虾仁,韭菜：1把 | 冷冻生南美白虾：15只,,花生油：适量 | 盐：少许 | 白胡椒粉：少许,"1 春韭，洗净，沥干水分，备用。
2 切寸段。
3 冷冻生南美白虾，把虾去壳去线，清洗干净后放入碗中，滴少量料酒，抓匀后，腌制片刻，备用。
4 锅里倒适量油，把腌制过的虾仁炒至金黄色，再倒入韭菜，加少许盐和白胡椒粉调味，翻炒几下即可。
5 出锅装盘即食。
6 鲜美可口。"
664012,https://home.meishichina.com/recipe-664012.html,洪濑鸡爪,鸡爪：2斤,香叶：5片 | 八角：适量,桂皮：适量 | 干辣椒：适量 | 冰糖：8个,"1 鸡爪买回来洗净，剪掉爪甲，冲下开水，凉干。
2 锅里下油，放入冰糖，加热至发泡沫。
3 放入鸡爪翻炒均匀上色，加入：八角，桂皮，香叶，干辣椒，継续翻炒。
4 再加入这些配料和味精少许，老抽只要一点点。
5 加入开水和鸡爪差不多，加入一块姜，和一些蒜和少许五香粉。
6 盖上锅盖，中大火煮8分钟。
7 开盖大火收汁至干。
8 拿出来，怕粘的可以加点油翻一下。
9 放凉更好吃。"
664010,https://home.meishichina.com/recipe-664010.html,油焖春笋,春笋：2颗,生姜：1块,盐（焯水）：1g | 白糖：1勺 | 生抽：2勺 | 老抽：0.5勺 | 米酒：1勺,"1 新鲜春笋扒掉外皮，切掉老根。
2 滚刀切成大块（别切太小，炖完会缩水！）。
3 冷水下锅，加一勺盐，水开煮2分钟！捞出来过凉水，去涩味还能更脆嫩~
4 锅烧热倒油（可加一点猪油，油多才香！）4??
5 生姜炸香，笋块哐哐倒进去，中火煸到表面微微焦黄！米酒去腥。
6 加2勺生抽+0.5勺老抽+1勺糖，疯狂翻炒上色！。
7 倒一丁点热水，盖盖小火焖3分钟分钟！中途掀开搅合下，别让锅底糊了~
8 大火把汤汁收到浓稠，喜欢油亮的再淋一勺香油！（也可不放）。"
663525,https://home.meishichina.com/recipe-663525.html,青椒土豆炒火腿肠,青椒：适量 | 土豆：适量,火腿肠：适量,花生油：适量 | 盐：适量 | 蚝油：适量 | 生抽：适量 | 孜然烧烤料：适量,"1 青椒洗净小块。
2 土豆去皮洗净切片。
3 火腿肠改刀切片。
4 锅中热油，放入土豆。
5 翻炒至土豆七八成熟。
6 放入青椒。
7 适量蚝油，盐，生抽大火翻炒。
8 放入火腿肠。
9 大火快速翻炒至断生即可。
10 出锅前放入孜然烧烤料炒匀即可。"
663990,https://home.meishichina.com/recipe-663990.html,辣白菜炒土豆片,辣白菜：200g | 土豆片：500g | 五花肉：200g,毛葱：1个 | 蒜瓣：适量,白糖：5g | 生抽：2小勺 | 盐：适量,"1 五花肉小火煎几分钟到两面金黄盛出备用。
2 用煎五花肉剩下的油大火炒2-3分钟土豆片到半透明状态盛出备用（土豆片提前泡水去淀粉）。
3 锅中留底油爆香葱丝蒜末。
4 加辣白菜炒香。
5 倒入土豆片和五花肉，加5g白糖、2勺生抽、一丢丢盐（因为辣白菜本来就咸），炒一分钟左右。"
663712,https://home.meishichina.com/recipe-663712.html,黄花鱼炖粉条,黄花鱼：适量 | 粉条：适量,生姜：适量 | 葱花：适量,花生油：适量 | 生抽：适量 | 蚝油：适量 | 盐：适量,"1 黄花鱼杀好后清洗干净备用。
2 粉条提前泡发备用。
3 锅中热油放入黄花鱼和姜片。
4 煎至两面金黄。
5 加入适量清水。
6 加入适量蚝油，生抽，大火煮开转中小火焖15/分钟左右。
7 鱼焖入味后放入粉条。
8 把粉条焖断生，出锅前放入葱花即可。"
663977,https://home.meishichina.com/recipe-663977.html,香菇焖排骨,中排：2根 | 香菇：1把,瑶柱：30g | 生姜：2-3片 | 蒜头：2粒,盐：适量 | 生粉：1匙 | 老抽：适量 | 油：1匙,"1 排骨洗净（排骨不用焯水），香菇瑶柱泡发，姜蒜切粒备用。
2 排骨里加盐、生粉、油。
3 拌匀腌片刻入味。
4 锅烧热，无需放油，把排骨两面煎一下，锁住水分。
5 放入姜蒜粒翻炒。
6 倒入足够的开水，水量末过排骨。
7 大火烧开后加入香菇瑶柱，转中小火焖30分钟。
8 焖到排骨差不多软烂，加一点老抽上色。
9 加一点冰糖，再焖10分钟。
10 焖到排骨足够软烂（这个看个人喜欢的口感控制时间），稍微加一点点生抽，因为腌排骨已有盐，所以一点点就够了。
11 转到小砂锅小火再烧5分钟。
12 大火收一下汁，就好啦。"
663975,https://home.meishichina.com/recipe-663975.html,鸡蛋番茄煮豆腐,豆腐：350克 | 番茄：2个 | 鸡蛋：2个,,盐：适量,"1 食材：豆腐、番茄（已清洗）、鸡蛋。
2 将豆腐撕开包装倒扣在盘中，用刀划开。
3 将番茄放在案板上划个十字刀。
4 放入大盆里，用开水泡一会儿，去皮。
5 放在案板上切成块。
6 起锅倒油烧热，打入鸡蛋翻炒翻炒盛出。
7 接着，利用炒鸡蛋的油下入切好的番茄翻炒翻炒。
8 然后，合入豆腐、加适量的清水。
9 煮上2到3分钟。
10 最后，合入炒好的鸡蛋、加适量的盐。
11 调味翻匀即可。"
663974,https://home.meishichina.com/recipe-663974.html,龙虾尾球牛心菜煮豆腐,老豆腐：400克 | 牛心菜：1株 | 龙虾味球：4个,,盐：适量 | 味精：适量,"1 食材：老豆腐、牛心菜、龙虾味球。
2 将牛心菜撕成小块清洗清洗捞出。
3 取出龙虾味球放在案板上。
4 对半切开。
5 将老豆腐放在案板上切开。
6 起锅倒油烧热，下入切好的老豆腐两面煎一下，盛出。
7 接着，下入牛心菜和切好的龙虾味球翻炒翻炒。
8 然后，合入煎好的老豆腐、加适量的清水。
9 翻动翻动煮上2到3分钟。
10 最后，加适量的盐。
11 加适量的味精。
12 调味翻匀即成。"
663973,https://home.meishichina.com/recipe-663973.html,红椒魔芋结烧鸡块,鸡块：400壳 | 红椒：2个半 | 魔芋结：2盒,,料酒：适量 | 酱油：适量 | 盐：适量 | 领卡唐：适量,"1 食材：鸡块（已清洗焯水）、红椒（已清洗）、魔芋结。
2 将魔芋结拆开包装清洗清洗捞出。
3 将红椒放在案板上切开。
4 起锅倒油烧热，下入鸡块翻炒翻炒。
5 接着，加适量的料酒。
6 加适量的酱油。
7 加适量的盐。
8 加适量的零卡糖。
9 加适量的开水。
10 调味烧煮大约10分钟。
11 然后，合入切好的红椒和魔芋结翻动翻动继续烧煮2分钟。
12 最后，关火盛出。"
663972,https://home.meishichina.com/recipe-663972.html,黑木耳香肠炒茭白,香肠：99克 | 茭白：2株 | 黑木耳：10克,,酱油：适量 | 盐：适量 | 味精：适量,"1 食材：香肠（已清洗蒸熟）、黑木耳（已提前泡发清洗）、茭白。
2 将茭白剥壳清洗清洗捞出。
3 放在案板上切成片。
4 将香肠放在案板上切成片。
5 将切好的茭白和黑木耳下入沸水锅中焯上2分钟后捞出。
6 起锅倒油烧热，下入切好的香肠和焯好的茭白、黑木耳翻炒翻炒。
7 然后，加适量的酱油。
8 加适量的盐。
9 加适量的味精。
10 调味炒匀即成。"
663935,https://home.meishichina.com/recipe-663935.html,山药胡萝卜炖丝瓜,丝瓜：1根 | 胡萝卜：2个 | 山药：1根,,食用油：适量 | 料酒：适量 | 生抽：适量 | 味噌酱：1勺 | 盐：适量 | 鸡精：适量,"1 胡萝卜、丝瓜洗净去皮切滚刀块。
2 将山药去皮切滚刀块，先下入锅中煮制。
3 再下入胡萝卜、丝瓜块。
4 放入料酒、生抽、一勺味噌酱。
5 盛入盘中，食材三种颜色，营养丰富。"
663964,https://home.meishichina.com/recipe-663964.html,猪肚鸡,新鲜猪肚：一个 | 鸡：半只,姜片：适量 | 胡椒粒：适量 | 面粉：少许 | 醋：少许 | 红枣：适量 | 莲子：适量 | 党参：适量 | 葱：适量 | 白酒：少许,胡椒粉：适量 | 盐：适量 | 鸡精：适量,"1 新鲜的猪肚，加盐、醋、面粉，抓拌均匀，彻底清洗干净。
2 加葱、姜片，少许白酒煮10分钟，捞出，过凉水清洗干净。
3 猪肚切成小段，备用。
4 热锅凉油，转中小火，下入姜片和稍多的胡椒粒炒出香味。
5 下入猪肚。
6 翻炒均匀。
7 加入开水，大火煮开。
8 转入砂锅中。
9 大火煮开，转中小火，盖上锅盖炖煮30分钟后。
10 30分钟后，加入鸡块。
11 加入红枣、莲子(提前泡发)，党参。
12 盖上盖子，再炖煮25分钟左右。
13 时间结束后，加胡椒粉(稍多)，盐和鸡精调味。
14 好了。
15 暖心又暖胃，请品尝！"
663522,https://home.meishichina.com/recipe-663522.html,香干毛豆炒肉沫,香干：适量 | 毛豆：适量 | 肉沫：适量,蒜苗：适量 | 小米辣：适量,花生油：适量 | 蚝油：适量 | 生抽：适量 | 老抽：适量,"1 前腿肉提前绞碎备用。
2 毛豆剥出米粒备用。
3 香干改刀切小块。
4 将毛豆下锅焯煮十分钟左右。
5 小米辣切细备用。
6 蒜苗洗净切细备用。
7 锅中热油放入肉沫翻炒炒干水份。
8 加入适量生抽，老抽，蚝油。
9 翻炒均匀上色入味。
10 放入小米辣炒匀。
11 放入香干。
12 放入毛豆。
13 大火快速翻炒。
14 放入蒜苗，翻炒至断生即可。"
663898,https://home.meishichina.com/recipe-663898.html,姬松茸炖蔬菜,姬松茸：适量,土豆：个 | 胡萝卜：1个 | 西葫芦：半个 | 西红柿：1个,食物油：适量 | 料酒：适量 | 生抽：适量 | 盐：适量 | 鸡精：适量,"1 姬松茸将根部清理干净并洗净待用。
2 蔬菜切菱形块（西芹最后没放）。
3 先将土豆、胡萝卜块放入锅中煮制。
4 下入西葫芦(根据食物的易熟成度放入食材)。
5 再下入姬松茸煮制。
6 西红柿切成块。
7 最后下入西红柿炖一会即可，撒入鸡精出锅。
8 盛入大碗中，多种蔬菜与姬松茸炖制，营养丰富，口味鲜香。"
663885,https://home.meishichina.com/recipe-663885.html,芹菜炒红尖椒,芹菜：适量,红尖椒：3个,食用油：适量 | 料酒：适量 | 盐：适量 | 鸡精：适量,"1 将芹菜切成丝。
2 红尖椒切成丝。
3 锅中放入适量的食用油烧热，放入芹菜、料酒、盐、翻炒后加入红椒丝。
4 快速翻炒，加入适量的鸡精即可出锅。
5 将菜盛入盘中，清爽脆嫩。"
663475,https://home.meishichina.com/recipe-663475.html,西洋参炖鸽子,鸽子：适量,西洋参：适量 | 麦冬：适量 | 玉竹：适量,盐：适量,"1 鸽子焯烫出血水后洗净备。
2 西洋参片，麦冬，玉竹备用。
3 将鸽子放入炖锅里。
4 放入炖汤的材料。
5 加入开水。
6 将炖盅放入炖锅中，隔水炖煮2小时左右。
7 出锅前少许盐调味即可。"
663875,https://home.meishichina.com/recipe-663875.html,香椿芽炒鸡蛋,香椿芽：适量,草鸡蛋：4颗,色拉油：2勺 | 盐：1匙 | 清水：少量,"1 摘下家里新发的香椿芽。
2 香椿芽的硬蒂切掉，洗净。
3 鸡蛋打成蛋液，放入切好的香椿芽末、盐、加少量清水，搅匀。
4 放入热好的油锅里炒熟即可装盘。"
663874,https://home.meishichina.com/recipe-663874.html,牛蒡胡萝卜拌豆腐,牛蒡：2段 | 韧豆腐：1盒,胡萝卜：1/4根,生抽：2勺 | 芝麻沙拉酱：适量 | 色拉油：1勺,"1 新鲜牛蒡处理干净。
2 牛蒡和胡萝卜一并切丝，泡入水中，防止氧化变色。
3 沥水后的牛蒡和胡萝卜丝放入油锅里煸炒，加一勺生抽调味。
4 韧豆腐装盘，铺上超好的牛蒡胡萝卜丝。
5 吃之前浇上一勺生抽和适量芝麻沙拉酱即可。"
663866,https://home.meishichina.com/recipe-663866.html,莲菜丝炒肉丝,莲菜：一节 | 肉丝：三两,干辣椒：少许 | 葱：少许,花生油：适量 | 盐：适量 | 料酒：少许 | 生抽：少许,"1 莲菜，洗净。
2 削皮切丝。
3 淖一下。
4 捞出，倒入凉水中。
5 捞出，控干水分，放入盆中，备用。
6 肉丝用少许生抽和料酒腌制10分钟，备用。
7 干红辣椒和切好的葱，备用。
8 锅烧热放适量油，倒入肉丝，煸炒，再倒入辣椒和葱，炒香，加适量盐调味，翻炒几下即可。
9 出锅装盘即食。
10 脆香可口。"
663865,https://home.meishichina.com/recipe-663865.html,香酥脆皮鸡翅,鸡中翅：10个,葱姜蒜：适量 | 面粉：一匙 | 玉米淀粉：2匙 | 泡打粉：1/3匙,盐：小许 | 白胡椒粉：少许 | 孜然粉：半匙 | 菜籽油：一勺,"1 超市买来的鸡翅对半切开，这样方便炸熟透。清水浸泡出血水。
2 反复冲洗干净以后，用厨房纸吸干表面的水分。不然腌出来是水垮垮的。
3 吸干水分的鸡翅。
4 姜蒜水加小葱。盐，白菊花粉，花椒粉，孜然粉抓拌均匀以后再倒点油封油。
5 脆皮糊的调制面粉和玉米淀粉的比例为1:2，玉米淀粉的量要多一半。然后加入适量的泡打粉是酥脆的关键。
6 鸡翅腌个半个小时以上。然后把它放进脆皮粉里。
7 用筷子一个一个的把它包裹。轻轻抖动成这种鱼鳞状。我服的时候一定要细心一点。均匀的裹上去，不然会掉皮。这个这一步骤千万千万不要加水哦。
8 锅里放油。六成油温放入鸡翅，这个鸡翅我一次大概炸的是6个。分批炸，不要一次倒进去了。
9 进去以后先不要抖动，不要动这个锅，不要翻动它。等30秒以后轻轻的上下移动锅，让它均匀受热就可以了。一批批的炸好捞出。我这洗鸡翅一共炸了三次。
10 最后再把鸡翅大火复炸30秒。起锅沥干油分就可以出锅了。"
663864,https://home.meishichina.com/recipe-663864.html,冷吃牛肉,牛前腿肉：一斤,葱姜蒜：适量 | 洋葱：一个 | 小葱：一把 | 香菜：一把 | 干辣椒：半碗 | 红花椒：一匙 | 青花椒：一匙 | 八角：3个 | 香叶：3片,菜籽油：2勺 | 花雕酒：1匙 | 辣椒面：2匙 | 生抽：2匙 | 盐：小许 | 卤料包：一包 | 白糖：半匙 | 孜然粉：1匙,"1 牛前腿肉泡出血水20分钟。清洗干净。
2 冷水下锅。加入花雕酒去腥。水开打入浮沫。
3 加少许的盐入个底味。加入一个配置好的卤料包。八角香叶葱姜中大火把这个牛肉煮至完全熟透。是也不能煮的太软了，稍微硬一些有嚼劲。
4 煮牛肉的时候我们来炸一个底油。菜籽油五成油温倒入葱姜蒜。香菜，洋葱，中小火把这调料炒香。
5 干辣椒剪断，加青红花椒增香，温水浸泡，以免炸糊。
6 锅里的这些调料全部炸成干酥炸干就把调料捞出，留底油。
7 煮好的牛肉放置完全冷却后顺着调理切成条一定要冷却以后才好切。
8 用手把它撕成一条一条的。我反正喜欢用手撕。这样更加入味。不喜欢的直接用刀切成切成条条。
9 炸好的油，五成油温放入牛肉中小火。把牛肉煸至焦香，焦香。
10 放入辣椒面。翻炒均匀。
11 倒入泡好的辣椒，蒜和花椒倒入生抽，白糖提味。
12 最后起锅前放入白芝麻，孜然粉。就可以啦。能够在锅里浸泡一会儿更好吃。当主食或者当零食吃都不错，可以一次多炒点儿，放真空包装。"
663430,https://home.meishichina.com/recipe-663430.html,猪脚焖鸡爪,猪脚：适量 | 鸡爪：适量,生姜：适量 | 蒜头：适量 | 八角：适量 | 桂皮：适量 | 香叶：适量 | 剁椒：适量,花生油：适量 | 生抽：适量 | 老抽：适量 | 蚝油：适量,"1 姜片，八角，桂皮，香叶备用。
2 丝瓜洗净去甲。
3 将鸡爪和猪脚冷水下锅焯烫出血水后洗净。
4 锅中热油放入香料炒香。
5 放入鸡爪和猪脚。
6 翻炒均匀。
7 加入适量蚝油，生抽，老抽。
8 翻炒均匀上色入味。
9 炒过的鸡爪先盛出。
10 将猪脚转入高压锅中，加入适量清水。
11 盖上大火煮开上汽后二十分钟。
12 焖好的猪脚已经很软糯。
13 放入炒过的鸡爪。
14 拌开一下盖上继续高压锅大火压四五分钟。
15 焖好后的猪脚和鸡爪捞出备用。
16 蒜头拍扁剁碎备用。
17 锅中热油放入蒜末炒香。
18 放入剁椒。
19 翻炒均匀炒香。
20 放入猪脚和鸡爪。
21 翻炒均匀。
22 加入原汤。
23 大火煮开收斗入味即可。"
663859,https://home.meishichina.com/recipe-663859.html,西红柿蒸肉泥,西红柿：3个 | 肉末：适量,姜：少许 | 葱：适量 | 鸡蛋：1个,盐：适量 | 玉米淀粉：1勺 | 胡椒粉：适量,"1 准备三个西红柿，洗净顶部划十字刀，底部切一块下来备用。然后用勺将里面的囊掏出来。
2 肉末里放盐，鸡蛋和玉米淀粉一起搅拌均匀腌制10分钟，随后塞进西红柿里面。
3 蒸锅里水开后，放入西红柿蒸10分钟，然后撕下皮。
4 另外将掏出的西红柿肉放入炒锅，加入姜，葱段和开水，让汤汁变浓稠，再将里面的东西都捞出来，加入一碗淀粉水和胡椒粉，煮开后淋入西红柿上，最后点缀点葱花即可。"
663850,https://home.meishichina.com/recipe-663850.html,椒盐鸡中翅,鸡中翅：6只,盐：2克 | 鸡精：2克 | 生粉：10克 | 椒盐粉：2克,生抽：半勺,"1 鸡中翅清洗干净，擦干表面水份，里外分别切两刀。
2 放入盆中，加少量盐、鸡精、生抽、腌制15分钟。
3 腌制好的中翅，里外撒上一层生粉。
4 将鸡中翅放入油锅内，小火两面油煎。
5 煎到两面金黄，盛出控油。
6 盘底垫一片生菜叶子，再摆上鸡中翅。
7 撒上一层椒盐粉。"
663852,https://home.meishichina.com/recipe-663852.html,爆炒脆肚,猪小肚：4个,红椒：半个 | 青椒：1个 | 洋葱：一个 | 葱姜蒜：适量 | 干辣椒段：8个 | 八角：1个 | 花椒：20颗,菜籽油：1勺 | 豆瓣酱：一匙 | 生抽：一匙 | 蚝油：1/3匙 | 孜然粉：1匙 | 花雕酒：1匙 | 白醋：1匙,"1 超市买回的猪小肚反复清洗，加入白醋揉去除腥味。
2 葱姜蒜，花椒，冷水下锅，再加八角，香叶，水开打去浮沫。i
3 再用清水。把这个小肚煮熟，煮熟即可。不要煮的太软了，不然口感不好。
4 煮小肚的时候，我们把配菜准备好。
5 把小肚对半破开切成稍微粗一点的丝。
6 锅里放一点菜籽油，油温五成热，放入豆瓣酱快速翻炒。手速要快，不然要起坨。
7 葱姜蒜，洋葱加入爆香。
8 干辣椒，花椒，继续翻炒。
9 下入小肚快速翻炒，加生抽提色，蚝油增鲜。
10 倒入青红椒，出锅前根据口味儿放入孜然粉要吃辣椒的放入辣椒面少许的鸡精调味。
11 放入小葱花即可出锅。"
663406,https://home.meishichina.com/recipe-663406.html,蒜蓉粉丝九肚鱼,九肚鱼：适量 | 粉丝：适量,葱花：适量 | 蒜蓉酱：适量,花生油：适量 | 生抽：适量 | 盐：适量,"1 提前炒好的蒜蓉酱，每次炒都会做多一些（可参考菜谱）。
2 粉丝提前泡发备用。
3 香葱洗净切葱花。
4 九肚鱼清洗干净。
5 粉丝加入炒好的蒜蓉酱和生抽，盐。
6 翻拌均匀入味。
7 放上九肚鱼。
8 再铺上一层蒜蓉酱。
9 加入适量清水。
10 盖上大火煮开，焖至九肚鱼断生入味，洒上葱花即可出锅。"
663845,https://home.meishichina.com/recipe-663845.html,莲菜丁炒虾仁,莲菜：一节 | 冷冻生南美白虾：十二只,葱：少许 | 干红辣椒：三个,花生油：适量 | 盐：适量 | 料酒：少许 | 白胡椒粉：少许,"1 莲菜，洗净。
2 削皮切丁。
3 淖一下，捞出，倒入凉水中。
4 捞出，控干水分，放入盘中，备用。
5 冷冻生南美白虾，备用。
6 把虾去壳去线，清洗干净后放入盘中，滴少量料酒，抓匀后，腌制一会儿即可。
7 干红辣椒和切好的葱，备用。
8 锅里倒适量油，把腌制过的虾仁炒至金黄色，再倒入辣椒和葱炒香，加适量盐和少许白胡椒粉调味，翻炒几下即可。
9 出锅装盘。
10 香脆美味可口。"
663836,https://home.meishichina.com/recipe-663836.html,干锅鹿茸菇,鹿茸菇：半包 | 五花肉：3两,二荆条：3个 | 精品洋葱：1个 | 小葱：4根 | 姜：一片 | 大蒜：2瓣 | 白芝麻：一匙,干锅酱：一勺 | 生抽：半匙 | 松鲜鲜：少许 | 菜籽油：2匙,"1 超市买来晒干的鹿茸菇，温开水浸泡一个小时。
2 反复清洗，清洗到水质清澈，用手轻轻的攥干水分。
3 葱姜蒜都切成颗粒。
4 五花肉切薄片，洋葱去皮切段。荆条切成圈圈备用。
5 锅里放入适当的油。菜籽油会比较香。油温五成热放入鹿茸菇开中小火煸炒，炒出水分。
6 到这种干香干香的状态。盛出来备用就可以了。
7 锅留底油，放入五花肉，中小火煸炒至出油脂
8 继续中小火。葱姜蒜炒出香味。
9 放入干锅酱，这个干锅酱里面啥味儿都有，所以其他调料就不必怎么放。
10 转大火放入鹿茸菇和洋葱快速翻炒。
11 放入二荆条来一点生抽增色提香。
12 起锅前放入白芝麻。松鲜鲜提味。
13 翻炒均匀撒入小葱花。"
663810,https://home.meishichina.com/recipe-663810.html,蒸大马哈鱼,大马哈鱼：适量,葱段：适量,食用油：适量 | 料酒：适量 | 白灼汁：适量 | 盐：适量 | 鸡精：适量,"1 将马哈魚胚洗净，用厨房纸巾擦去水份，先切成条状。
2 再切成块状，用料酒、白灼汁、少许盐、食用油、腌制10分钟、再加入葱段。
3 放入锅里盖盖蒸10分钟。
4 将蒸魚的汤汁倒入锅中烧浓，加入适量鸡精。
5 将汤汁浇入马哈魚上即可，马哈魚鲜嫩，好的马哈魚蒸好的魚肉一片片，不新鲜的马哈魚没有片状。"
663809,https://home.meishichina.com/recipe-663809.html,西胡芦炒三色椒,西葫芦：适量,三色尖椒：3个,食用油：适量 | 生抽：适量 | 料酒：适量 | 盐：适量 | 鸡精：适量,"1 三色尖椒洗净去瓤。
2 切成菱形块。
3 西葫芦切成片。
4 蒜切片。
5 锅中放始适量的食用油烧热，加适量的料酒，下到西葫芦片翻炒。
6 放三色尖椒片继续快速翻炒。
7 加入盐、生抽、蒜片、鸡精、翻炒。
8 盛入盘中，颜色美观，清淡爽口。"
663442,https://home.meishichina.com/recipe-663442.html,炖三鲜,土豆：大的1个 | 茄子：1个 | 熟大肉：3片,胡萝卜：1根,胡椒粉：适量 | 油：适量 | 盐：适量 | 腐乳汁：少许 | 葱段：少许,"1 茄子切成小条。
2 在妀刀切成小块备用，放入凉水加盐泡一会。
3 胡萝卜和土豆去皮匀切成小块。
4 切成小块。
5 锅里放油下葱圈翻炒及茄子丁。
6 加入少许腐乳汁加开水少许小火炖。
7 20分钟后加入熟大肉及葱段拌匀加入。
8 关火出锅。成品图。"
663762,https://home.meishichina.com/recipe-663762.html,红烧排骨,精排骨：适量,葱段：适量,食用油：适量 | 料酒：适量 | 五香粉：适量 | 姜粉：适量 | 冰糖：4小块 | 红腐乳汁：适量 | 盐：适量 | 鸡精：适量,"1 排骨昨晚上洗的放冰箱了，拿出来自然鲜冻。
2 锅中加入适量的水，放入排骨，料酒、葱段焯水。
3 焯好捞出排骨。
4 锅中放入适量的食用油，下入焯好的排骨炒制，加入适量的料酒、红烧酱油、五香粉、姜粉。
5 加入适量的热水、葱段、冰糖、红腐乳汁烧制。
6 收汁至浓，加入鸡精出锅(灶台前的灯比较亮，实际颜色红润)。
7 这是真实的红烧排骨颜色红润，成品令人垂涎，肉质鲜嫩，浓郁鲜香。"
663820,https://home.meishichina.com/recipe-663820.html,红尖椒炒肉丝,肉丝：三两 | 红尖椒：一个,,花生油：适量 | 盐：适量,"1 肉丝用少许老抽和料酒腌制10分钟，备用。
2 红尖椒洗净，备用。
3 去蒂去籽，切丝。
4 锅烧热放适量油，倒入肉丝，煸炒，再倒入红尖椒丝加适量盐调味，翻炒几下即可。
5 出锅装盘。
6 美味可口。"
663381,https://home.meishichina.com/recipe-663381.html,爆炒猪杂,瘦肉：适量 | 猪肝：适量 | 猪心：适量 | 猪腰：适量,生姜：适量 | 香葱：适量,花生油：适量 | 玉米淀粉：适量 | 生抽：适量 | 老抽：适量 | 蚝油：适量,"1 瘦肉，猪肝，猪心，猪腰分别清洗干净。
2 将猪杂都改刀切薄片。
3 生姜洗净切细备用。
4 猪杂放入姜丝。
5 加入适量玉米淀粉，花生油，抓拌均匀即可。
6 香葱洗净切段备用。
7 锅中热油放入猪杂。
8 大火快速翻炒。
9 加入适量蚝油，生抽，老抽。
10 放入姜丝。
11 大火快速翻炒均匀入味。
12 放入葱段炒匀即可。"
663802,https://home.meishichina.com/recipe-663802.html,家庭版卤鸭脚,鸭爪：25个,蒜头：7个 | 姜块：5块,清水：适量 | 盐：2匙 | 白砂糖：1匙 | 酱油：2匙 | 老抽：1匙 | 蚝油：3匙 | 柱候酱：2匙 | 米醋：4匙 | 高度白酒：2匙 | 花生油：5匙,"1 鸭爪洗干净放锅加入冷清水。
2 清水加入姜1片，米醋1匙，高度白酒1匙。
3 冷水煮开后半分钟捞起泡冷水洗干净油渍。
4 起锅下花生油下姜片4片蒜头7个炒香。
5 姜蒜炒香加入全部配料再配2碗清水搅拌开。
6 大火煮开转小火焖煮20分钟后中火收汁。
7 收汁试味就可以出锅啦！"
663800,https://home.meishichina.com/recipe-663800.html,清水肉丸米粉餐,圆圈米粉：2个,潮汕手工肉丸：10颗 | 油麦菜：3颗,姜：1块 | 盐：1匙 | 花生油：3匙 | 耗油：2匙 | 酱油：1匙 | 清水：适量,"1 细圆圈米粉提前一小时泡开备用。
2 鱼丸，猪肉丸，墨鱼丸等肉丸切开或切片。
3 油麦菜洗干净备用。
4 清水下锅加入姜块放3颗猪肉丸。
5 水开加入全部肉丸子，加入花生油，盐，耗油，酱油。
6 全部肉丸煮开后加入油麦菜。
7 加入洗净的米粉煮开后试味出锅。"
663798,https://home.meishichina.com/recipe-663798.html,蒜蓉粉丝大虾花甲煲,新鲜大虾：6个 | 花甲：20 | 细粉丝：2个 | 娃娃菜：几片 | 韭菜：一小把,大蒜：5个 | 小葱：3根 | 小米辣：2个,菜籽油：少许 | 生抽：2匙 | 蚝油：半匙 | 白糖：少许,"1 新鲜的花甲加少许的清水，盐。一点点菜籽油，吐沙一个小时。
2 细粉丝温水浸泡15分钟即可。
3 新鲜的大虾去除虾头去虾线。泡好的花甲清洗干净。
4 菜籽油加入打好的蒜蓉酱，加一点点盐小火炒制。如果怕麻烦，直接买一袋蒜蓉调料也可以哦。
5 砂锅底层铺上一层娃娃菜叶，再铺上泡好的粉丝。
6 放入花甲和大虾淋上蒜蓉酱。
7 来调一碗普通的汁。清水，生抽，蚝油少一点白糖。淋上再放入花雕酒真香，放入葱段和小米辣。
8 大火盖盖听到香味溢出来了，水开了，转中小火焖煮5分钟。花甲装壳了，这道菜也就好了。起锅前撒入韭菜叶也可以不放哦，搅拌均匀即可出锅。"
663742,https://home.meishichina.com/recipe-663742.html,清蒸带鱼段,精带鱼：6块,,食用油：适量 | 料酒：适量 | 白灼汁：适量 | 鸡精：适量,"1 前两天买的带魚收拾干净切段，做时拿出来解冻。
2 放入适量的料酒、盐、腌制一下。
3 再放入白灼汁葱段，水开后放入蒸锅蒸8至10分。
4 将蒸好的带魚取出，将汤汁倒入锅中烧开，加入鸡精。
5 将汤汁浇至魚段上，再撒上红椒碎，葱花碎点缀。"
663778,https://home.meishichina.com/recipe-663778.html,鸡翅生蚝煲,生蚝：10个 | 鸡翅：8个,洋葱：1个 | 生姜：适量 | 葱花：适量 | 青椒：1个,老抽：适量 | 生抽：适量 | 料酒：适量 | 白糖：少许 | 盐：适量 | 生粉：适量,"1 准备食材：鸡翅剪长两半，用盐，老抽，生抽，蚝油和生粉腌制10分钟。生蚝去壳用生粉抓洗干净备用。
2 将腌制好的鸡翅煎至两面金黄捞出备用。
3 接着准备洋葱，生姜粒，用生抽，料酒，蚝油，白糖和水调一个料汁备用。
4 砂锅里倒入油，将洋葱，青椒和姜粒爆香。
5 再铺上煎好的鸡翅，生蚝，最后倒入料汁，盖上盖子焖煮8分钟。
6 8分钟后，撒入点葱花即可。"
663744,https://home.meishichina.com/recipe-663744.html,土豆西红柿炖牛肉,西红柿：1个 | 土豆：2个,熟牛肉块：适量,牛肉汤：适量 | 水：适量 | 料酒：适量 | 盐：适量 | 鸡精：适量,"1 西红柿洗净。
2 锅中加入牛肉汤及适量的水，料酒、盐、土豆快牛肉块炖煮。
3 西红柿切块。
4 将西红柿放入锅中继续炖煮。
5 加入适量的鸡精出锅。
6 盛入器皿中，汤鲜味美、营养丰富。"
663743,https://home.meishichina.com/recipe-663743.html,鸡蛋炒蔬菜,土鸡蛋：2个,红尖椒：2个 | 荷兰豆：适量,食用油：适量 | 料酒：适量 | 盐：适量 | 鸡精：适量,"1 土鸡蛋，焯水的荷兰豆、红尖椒。
2 锅中加入适量的食用油加热，倒入鸡蛋液。
3 鸡蛋凝固即可盛出。
4 先炒红尖椒。
5 再加入已焯水的荷兰豆。
6 加入适量的料酒、盐、翻炒。
7 再放入鸡蛋翻炒。
8 用筷子将鸡蛋夹成适当的块，加入少许鸡精翻炒出锅。
9 盛入盘中，红、绿、黄色很美观，又营养。"
663745,https://home.meishichina.com/recipe-663745.html,红尖椒炒豆芽,绿豆芽：适量,红尖椒：3个,食用油：适量 | 料酒：适量 | 盐：适量 | 白醋：少许 | 鸡精：适量,"1 绿豆芽反复洗净。
2 红尖椒切成丝（买了一把新刀切菜不连刀）。
3 放入盘中备用。
4 锅中放入适量的食用油烧热，下入豆芽翻炒。
5 再加入适量的料酒盐，加入红尖椒丝翻炒。
6 火稍高些，全程快炒，加入适量的白醋、鸡精出锅。
7 盛入盘中，清新爽口。"
663767,https://home.meishichina.com/recipe-663767.html,蒜香腊肉炒豆角,腊肉：500g,长豆角：适量,蒜头：3瓣 | 姜：1块 | 盐：适量 | 耗油：1匙 | 酱油：半匙 | 豆瓣酱：1匙 | 花生油：2勺 | 清水：半碗,"1 腊肉洗干净切片备用。
2 准备好蒜头和姜片（姜块）备用。
3 豆角分段洗干净，清水煮开放些花生油和盐。
4 豆角放开水烫50秒后捞起过备用。
5 起锅烧开放花生油加入蒜块姜块爆炒下腊肉。
6 腊肉炒至变半透明状态后加入青豆角。
7 放豆角后加入适量放耗油，酱油，豆瓣酱，盐。
8 加入半碗清水焖炒5分钟就可大火收汁试味出锅啦。"
663746,https://home.meishichina.com/recipe-663746.html,红尖椒炒莲菜丝,莲菜：一节 | 红尖椒：一个,,花生油：适量 | 盐：适量 | 生抽：少许,"1 莲菜和红尖椒，备用。
2 莲菜洗净去皮，切丝。
3 红尖椒洗净去蒂去籽，切丝。
4 锅烧热放适量油，倒入红尖椒丝和莲菜丝，淋入少许水，加适量盐调味，翻炒片刻，收汁即可。
5 出锅装盘。
6 香脆可口。"
663379,https://home.meishichina.com/recipe-663379.html,牛肉粉丝锅,惠来粉签：适量 | 牛肉：适量 | 鸡蛋：适量,葱花：适量,花生油：适量 | 玉米淀粉：适量 | 生抽：适量 | 蚝油：适量 | 牛油火锅底料：适量,"1 粉签提前泡发备用。
2 牛肉洗净切薄片。
3 牛肉加入适量玉米淀粉，蚝油，生抽。
4 抓拌均匀后加入适量花生油抓匀腌制备用。
5 锅中热油打入鸡蛋煎至金黄后盛出。
6 锅中热油放入火锅底料炒香。
7 加入适量清水，放入煎好的鸡蛋，大火煮开。
8 放入粉丝。
9 放入牛肉。
10 大火煮开少许盐调味，放入葱花即可。"
663493,https://home.meishichina.com/recipe-663493.html,大肉炒,熟大肉：;少许,蘑菇：100克,盐：少许,"1 蘑菇洗净备用。
2 蘑菇撕成条锅里烧开水下入蘑菇。
3 焯水1分钟捞出控水备用。
4 铁锅倒入少许油放入葱花。
5 锅里放少许保元汤下入磨菇。
6 炖上10分钟放入熟大肉片。
7 5分钟后加入酱油和盐调味。"
663734,https://home.meishichina.com/recipe-663734.html,三鲜豆皮,糯米：3杯 | 清水：3杯 | 鸡蛋：一个 | 面粉：适量,毛豆米：适量 | 老豆腐：适量 | 瘦肉：适量 | 麻辣萝卜干：一包60克 | 姜：适量 | 蒜：适量 | 香菇：适量,盐：适量 | 生抽：适量 | 老抽：适量 | 鸡精：适量 | 胡椒粉：适量 | 五香粉：适量 | 葱姜蒜粉：适量,"1 糯米饭先煮好备用，放冷打散。瘦肉切丁，提前用盐，生抽，蚝油，胡椒粉腌好，五香粉，葱姜蒜粉腌好。
2 香菇提前泡好，毛豆米提前剥好煮好备用。豆腐切丁，香菇切丁。姜蒜切末。腐
3 先把臊子炒好。热锅热油，放入腌制一夜的瘦肉丁，翻炒，放姜蒜末，继续翻炒。
4 加入毛豆，翻炒。加入香菇丁翻炒。加热水烧十五分钟左右，再放入豆腐丁烧五分钟。
5 烧干水分，加盐鸡精搅拌均匀，盛出来放凉，麻辣萝卜干切小一点拌进去。
6 鸡蛋和面粉加水加一点盐搅成面糊，不要太稠。
7 锅烧热，锅身刷一点油。关火凉一凉。倒入面糊。转动锅子把面糊分散开
8 再开小火，把面糊烫熟，翻面。
9 盘子里抹油，把糯米饭放到盘子里压薄压紧。再放入面皮上。
10 放入臊子，压紧，粘到糯米饭上，开小火热着。
11 翻过来，继续小火加热。
12 分成小块，就可以开吃了。配上甜酒蛋汤，美滋滋。"
663731,https://home.meishichina.com/recipe-663731.html,肉沫泡紫茄,猪肉：200g,紫皮茄子：2个,姜：3片 | 青辣椒：1个 | 豆瓣酱：1勺 | 耗油：1匙 | 酱油：半匙 | 花生油：2勺 | 盐：半匙适量 | 小米辣椒：1个 | 洋葱：3块 | 清水：5勺,"1 把紫皮茄子??去皮切块②姜，青辣椒，红辣椒切段备用。
2 猪肉洗干净切成粒状，起锅下花生油，姜，洋葱，青辣椒，红辣椒。
3 把猪肉炒干水分捞起，放去茄子打底，猪肉粒放上面。
4 加入耗油，酱油，豆瓣酱和适量的清水泡到茄子。
5 盖上锅盖焖煮25分钟放盐，喜欢吃软糊的可以焖30分钟！
6 起锅前品尝试味，够味就可以直接出锅装盘啦！"
663354,https://home.meishichina.com/recipe-663354.html,口蘑鸡翅,鸡中翅：适量 | 口蘑：适量,香葱：适量,花生油：适量 | 生抽：适量 | 老抽：适量 | 蚝油：适量 | 蜂蜜：适量,"1 鸡中翅提前解冻，对半切开。
2 加入适量蚝油，生抽，老抽，蜂蜜，抓拌均匀腌制半小时左右。
3 口蘑洗净切片。
4 香葱洗净切段。
5 锅中热油放入鸡翅。
6 煎至两面微焦后盛出。
7 锅中底油放入口蘑。
8 翻炒变软。
9 放入煎好的鸡翅，翻炒均匀。
10 出锅前放入葱段即可。"
663726,https://home.meishichina.com/recipe-663726.html,红尖椒炒肉片,肉片：三两 | 红尖椒：一个,葱：少许,花生油：适量 | 盐：适量 | 老抽：少许 | 料酒：少许,"1 红尖椒洗净，备用。
2 去蒂去籽，切丝。
3 肉片，备用。
4 肉片用少许老抽和料酒腌制10分钟。
5 葱切好，备用。
6 锅烧热放适量油，倒入肉片，煸炒，再倒入葱和红尖椒丝加适量盐调味，翻炒几下即可。
7 出锅装盘。
8 美味可口。"
663352,https://home.meishichina.com/recipe-663352.html,午餐肉滑蛋,午餐肉：适量 | 鸡蛋：适量,葱花：适量,花生油：适量 | 清水：适量 | 生抽：适量,"1 鸡蛋打入碗中，加入适量清水搅拌均匀。
2 午餐肉改刀切小块。
3 锅中热油放入午餐肉煎至微微金黄。
4 倒入鸡蛋液。
5 用锅铲轻推，将蛋液煎定型。
6 煎至鸡蛋微微焦黄。
7 出锅前少许生抽调味，放入葱花即可。"
663709,https://home.meishichina.com/recipe-663709.html,红尖椒炒白萝卜丝,红尖椒：一个 | 白萝卜：一个,,花生油：适量 | 盐：少许,"1 红尖椒洗净，备用。
2 去蒂去籽，切丝。
3 白萝卜洗净，削皮，擦丝，备用。
4 锅烧热放适量油，倒入辣椒丝和白萝卜丝，加少许盐、翻炒几下即可。
5 出锅装盘即食。
6 甜香清淡可口。"
663696,https://home.meishichina.com/recipe-663696.html,洋姜拌红萝卜丝,洋葱：适量 | 红萝卜：一个,葱：少许 | 香菜：少许,盐：少许 | 生抽：少许 | 醋：少许 | 香油：几滴,"1 腌好的洋姜，备用。
2 切片。
3 切丝。
4 红萝卜洗净，削皮，擦丝，备用。
5 放入盆中加少许盐、生抽、醋和香油，搅拌均匀。
6 再倒入洋姜丝搅拌一下。
7 装盘。
8 放上少许葱丝和香菜点缀一下。
9 美味爽口。"
663353,https://home.meishichina.com/recipe-663353.html,肉沫炒冬寒菜,冬寒菜：适量,肉沫：适量,猪油：适量 | 蚝油：适量 | 盐：适量,"1 肉沫提前绞碎备用。
2 冬寒菜摘洗洗净。
3 洗净的冬寒菜改刀切细。
4 锅中放入猪油，将肉沫炒散。
5 炒干水份后加入蚝油，翻炒均匀入味。
6 放入冬寒菜。
7 大火快速翻炒。
8 洒上少量轻水，翻炒均匀断生即可。"
663351,https://home.meishichina.com/recipe-663351.html,上海青炒油面筋,上海青：适量 | 油面筋：适量,蒜头：适量,花生油：适量 | 盐：适量 | 蚝油：适量,"1 上海青摘洗干净备用。
2 锅中热油放入蒜片。
3 放入上海青翻炒。
4 放入油面筋。
5 大火快速翻炒。
6 少许盐调味。
7 加入适量清水。
8 焖炒至断生。
9 出锅前再少许蚝油翻炒均匀即可。"
663503,https://home.meishichina.com/recipe-663503.html,香菇炖翅根,鸡翅根：4个,辅食油：1匙 | 葱姜片：适量 | 香菇片：2朵 | 土豆块：适量 | 白萝卜块：适量,生抽：1匙 | 蚝油：适量,"1 炒锅放油烧热，放入鸡翅根块翻炒变色。
2 放入葱姜片生抽蚝油翻炒均匀。
3 放入蔬菜翻炒均匀。
4 加水大火烧开。
5 转中火炖15分钟即可。"
663572,https://home.meishichina.com/recipe-663572.html,酸菜炖粉条,东北酸菜：400g | 猪肉：1块,粉条：适量,生抽：1匙 | 葱姜片：少许,"1 炒锅放油烧热，放入猪肉片翻炒变色。
2 放入葱姜片，生抽，继续翻炒。
3 放入酸菜炒出香味。
4 加足够的水，放入粉条烧开。
5 改中小火炖至粉条软烂，收干汤汁即可。"
663489,https://home.meishichina.com/recipe-663489.html,蒜蓉粉丝扇贝煲,扇贝肉：350g,粉丝：1把,蒜末：2勺 | 食用油：1勺 | 生抽：1匙,"1 1勺蒜末加五香粉，蚝油，盐放碗里，1勺蒜末用热油炸金黄，随后倒入生蒜末碗里搅拌均匀制成蒜蓉酱。
2 白菜叶垫底，放入泡软的粉丝，扇贝肉。再倒入蒜蓉酱，生抽。
3 直接开火煮5分钟，白菜会煮出水分，出锅撒上葱花搅拌均匀。"
663571,https://home.meishichina.com/recipe-663571.html,蒸鸡翅,鸡翅：3个,西红柿：1个 | 娃娃菜：5片 | 葱姜丝：适量,生抽：1匙 | 蚝油：1匙 | 辅食油：1匙,"1 鸡翅从中间剪开，放入葱姜丝生抽蚝油腌20分钟。
2 娃娃菜叶洗干净切块放盘里，摆上去皮的西红柿片。
3 摆上腌好的鸡翅。
4 上锅大火蒸15分钟。"
663661,https://home.meishichina.com/recipe-663661.html,炸杏鲍菇,杏鲍菇：2个 | 盐：适量,面粉：适量 | 红薯淀粉：适量 | 鸡蛋：一个,盐：适量 | 鸡精：适量 | 味精：适量 | 孜然粉：适量 | 五香粉：适量 | 啤酒：适量,"1 杏鲍菇切丝，用盐腌十分钟。再抓去水分。然后冲洗去盐分沥干。
2 把辅料和调料搅拌在一起。没有放水，都是放的啤酒。
3 锅烧热，放油。开中火把油烧到六成热。
4 杏鲍菇放面糊里搅拌均匀。
5 放入热锅热油中炸。
6 两面炸黄。
7 出锅，好香。婆婆很喜欢吃。"
663657,https://home.meishichina.com/recipe-663657.html,熟大肉炒海鲜酱茹,熟大肉：适量,海鲜菇：1代 | 开水：少许盐,盐：少许盐 | 葱：适量 | 香菜：适量,"1 海鲜菇洗净去根备用。
2 切成小段备用。
3 锅烧热倒入葱花炒香。
4 下入熟大肉，海鲜菇，及少许盐。
5 炖5分钟关火。"
663350,https://home.meishichina.com/recipe-663350.html,口蘑炒芦笋,芦笋：适量,口蘑：适量,花生油：适量 | 盐：适量 | 蚝油：适量,"1 芦笋洗净切小块。
2 口蘑洗净切小块。
3 锅中热油放入口蘑翻炒炒软。
4 放入芦笋，大火快速翻炒。
5 少许盐调味。
6 加入适量清水炒匀。
7 断生后再少许蚝油翻炒均匀即可。"
663630,https://home.meishichina.com/recipe-663630.html,腌笃鲜,排骨：250g | 咸肉：100g | 春笋：500g | 干豆腐：3张,葱：1颗 | 姜：1块,酱油：1勺 | 蚝油：1匙 | 料酒：1勺,"1 食材，咸肉切块，春笋去皮。
2 凉水下锅，排骨和咸肉块焯水去沫。
3 春笋去皮，去根儿。
4 笋切滚刀块，热水焯水3分钟，加盐，去除草酸。
5 排骨和咸肉焯水以后，清洗干净。
6 热锅大油。
7 炒姜片，煸炒排骨和咸肉，炒上色。
8 倒入开水。
9 加入笋块，葱结。
10 倒入砂锅，加入干豆腐结，小火炖1个小时。
11 太鲜美了。"
663629,https://home.meishichina.com/recipe-663629.html,辣炒鱿鱼卷,鱿鱼：1条,辣椒：3个 | 小米辣：2个 | 蒜：1个,耗油：1匙 | 酱油：1勺 | 淀粉：1匙,"1 鱿鱼和辣椒。
2 鱿鱼去皮，切花刀。
3 热水焯鱿鱼卷20秒，捞出。
4 热锅热油，炒香蒜瓣，辣椒炒香。
5 倒入焯过水的鱿鱼卷，倒入料汁，大火爆炒10秒钟。
6 出锅，1秒不能恋锅。"
663154,https://home.meishichina.com/recipe-663154.html,酸辣藕丝,莲藕：适量,肉丝：适量,葱丝：适量 | 蒜：适量 | 姜末：适量 | 醋：适量 | 盐：适量,"1 准备藕切成丝，用盐白醋浸泡（没有白醋用的陈醋白醋防止氧化变黑）。
2 莲藕焯一下水。
3 准备辅料。
4 油热放干辣椒。
5 放姜蒜，爆香加入藕丝，放盐放醋即可。
6 出锅。"
663616,https://home.meishichina.com/recipe-663616.html,荠荠菜炒干豆皮,荠荠菜：一小把 | 干豆皮：一小把,葱：少许,花生油：适量 | 盐：少许,"1 春天的荠荠菜。
2 荠荠菜摘好，洗净。
3 淖一下，过凉水捞出，沥干水分，切好，备用。
4 干豆皮用温水泡发，泡好后攥干，备用。
5 锅烧热放适量油，倒入葱炒香，再倒入豆皮加少许盐调味，继续倒入荠荠菜，翻炒拌匀即可。
6 出锅装盘。
7 春日美味。"
663615,https://home.meishichina.com/recipe-663615.html,菠萝黑胡椒牛肉粒,眼肉：500g,菠萝：半个 | 蒜：半个,黑胡椒：2-3勺 | 迷迭香碎：1勺,"1 一斤眼肉，半个菠萝，半头蒜。
2 肉切大块，加黑胡椒碎，盐，迷迭香，油，腌制十分钟。
3 菠萝去皮切块，水冲一下。
4 热锅热油，小火煸香蒜块。
5 倒入肉块，大火炒炒炒。
6 牛肉大火炒不超过2分钟，倒入菠萝块，出锅拧黑胡椒海盐碎。"
662330,https://home.meishichina.com/recipe-662330.html,西葫芦炒番茄蛋,西葫芦：1根 | 西红柿：2个 | 鸡蛋：2个,酱油：1勺 | 盐：1匙,,"1 准备食材。
2 西葫芦去芯儿，切片。
3 西葫芦切片，西红柿切块，鸡蛋打散。
4 水烧开加一勺盐。
5 焯一下西葫芦，捞出来备用。
6 一点油放葱花，炒鸡蛋。
7 炒熟盛出。
8 西红柿炒软。
9 倒入焯熟的西葫芦。
10 倒入炒熟的鸡蛋，调味一点盐，一点酱油调色。
11 下饭菜。"
662334,https://home.meishichina.com/recipe-662334.html,辣炒钉螺,钉螺：500g,葱：1块 | 姜：1块 | 蒜：5-6瓣 | 香菜：1把 | 干辣椒：5-6颗,豆瓣酱：1勺 | 酱油：1勺 | 耗油：1勺 | 料酒：1勺,"1 钉螺夹掉尾巴，两个盆搂在一起，摇晃清洗出泥沙。
2 葱姜蒜小米辣香菜干辣椒，切碎。
3 热锅热油。
4 炒香蒜末。
5 再倒入其他调料，小火煸炒。
6 倒入一勺豆瓣酱。
7 倒入钉螺先炒炒炒，加一勺酱油和料酒耗油，然后倒入啤酒。
8 咕嘟十分钟，放香菜干辣椒。
9 嗦喽就可以了。"
663613,https://home.meishichina.com/recipe-663613.html,苦瓜杭椒牛里脊肉,苦瓜：1根 | 牛里脊肉：200g,杭椒：2根 | 生姜丝：少量,生粉：适量 | 盐：2匙 | 色拉油：2勺 | 清水：少量,"1 苦瓜切掉两头，纵向切两半，去瓤、切厚片。
2 杭椒洗净，去蒂，切段。
3 牛里脊肉斜刀切厚片。
4 牛里脊肉片加入1匙盐、生粉，抓匀备用。
5 苦瓜沥水，生姜切丝。
6 热锅热油，焙香姜丝和杭椒。
7 倒入苦瓜片，加1匙盐，翻炒至变色。
8 加入牛里脊肉，少量清水，翻炒至肉熟。
9 关火装盘。"
663612,https://home.meishichina.com/recipe-663612.html,灰树花煎厚揚豆腐,厚揚豆腐：3块一袋,灰树花：90g左右 | 干大虾：2只,生抽：2勺,"1 灰树花洗净，掰成小房。干大虾切碎备用。
2 热锅热油，调小火煎厚揚豆腐。
3 灰树花和干大虾碎热油炒熟。
4 煎好的厚揚豆腐摆盘，浇上生抽。
5 最后再铺上炒熟的灰树花和干大虾碎即可。"
663425,https://home.meishichina.com/recipe-663425.html,蔬菜末煎蛋,鸡蛋：3个,红尖椒碎：适量 | 西兰花碎：适量 | 小黄柿子：1个(点缀),食用油：适量 | 料酒：适量 | 盐：适量,"1 将红尖椒洗净切碎。
2 西兰花洗净切上面一层碎屑。
3 将3个鸡蛋打散加入料酒、盐，放入红椒碎、西兰花碎搅拌均匀。
4 锅中放适量的食用油，倒入蛋液慢火煎制。
5 成型折叠煎熟。
6 盛入盘中。
7 换个平盘点缀一下。"
663602,https://home.meishichina.com/recipe-663602.html,红尖椒炒豆腐,豆腐：适量,红尖椒：2个 | 小香葱花：适量,食用油：适量 | 料酒：适量 | 盐：适量 | 鸡精：适量,"1 豆腐适量弄碎。
2 红尖椒切碎粒。
3 锅中加适量食用油烧热，下入豆腐碎、料酒、盐炒。
4 加入红尖椒碎翻炒。
5 再放入鸡精、小香葱花。
6 翻炒出锅。
7 盛入盘中，既美味、又营养。"
663594,https://home.meishichina.com/recipe-663594.html,榨菜丝毛豆煮夜开花,毛豆：255克 | 夜开花：1根 | 榨菜丝：60克,,盐：适量 | 味精：适量,"1 食材：毛豆、夜开花、榨菜丝。
2 将毛豆剥壳淘洗干净。
3 将夜开花清洗清洗捞出去皮。
4 放在案板上切成段。
5 起锅倒油烧热，下入毛豆翻炒翻炒。
6 接着，合入切好的夜开花和榨菜丝、加适量的清水。
7 翻动翻动煮上6到7分钟。
8 然后，加适量的盐。
9 加适量的味精。
10 调味翻匀即成。"
663591,https://home.meishichina.com/recipe-663591.html,咸菜鸡蛋炒笋尖,鸡蛋：3只 | 咸菜：110克 | 笋尖：3株,,盐：适量,"1 食材：鸡蛋、咸菜（已清洗）、笋尖（已提前焯熟）。
2 将笋尖放在案板上切碎。
3 将咸菜放在案板上切碎。
4 起锅倒油烧热，下入切好的笋尖和咸菜翻炒翻炒。
5 然后，打入鸡蛋、加适量的盐。
6 调味翻炒翻炒即成。"
663558,https://home.meishichina.com/recipe-663558.html,红焖牛肉,牛肉：适量,大葱段：适量,大料：1个 | 花椒粉：适量 | 香叶：2片 | 白芷：2片 | 桂皮：少许 | 桅子：2个（上色作用） | 干红椒：2个 | 盐：适量 | 生抽：适量 | 红烧酱油：适量 | 糖：1勺 | 腐乳汁：适量,"1 将牛肉洗净，浸泡并多次换水，直至没有血水，锅中放适量水、葱段、料酒、放入牛肉烧开煮至无生。
2 这是煮好无血水的牛肉。
3 捞出切块。
4 趁热倒入生抽、红烧酱油拌至均匀上色。
5 再加入各种调料、盐、糖。
6 倒入高压锅中，最后倒入腐乳汁，压制20分钟即可。
7 压制时间到，香气四溢。
8 将牛肉捞出，滤出料渣倒掉，红烧酱油与腐乳计均起到上色作用。"
663578,https://home.meishichina.com/recipe-663578.html,蒜苗炒干豆皮,蒜苗：一把 | 干豆皮：一把,,花生油：适量 | 盐：少许 | 生抽：少许,"1 择好的蒜苗，洗净，沥干水分。
2 切寸段，备用。
3 干豆皮用温水泡发，泡好后攥干，备用。
4 锅烧热放适量油，倒入蒜苗加少许盐和生抽调味，大火炒香，再倒入豆皮，翻炒拌匀即可。
5 出锅装盘。
6 美味可口。"
663305,https://home.meishichina.com/recipe-663305.html,鸡蛋豆腐焖黄骨鱼,黄骨鱼：适量 | 鸡蛋：适量 | 豆腐：适量,姜片：适量 | 荞头：适量,花生油：适量 | 盐：适量 | 蚝油：适量,"1 黄骨鱼洗净切段。
2 生姜切片备用。
3 豆腐改刀切块。
4 荞头洗净切段备用。
5 锅中热油打入鸡蛋，煎至金黄盛出。
6 锅中底油放入姜片。
7 放入黄骨鱼。
8 放入豆腐。
9 放入煎好的鸡蛋。
10 加入适量蚝油，盐。
11 加入清水。
12 大火煮开焖至黄骨鱼断生。
13 放入荞头煮开。
14 最后放入叶子部分煮开断生即可。"
663511,https://home.meishichina.com/recipe-663511.html,葱爆肝尖,猪肝：适量,大葱段：适量 | 胡萝卜：适量 | 姜丝：适量,食用油：适量 | 料酒：适量 | 生抽：适量 | 盐：适量 | 鸡精：适量,"1 猪干一小叶清洗干净，切成片状，姜切成丝。
2 锅中放入适量的食用油烧热，下入胡萝卜片煸炒一下，再放入姜丝。
3 加入猪肝。
4 快速翻炒，加入适量的料酒。
5 加入生抽、盐、下入葱段翻炒。
6 加入鸡精翻炒出锅（全程快速翻炒，猪肝才会嫩而不柴)。"
663496,https://home.meishichina.com/recipe-663496.html,红尖椒炒豆芽,豆芽：适量 | 红尖椒：1个,小葱段：适量 | 蒜蓉：适量,食用油：适量 | 料酒：适量 | 盐：适量 | 鸡精：适量,"1 红尖椒，小葱洗净待用。
2 收红尖椒切成丝，蒜蓉。
3 小葱切段。
4 绿豆芽洗净。
5 锅中加入适量的食用油烧热，下入绿豆芽。
6 快速翻炒后加入红椒丝。
7 加入适量的料酒、盐、快速翻炒。
8 加入蒜蓉继续翻炒。
9 加入小葱段、鸡精翻炒出锅。
10 将菜盛入盘中。"
663529,https://home.meishichina.com/recipe-663529.html,春韭炒鸡蛋,韭菜：300g,鸡蛋：2-3个,油：适量 | 盐：适量,"1 洗一下。
2 准备鸡蛋，今天的小一蛋3个，大的可以2个。
3 切碎，打好。
4 热锅，冷油倒入鸡蛋液。
5 翻炒一下就倒出。
6 加少许油倒入切好的韭菜。
7 翻炒一下即倒入鸡蛋。
8 出锅，全家抢着吃。
9 温补阳气。"
663506,https://home.meishichina.com/recipe-663506.html,糖醋排骨,排骨：1.5斤,糖：适量 | 醋：适量 | 葱：适量 | 姜：适量 | 蒜：适量 | 八角：适量 | 老抽：适量 | 生抽：适量,,"1 准备葱姜蒜，喜欢吃辣椒的，可以适量放点干辣椒段。
2 排骨泡去血水，控干水分。
3 起锅烧油，放入五六粒冰糖，小火炒个糖色，微微冒泡即可。
4 倒入排骨煸炒，放入葱姜蒜、八角，炒至排骨微微有一点焦边，烹入适量花雕酒，倒入开水，撇去浮沫，加入老抽少许，生抽，醋，酸甜比例根据个人喜欢。
5 转入砂锅，加入两颗山楂排骨更加软烂，小火炖四十分钟左右，大火收汁即可。
6 出锅前加一点番茄酱翻炒，来点蒜末，根据个人口味再淋一点醋增加香气。"
663487,https://home.meishichina.com/recipe-663487.html,木耳炒白菜,白菜：200g,木耳：适量 | 食用油：适量,生抽：半匙 | 番茄酱：5g | 淀粉：1匙 | 水：1勺 | 盐：少许,"1 白菜帮与白菜叶分开切块，木耳泡发后切碎，生抽，番茄酱，淀粉，盐，水混合成料汁。
2 炒锅放油烧热，先把白菜帮炒软。
3 再放入白菜叶翻炒。
4 菜变软后加入料汁，木耳翻炒均匀即可出锅。"
663485,https://home.meishichina.com/recipe-663485.html,西红柿鸡蛋饼,鸡蛋：1个 | 面粉：1勺,西红柿：1个 | 食用油：少许,盐：少许 | 葱花：少许 | 虾皮：少许,"1 西红柿去皮切碎，加鸡蛋，盐，葱花，虾皮搅拌均匀。
2 加入面粉搅拌。
3 搅拌成糊状。
4 锅放油烧热，倒入面糊摊成小饼中小火煎。
5 煎2面金黄即可。"
647468,https://home.meishichina.com/recipe-647468.html,土豆饼,土豆：1个,火腿肠：1根 | 盐：少许 | 白胡椒粉：少许,食用油：少许,"1 土豆蒸熟放凉压成泥，加入切碎的火腿肠，白胡椒粉搅拌均匀。
2 分次放入淀粉，面粉搅拌均匀。
3 搅拌至无干粉状态。
4 把土豆面团捏成小饼，刷油，空气炸锅180度15分钟中间翻一次面即可。"
645418,https://home.meishichina.com/recipe-645418.html,洋白菜鸡蛋炒饼,饼丝：适量 | 鸡蛋：1个,洋白菜丝：适量 | 胡萝卜丝：适量 | 食用油：1勺,盐：少许 | 生抽：1匙,"1 先把鸡蛋炒熟捞出备用。
2 炒锅放油烧热放入洋白菜胡萝卜翻炒。
3 加盐，生抽翻炒变软后倒入饼丝炒熟的鸡蛋沿锅边加1勺水，盖上盖子闷1分钟即可。
4 饼丝热透翻拌均匀即可出锅。"
663467,https://home.meishichina.com/recipe-663467.html,蒸鸡蛋,鸡蛋：7个,水：适量,盐：1g | 生抽：1g | 香油：3.4滴 | 葱花：1g | 香菜：1g,"1 1.将鸡蛋洗净放入蒸蛋器中，根据需要蒸的鸡蛋个数，加入适量的水到蒸蛋器的水位线处。
2 2.盖上蒸蛋器盖子，接通电源开始蒸。
3 等待蒸蛋器工作完成，一般指示灯熄灭后再焖一会儿即可。
4 4.蒸好后打开盖子时要小心蒸汽烫伤。
5 5.将鸡蛋放入蒸蛋器加适量水蒸好后取出，把1至2克盐、3至5滴老抽、2至3滴香油在小碗中拌匀浇淋在鸡蛋上，再撒上1至2克香菜和香葱碎。"
663464,https://home.meishichina.com/recipe-663464.html,香菇炒儿菜,儿菜：295克 | 新鲜香菇：3个,,盐：适量,"1 食材：儿菜（已清洗）、新鲜香菇（已在盐水浸泡30分钟清洗）。
2 将儿菜放在案板上切成片。
3 将新鲜香菇放在案板上切成片。
4 接着，将切好的新鲜香菇下入沸水锅中焯上2分钟后捞出。
5 起锅倒油烧热，下入切好的儿菜翻炒翻炒。
6 然后，合入焯好的新鲜香菇、加适量的盐。
7 调味炒匀即成。"
662945,https://home.meishichina.com/recipe-662945.html,五花肉烧排骨,五花肉：适量 | 排骨：适量,生姜：适量,花生油：适量 | 生抽：适量 | 老抽：适量 | 蚝油：适量,"1 五花肉洗净改刀切块。
2 排骨斩块。
3 将排骨和五花肉冷水下锅焯烫后洗净。
4 生姜洗净切片。
5 锅中热油放入姜片炒香。
6 放入五花肉煸炒出少许油脂。
7 放入排骨翻炒均匀。
8 加入少许蚝油，生抽，老抽。
9 翻炒均匀上色入味。
10 炒过的排骨和五花肉盛入珐琅锅里。
11 加入适量清水。
12 大火煮开后转小火1小时。
13 1小时的肉已经软烂，汁水比较多的话可以稍微收一下即可。"
663444,https://home.meishichina.com/recipe-663444.html,焖排骨,非精排：适量,葱段：适量 | 姜片：适量 | 薄荷叶：3个 | 桅子：2个（上色作用）,大料：1个 | 花椒粒：适量 | 草果：1个 | 白芷：2片 | 香叶：2片 | 桂皮：1小块 | 干辣椒：2个,"1 买了一扇排骨让店家剁的，这些不是精排，将其反复浸泡洗净。
2 将排骨下入锅中，加入葱段慢慢烧开。
3 撇去浮沫，加入料酒，煮至去生。
4 捞出备用。
5 准备各种调料。
6 锅中加入适量的食用油，放入慢火调料熬出香味。
7 加入生抽、老抽、姜片、桅子（上色)干辣椒煮5至10分钟。
8 然后倒入高压锅中压制50分钟。
9 捞出装盘，肉香宜人，薄荷叶点缀。"
663091,https://home.meishichina.com/recipe-663091.html,蒸翅根,鸡翅根：7个 | 娃娃菜叶：适量,葱姜丝：适量,生抽：1匙 | 蚝油：1匙 | 蒜蓉酱：适量,"1 鸡翅放盘里加葱姜丝，生抽，蚝油，料酒腌制。
2 取一个盘子，铺上娃娃菜叶，摆上鸡翅根，倒入蒜蓉酱，（蒜蓉酱:蒜末用油炸一下放入生抽蚝油拌均匀）。
3 放锅里大火蒸15分钟即可。"
663450,https://home.meishichina.com/recipe-663450.html,蟹黄豆腐,豆腐：500g,蟹黄酱：100g | 食用油：1勺 | 葱：适量,生抽：1匙 | 盐：适量,"1 豆腐切块，葱切碎。
2 炒锅放油烧热，放入葱花炒香。
3 放入蟹黄酱炒出香味。
4 放入豆腐，加2勺水烧开。
5 加生抽，盐中小火煮。
6 收干汤汁即可。"
663449,https://home.meishichina.com/recipe-663449.html,肉末土豆炒豆角,土豆：80g | 长豆角：150g | 肉末：80g,食用油：1匙,生抽：适量 | 盐：少许 | 蚝油：少许,"1 土豆去皮，豆角洗净切丁，用开水煮2分钟捞出来备用。肉末加生抽腌制。
2 锅里放油烧热，放入肉末翻炒变色出锅备用。
3 不再放油，直接把豆角土豆倒入锅里加盐，蚝油翻炒。
4 豆角熟透了放入炒好的肉末翻炒均匀即可出锅。"
663443,https://home.meishichina.com/recipe-663443.html,胡萝卜炒甘蓝,胡萝卜：1根 | 甘蓝：适量,蒜蓉：适量,食用油：适量 | 盐：适量 | 鸡精：适量,"1 南方小胡萝卜洗净去皮切成片，蒜蓉。
2 甘蓝切成丝状。
3 锅中放入适量的食用油烧热，下入胡萝卜片翻炒。
4 放入甘蓝丝，料酒、盐、翻炒。
5 加入蒜蓉翻炒。
6 散入鸡精即可出锅。
7 盛入盘中，做为早餐菜肴。"
663419,https://home.meishichina.com/recipe-663419.html,西蓝花虾仁糕,虾仁：8只,西蓝花：3朵 | 胡萝卜：1段,盐：少许 | 淀粉：2勺 | 葱姜末：少许,"1 食材图，西蓝花胡萝卜焯水后切碎，虾仁加葱姜末少许水放料理机里搅打成泥。
2 把胡萝卜碎放入虾仁泥里。
3 西蓝花加鸡蛋搅拌均匀，虾仁泥加淀粉搅拌成稠糊。
4 把虾仁泥放碗里抹平表面。
5 再倒入西蓝花鸡蛋液。
6 上锅大火蒸25分钟，关火后再焖5分钟出锅。
7 倒扣出锅切块即可。"
645417,https://home.meishichina.com/recipe-645417.html,芹菜炒虾仁,芹菜：1颗,虾仁：适量 | 料酒：1匙 | 淀粉：1匙,食用油：适量 | 生抽：1匙 | 盐：适量 | 蒜末：少许,"1 芹菜洗干净切段，虾仁加料酒，淀粉抓匀。
2 炒锅放油烧热，放入虾仁煸炒变色。
3 放入芹菜翻炒。
4 芹菜变软加入生抽，盐。
5 放入蒜末翻炒均匀即可。"
663412,https://home.meishichina.com/recipe-663412.html,口蘑丝瓜炒鸡蛋,口蘑：1个 | 丝瓜：1根 | 鸡蛋：1只,食用油：适量,盐：少许,"1 丝瓜去皮切片，口蘑切片焯一遍水，鸡蛋打散备用。
2 炒锅放油烧热，放入鸡蛋炒熟出锅备用。
3 炒锅放油烧热放入口蘑炒出香味。
4 放入丝瓜炒软。
5 放入鸡蛋，盐翻炒均匀。"
663082,https://home.meishichina.com/recipe-663082.html,蒸藕片,藕：1节,松鲜鲜：少许,生抽：1匙 | 蚝油：少许,"1 藕去皮切片。
2 放入松鲜鲜，生抽，蚝油。
3 搅拌均匀。
4 放入蒸锅大火蒸15分钟即可。"
663083,https://home.meishichina.com/recipe-663083.html,莴笋鸡蛋软饼,莴笋：适量 | 面粉：1勺,鸡蛋：1只 | 水：1勺,盐：少许,"1 莴笋去皮切丝，与鸡蛋一起放碗里再加水搅拌均匀。
2 放入面粉搅拌均匀成糊状。
3 稀面糊做的饼会薄一些。
4 平底锅放油烧热，放入面糊摊成小饼，中火煎至饼边卷起翻面。
5 煎至小饼熟透即可。"
663090,https://home.meishichina.com/recipe-663090.html,黄瓜炒虾滑,黄瓜：1根 | 胡萝卜：半根 | 虾仁：8个,淀粉：1勺 | 食用油：适量,生抽：适量 | 醋：少许 | 番薯酱：适量 | 水：1勺,"1 黄瓜胡萝卜去皮切丁，虾仁剁成泥，生抽，醋，番茄酱，水倒一起成料汁备用。
2 虾仁加淀粉搅拌均匀。
3 顺一个方向搅拌上劲。
4 炒锅放油烧热，放入1小勺虾仁泥小火煎成虾滑饼。
5 煎两面金黄即可出锅备用。
6 炒锅放油烧热，放入黄瓜胡萝卜炒软。
7 放入虾滑饼，倒入料汁中小火烧熟。
8 料汁收干即可出锅。
9 成品图，配米饭超好吃。"
663374,https://home.meishichina.com/recipe-663374.html,胡萝卜炒牛肉肠,胡萝卜：适量 | 俄罗斯牛肉肠：适量,蒜苗：适量,蒜：适量 | 姜：适量 | 干辣椒：适量 | 豆豉：适量,"1 一根牛肉肠。
2 胡萝卜切丝。
3 准备小料。
4 起锅烧油放姜蒜干辣椒豆豉。
5 放香肠炒香。
6 盛出备用。
7 油热放胡萝卜超软即可。
8 下肉肠。
9 放蒜苗白。
10 放蒜叶炒香。
11 撒盐翻炒均匀即可。
12 盛出。
13 出锅了。
14 开吃。"
663364,https://home.meishichina.com/recipe-663364.html,干蒸排骨,排骨：400g,豆豉：适量 | 姜片：适量 | 蒜末：适量,老抽：少许 | 生抽：适量 | 生粉：适量 | 油：适量 | 白糖：少许 | 蚝油：适量,"1 准备食材：将排骨用面粉和盐揉搓一下用水洗净，再用厨房纸擦干水分，排骨晾干。
2 用姜片、蒜末，老抽，生抽，豆豉，白糖，蚝油和生粉混合搅拌均匀，最后倒入一点食用油锁住水分，腌制35分钟。
3 锅内放个蒸垫架子，岛一碗清水，把空盘子放入煮个几分钟，待盘子热得冒气，再放入腌好的排骨。
4 排骨放入后，再蒸18分钟即可。
5 这时锅里的水都已蒸发完，排骨也蒸熟了，拿出来。
6 好吃简单的干蒸排骨就做好了。"
663359,https://home.meishichina.com/recipe-663359.html,浇汁豆腐,老豆腐：适量,辣椒面：适量,孜然粉：适量,"1 豆腐泡盐水十五分钟。
2 擦干水分。
3 中火炸六分钟。
4 煮好料汁，加淀粉水。"
663283,https://home.meishichina.com/recipe-663283.html,酸辣白菜,大白菜：适量,辣椒粉：适量 | 醋：适量 | 生抽：适量 | 葱花：适量,盐：适量,"1 白菜洗净手撕成小块。
2 锅子烧热放入适量辣椒粉。
3 放入白菜。
4 加入适量老醋。
5 放入葱花香菜。
6 调味即可。
7 开动了。"
663330,https://home.meishichina.com/recipe-663330.html,西红柿炒鸡蛋,西红柿：400g | 鸡蛋：4个,黄瓜：100g | 葱花：30g | 蒜片：20g,盐：3匙 | 味精：2匙 | 味极鲜酱油：10g,"1 西红柿黄瓜洗净。
2 水开放入锅中，微烫，去皮。
3 打好鸡蛋，切好西红柿黄瓜，准备好葱花蒜片。
4 鸡蛋打散。
5 炒好备用。
6 下入葱花蒜片炒香。
7 下入西红柿。
8 下入黄瓜片，调料调味。
9 出锅装盘。"
663327,https://home.meishichina.com/recipe-663327.html,手撕鸡,鸡腿：3个,红枣：适量 | 枸杞：适量 | 姜片：适量,白糖：适量 | 生抽：适量 | 蚝油：适量 | 辣椒粉：适量 | 白芝麻：适量 | 柠檬：适量 | 油：适量,"1 准备食材:鸡腿洗净放入盘中，盘中央扣个碗吸收汤汁，将姜片、红枣和枸杞平铺在鸡腿上。
2 放入蒸锅蒸30分钟左右。
3 接着将调料拌好。生抽两勺，白糖一勺，辣椒粉少许，蒜末适量，用热油一淋，再加入白芝麻。
4 半小时后，鸡腿蒸熟了，将鸡腿放入冰水里浸泡一会儿，用手将鸡腿撕成小条，（鸡皮不要）将调料和鸡肉一起翻拌均匀。
5 最后放入几片柠檬，再把蒸盘里的汤汁浇上即可。"
663079,https://home.meishichina.com/recipe-663079.html,青椒炒肉丝,前腿肉：适量 | 辣椒：适量,大蒜头：适量 | 大蒜叶：适量,蚝油：适量 | 味精：适量 | 盐：适量 | 花椒：适量,"1 准备食材（姜切片，肉切丝，蒜切片）。
2 青椒切碎。
3 蒜苗切碎。
4 油热油放蒜，姜爆炒肉丝炒制半熟放蚝油放青椒。
5 放调料炒至均匀放盐。
6 出锅，香喷喷。"
663303,https://home.meishichina.com/recipe-663303.html,蔬菜煎蛋,鸡蛋：3个,西兰花碎：适量 | 红尖椒碎：适量,食用油：适量 | 盐：适量,"1 红尖椒及西兰花洗净。
2 红尖椒切小碎丁西兰花只切上面绿色部分，鸡蛋打散加入适量食盐。
3 将不粘锅中放入适量的食用油烧热，倒入鸡蛋液小火煎制。
4 煎别成型从1/3处折叠。
5 取出后切成块状即可。"
663291,https://home.meishichina.com/recipe-663291.html,红尖椒拌西兰花,红尖椒：1个 | 西兰花：适量,蒜蓉：适量,生抽：适量 | 香醋：适量 | 香油：适量 | 芝麻辣椒油：适量,"1 将西兰花洗净，锅中水烧开加点盐焯西兰花。
2 加了盐焯的西兰花颜色碧绿。
3 将红椒洗净切菱形块。
4 将红尖椒快速焯水。
5 调好的拌料汁。
6 蒜蓉适量。
7 将红尖椒、西兰花、蒜蓉放入盆中。
8 再倒入准备好的料汁倒入蔬菜中拌之。
9 盛入盘中，红色尖椒搭配碧绿的西兰花颜色艳丽、口感爽口。"
579027,https://home.meishichina.com/recipe-579027.html,牛排盖饭,新鲜牛肉：3片 | 洋葱末：些许 | 西红柿切小丁：一个 | 蒜末：些许,黑胡椒粉：些许 | 黄油：适量,生抽：适量 | 蚝油：适量 | 老抽：适量 | 叉烧酱：适量 | 盐：些许 | 白糖：些许 | 姜丝：些许 | 料酒：些许 | 生粉：一点,"1 将牛肉片清洗干净滤干水份。
2 用刀背将牛肉片两面敲拍至松软。
3 放姜丝，料酒，生粉，一点盐，一点食用油抓捏均匀，腌制2小时。
4 煎锅锅热后放入黄油片融化。
5 码入腌制好的牛肉片，小火??煎至两面金黄大概8-9分熟即可。
6 盛好米饭??，码入牛排，淋上煮好的酱汁，配上蔬菜开吃啦??
7 嫩滑入味！"
663281,https://home.meishichina.com/recipe-663281.html,清炒红菜苔,益阳红菜苔：1-1.5斤,菜油：适量 | 盐：适量,,"1 红菜苔1-1.5斤摘好。
2 洗净，放到过滤网上滴干，过滤好水分。
3 锅中倒入菜油或茶油，烧热到高温，倒入滤干水的红菜苔爆炒，加入适量的食盐，翻炒到基本成熟，装出到盘中即可。"
663293,https://home.meishichina.com/recipe-663293.html,木棉花炒酱肉,酱肉：一块 | 木棉花：约400g,蒜苗：3颗 | 老姜：1小块 | 大蒜：3小瓣,菜籽油：适量 | 盐：适量 | 生抽：适量 | 味精：适量 | 花椒粒：适量 | 辣椒段：适量,"1 新鲜攀枝花，买的时候就已经去掉了花瓣的。
2 拿回家再整理一下，去掉中间的花蕾和旁边的黑色花尖尖，右边这朵整理成左边这朵的样子。
3 清洗干净，烧点水，水开后把攀枝花下锅焯水，焯两分钟左右起锅用冷水漂一下。
4 把花朵掰开成小块，备用。
5 去年做的酱肉，味道好极了，塑封起来放冰箱里的，味道一如既往的好。
6 洗净后下锅煮半小时。
7 用来炒的肉最好是稍微肥一点。
8 切薄片备用。
9 准备蒜苗，蒜瓣，老姜，蒜苗切段，蒜瓣和老姜剁碎。
10 蒜苗的干和叶分开放，再准备点干辣椒切段，几粒花椒。
11 全部准备就绪。
12 起锅烧油，少放点油，油热后酱肉下锅爆一会儿，爆出多余的油脂，但不能爆太干了。
13 下蒜末姜末和辣椒花椒，煸炒一会儿，煸出香味儿。
14 下处理好的攀枝花和蒜苗干。
15 翻炒均匀，加适量盐和生抽调味。
16 大约翻炒两三分钟左右，加蒜苗叶，合匀关火，放少许味精再次合匀起锅。
17 成品欣赏。
18 成品欣赏，味道巴适。"
663286,https://home.meishichina.com/recipe-663286.html,咸肉皱皮菜,皱皮菜：500克 | 咸肉：50克,青蒜：适量,食盐：适量 | 生抽：适量,"1 咸肉切片，煮10分钟，去除多余的盐，也好炒不至于一下就干。备用。
2 皱皮菜洗干净，备用。以上两步准备好之后就特别及其简单了。
3 先少量油炒咸肉，肉微黄后加入青蒜（没来及拍）
4 加入皱皮菜，大火翻炒3分钟。
5 加入少量盐和生抽后出锅即可。"
663155,https://home.meishichina.com/recipe-663155.html,清汤鸡火锅,鸡肉：适量,蔬菜：适量,葱：适量 | 姜：适量 | 蒜：适量 | 草果：适量 | 砂仁：适量,"1 葱姜水去腥。
2 焯水。
3 香料。
4 香料炒香。
5 放鸡肉。
6 炒至金黄。
7 加水慢炖。
8 准备大蒜。
9 出锅。
10 准备的蔬菜。
11 灵魂蘸料不能少。
12 解腻水果，开餐。"
663249,https://home.meishichina.com/recipe-663249.html,麻婆豆腐,豆腐：适量,鸡胸肉：适量 | 水：适量,郫县豆瓣酱：一勺 | 食用油：适量 | 盐：适量 | 耗油：适量 | 味精：适量 | 淀粉水：适量,"1 切鸡胸肉为肉末。
2 豆腐切块。
3 焯水。
4 起锅烧油。
5 加入郫县豆瓣酱炒出红油。
6 加入肉末。
7 加入适量的水。
8 水沸腾后加入焯好的豆腐。
9 在次沸腾时加入适量的淀粉水。
10 加入盐。
11 加入耗油。
12 最后的味精。
13 完成品。"
663247,https://home.meishichina.com/recipe-663247.html,尖椒炒肉,尖椒：两个,鸡胸肉：适量,盐：适量 | 酱油：适量 | 鸡精：适量 | 食用油：适量,"1 鸡胸肉切成片。
2 尖椒切成块。
3 起锅烧油。
4 放入鸡胸肉炒熟。
5 加入酱油。
6 加入尖椒。
7 放入味精。
8 加入盐。
9 翻炒一到两分钟即可出锅。"
663246,https://home.meishichina.com/recipe-663246.html,蘑菇炒肉,蘑菇：10颗,鸡胸肉：90g,酱油：适量 | 盐：适量 | 味精：适量 | 耗油：适量,"1 蘑菇切片，焯水。
2 放入肉丝炒熟。
3 放入酱油。
4 放入蘑菇。
5 加入盐。
6 加入鸡精。
7 加入耗油。
8 完成了。"
663234,https://home.meishichina.com/recipe-663234.html,蒸大马哈鱼块,大马哈魚块：适量,葱段：3段,食用油：适量 | 料酒：适量 | 生抽：适量 | 鸡精：适量,"1 大马哈魚比较大，切成大段。
2 洗净切成条状。
3 加入适量的料酒、生抽、食用油。
4 再放入葱段。
5 锅中水烧开后，将蒸碗放入小蒸笼上蒸10分钟。
6 出锅后将蒸魚的汤汁再倒入锅中烧开至稍粘稠，加少许鸡精，再倒回蒸魚碗中即可，颜色美观。"
662985,https://home.meishichina.com/recipe-662985.html,海参焖鸡,海参：适量 | 鸡：适量,大葱：适量 | 香菜：适量 | 姜：适量 | 胡椒粉：适量 | 生抽：适量 | 老抽：适量 | 黄豆酱：适量,盐：适量,"1 鸡肉飞水。
2 放入锅里。
3 加入适量黄豆酱。
4 加入适量生抽老抽。
5 放入海参。
6 放入大葱。
7 放入香菜。
8 调味即可。
9 开动了。"
662964,https://home.meishichina.com/recipe-662964.html,腊肠炒黄米粿,黄米粿：适量 | 腊肠：适量,生菜：适量 | 油麦菜：适量 | 葱花：适量 | 生抽：适量 | 胡椒粉：适量,盐：适量,"1 生菜切丝。
2 黄米粿切片。
3 腊肠切片。
4 锅子烧热放入腊肠。
5 放入黄米粿。
6 加入适量生抽。
7 放入生菜和葱花。
8 调味即可。
9 开动了。"
662965,https://home.meishichina.com/recipe-662965.html,鲜奶蒸蛋,鲜奶：适量 | 鸡蛋：适量,生抽：适量 | 麻油：适量,,"1 鸡蛋。
2 打散。
3 加入适量牛奶。
4 蛋液过滤网。
5 放入锅里蒸熟。
6 加入适量生抽麻油，开动了。"
663159,https://home.meishichina.com/recipe-663159.html,菜茶,生菜：适量 | 鸡蛋：适量 | 炒米：适量,胡椒粉：适量 | 姜：适量,盐：适量,"1 生菜洗净。
2 切丝。
3 炒米。
4 锅子烧热放入适量开水后打入鸡蛋。
5 放入生菜。
6 加入适量胡椒粉和盐。
7 放入炒米。
8 开动了。"
663202,https://home.meishichina.com/recipe-663202.html,红烧臭鳜鱼,臭鳜鱼：1条,肉末：适量 | 香菇：适量 | 葱姜蒜：适量 | 水淀粉：适量 | 老抽：少许 | 酱料：1包,,"1 把臭鳜鱼清洗干净，用厨房纸把水擦干，鱼身打花刀，煎至两面金黄。如果有猪油，煎鱼最好用猪油，去腥增香。
2 准备辅料。
3 用刚才煎鱼的油即可，下入肉末煸炒。
4 加入葱姜蒜煸炒。
5 加入香菇丁。
6 加入酱料，这是鱼的包装里带来的，如果没有，可以用家里现有的酱类替代，喜欢辣味可以加点小米辣。
7 酱料炒出香味，加入足量水。汤里可不用加盐，鱼本身有盐加上酱汁料的盐已足够。
8 把鱼放入锅里炖煮。
9 加少许老抽增色。
10 汤下到一半时，把鱼盛出。
11 沿锅边缓缓加入水淀粉，使汤汁增稠，出锅前加点明油增香提色。
12 最后浇在鱼上。"
663197,https://home.meishichina.com/recipe-663197.html,糯米珍珠肉丸子,猪肉馅：500g(3肥7瘦),生姜：20g | 莲藕：200g | 糯米：100g | 鸡蛋：2个,盐：1匙 | 胡椒粉：1匙 | 生抽：2勺 | 鸡精：1匙(或蘑菇精) | 芝麻油：2勺 | 葱花：少许,"1 糯米提前一晚浸泡，或者至少泡4小时。
2 准备好3肥7瘦的猪肉馅，莲藕切块，和一块生姜备用。
3 将肉馅，莲藕，生姜放进料理机，打成肉泥。
4 打进去2个鸡蛋，继续搅打一下肉馅。
5 用烧开的开水泡一下八角，等到不烫手的时候，把大葱段和生姜片放进去，用手揉捏出汁水，过滤一下，这就是拌肉馅的香料水了。
6 打好的肉馅拿出来，把香料水分3次加入肉馅中，把肉馅搅拌到把水都吃进去，搅拌上劲。
7 把盐，胡椒粉，鸡精，生抽，芝麻油放入肉馅拌匀，肉馅就调好了。
8 带上手套，沾上一些油，取一块肉馅团成丸子，放到泡好的糯米里面滚一圈，均匀沾上糯米，放进蒸锅。
9 依次做好所有丸子，蒸锅水开后蒸20分钟即可。
10 蒸好的丸子上撒上葱花，软软糯糯，清香鲜美，开吃～"
663196,https://home.meishichina.com/recipe-663196.html,酱肉炒西芹,酱肉：95克 | 西芹：220克,,盐：适量 | 味精：适量,"1 食材：酱肉（已提前蒸熟）、西芹。
2 将酱肉放在案板上切成片。
3 将西芹用削皮刀刨去筋清洗清洗捞出。
4 放在案板上切开。
5 接着，在清水锅里加适量的盐。
6 加适量的油。
7 煮开。
8 然后，下入切好的西芹焯开捞出。
9 起锅倒油烧热，下入切好的酱肉和焯好的西芹翻炒翻炒。
10 最后，加适量的盐。
11 加适量的味精。
12 调味炒匀即成。"
663108,https://home.meishichina.com/recipe-663108.html,清蒸黄花鱼,黄花鱼：1条,料酒：适量 | 白灼汁：适量 | 葱段：适量 | 葱丝：适量 | 豌豆粒：适量,食用油：适量 | 盐：适量,"1 黄花魚一条洗净去磷去内脏，切斜刀再竖切两刀。
2 魚上加入少许料酒、盐、白灼汁葱段，水烧开再放入锅中蒸制。
3 蒸制5至6分钟后倒画盘中汤汁，再加入适量的食用油及白灼汁二次入锅再蒸5至6分钟即可(这条魚不太大)。
4 加入已焯的豌豆粒、葱丝即可。"
663096,https://home.meishichina.com/recipe-663096.html,蒸白萝卜肉丸,白萝卜：一个,肥瘦相间的肉：少许 | 葱花：少许,胡椒粉：少许,"1 白萝卜洗净切成片，放入料理机中。
2 把它打成较粗的颗粒，加三勺盐拌匀，静置半小时，腌出水份。
3 肥瘦相间的肉也放入料理机，搅碎。
4 腌好的胡萝卜放在纱布或滤水袋中洗去苦水，挤干水份。放在一个大盆中，上面再放好搅好的肉，再放上少许葱花。
5 放盐，胡椒粉，芝麻油，味精，放少许蒜末姜末，把热油浇在蒜末姜末和葱花上。
6 用筷子朝一个方向搅匀。
7 买一包红薯淀粉。
8 把红薯淀粉倒一些进去，也顺着一个方向搅匀，可以多放一点粉，粉多干燥，丸子就成圆形，不容易松散。
9 把它们用手揉成圆球，放在盘子上，隔水上锅蒸熟！美味的萝卜丸子就做好。"
663095,https://home.meishichina.com/recipe-663095.html,火山土豆泥,土豆：两个,青豆丁：少许 | 胡萝卜丁：少许 | 洋葱：少许,番茄酱：少许,"1 土豆蒸熟去皮，用压泥器将其压扁，加少许的盐拌，把它弄成一个火山的形状。
2 花纹是用叉子将其往上划出。
3 将土豆泥上顶压一个小坑。
4 豌豆丁和胡萝卜先切好，我是自己切好的放到冰箱冷冻。
5 洋葱切成小粒。
6 准备好番茄酱。
7 锅里放油烧热，下入洋葱丁翻炒。
8 在倒入豌豆丁和胡萝卜丁，放一勺番茄酱，倒入冷水烧开。
9 加盐与酱油，少许白糖。
10 最后勾芡出锅淋在土豆泥上。一份美味的土豆泥就做好了。像不像一个火山？"
662925,https://home.meishichina.com/recipe-662925.html,胡萝卜腐竹焖鸡,鸡肉：适量 | 胡萝卜：适量 | 腐竹：适量,香菜：适量 | 姜：适量 | 生抽：适量 | 老抽：适量 | 胡椒粉：适量 | 黄豆酱：适量,盐：适量,"1 鸡肉斩件。
2 加入适量生抽老抽胡椒粉盐拌匀。
3 腐竹泡发。
4 胡萝卜切斜刀。
5 锅子烧热放入鸡块。
6 放入适量黄豆酱。
7 放入胡萝卜。
8 放入腐竹焖熟。
9 放入香菜，调味即可。
10 开动了。"
663070,https://home.meishichina.com/recipe-663070.html,清蒸黄花鱼,黄花鱼：1条 | 葱段：适量,料酒：适量 | 白灼汁：适量 | 芝麻辣椒油：适量 | 小葱花：适量,食用油：适量 | 盐：适量,"1 将黄花魚洗净去磷去内脏。
2 加入料酒、盐、及白灼汁葱段水开上锅蒸。
3 蒸制5至6分钟，将汤汁倒掉，注意别烫手。
4 再加入适量的食用油，白灼汁再继续蒸5至6分钟(这条黄花魚不是很大)。
5 将小葱叶切成葱花。
6 现炸的芝麻辣椒油。
7 撒入芝麻辣椒油，及小葱花即可。"
663166,https://home.meishichina.com/recipe-663166.html,碌鹅,鹅：半只（上庄）,姜蒜：适量 | 大葱：适量（缺，没放） | 八角：适量（缺，没放） | 草果：2个 | 桂皮：1小段,冰糖：适量 | 老抽：适量 | 生抽：适量 | 盐：适量,"1 一只土鹅，取上庄来碌。
2 解冻,泡净血水,沥干水分。
3 辅料准备好，八角家里没有了，灵机一动，用五香粉代替。
4 铁锅烧热，小火。鹅皮朝下，微微煸黄鹅皮。
5 鹅煸出油来了。
6 趁热抹上老抽，腌十五分钟，用工具在鹅上插孔，好入味。孔
7 铁锅烧开水，放入葱姜蒜，八角，桂皮，草果，冰糖。
8 放入腌好的鹅。
9 放盐。
10 放生抽。
11 盖上盖子，小火碌。
12 十分钟翻一次面。碌40分钟左右。
13 出锅。
14 用厨房剪刀剪成小块。
15 碌汁烧开收汁。
16 收好的汁。
17 淋一些到碌鹅中。也可以蘸。"
662518,https://home.meishichina.com/recipe-662518.html,清汤萝卜排骨,排骨：适量,萝卜：适量 | 蔬菜：适量,葱：适量 | 姜：适量 | 蒜：适量 | 八角：适量 | 草果：适量,"1 葱姜水去腥，泡十分钟。
2 萝卜切块。
3 排骨焯水。
4 过温水洗净（别用冷水洗冷水会柴）。
5 准备调味。
6 放排骨炒干水分，放至碗中调料，炒香。
7 炒至金黄放萝卜。
8 这样就可以加水啦。
9 换了一个高压锅，放点自己喜欢吃的玉米。
10 加水没过排骨，炖十分钟（加的热水，加的热水）。
11 准备蒜苗。
12 好嘞，出锅。
13 准备些小菜，吃火锅。
14 这个当然是不能少的啦。
15 蘸水调好了。
16 饭后解腻小水果。"
663161,https://home.meishichina.com/recipe-663161.html,剁椒鱼头,剁椒鱼头：1份,剁椒料：1包,油：适量 | 葱花：少许,"1 半成品解冻后洗净。
2 放入盘中抹上剁椒酱，包中自带的。
3 上火水开蒸18分钟。
4 放上葱末，浇上热油。"
663078,https://home.meishichina.com/recipe-663078.html,红烧鸡爪,鸡爪：3斤,麦芽糖：一盒 | 葱：适量 | 姜：适量 | 猪皮：2片 | 八角：适量 | 花椒：适量 | 陈皮：一个 | 香叶：2个,油：一半 | 料酒：适量 | 耗油：1勺 | 盐：适量 | 生抽：适量 | 白胡椒粉：适量,"1 鸡爪去尖尖。
2 浸泡出红水。
3 冷水下鸡爪放料酒。
4 麦芽糖。
5 葱，姜。
6 煮熟后捞出浮沫。
7 捞出后控凉水。
8 油热（小心嘭油）拿锅盖挡住，下鸡爪翻炒。
9 翻炒金黄捞出。
10 冷水浸泡皮膨胀。
11 鸡爪冷水下锅。
12 葱.姜.耗油.猪皮.八角.花椒.陈皮.香叶.等~
13 盐。
14 生抽。
15 白胡椒粉。
16 料酒。
17 小火慢炖。"
662926,https://home.meishichina.com/recipe-662926.html,娃娃菜蒸鸡,娃娃菜：适量 | 鸡：适量,生抽：适量 | 老抽：适量 | 胡椒粉：适量 | 姜：适量,盐：适量,"1 娃娃菜洗净。
2 手撕后放入大碗里。
3 鸡肉剁块。
4 加入适量生抽老抽胡椒粉盐拌匀。
5 码在娃娃菜上面。
6 蒸20分钟。
7 香菜点缀一下。
8 开动了。"
662940,https://home.meishichina.com/recipe-662940.html,生蚝煎蛋,生蚝：适量 | 鸡蛋：适量,香菜：适量 | 小葱：适量 | 生粉：适量 | 胡椒粉：适量,盐：适量,"1 生蚝洗净。
2 蒸3分钟。
3 蒸好备用。
4 加入适量生粉。
5 加入鸡蛋拌匀。
6 加入葱花香菜。
7 加入生蚝。
8 锅子烧热放入蛋液。
9 煎熟即可。
10 开动了。"
663141,https://home.meishichina.com/recipe-663141.html,辣炒扇贝粉丝,扇贝肉：200g,粉丝：2小捆 | 小尖椒：1个,生抽：1勺 | 料酒：1勺 | 蒜：一头 | 葱：少许 | 郫县豆瓣酱：1勺 | 白糖：半勺 | 盐：少许 | 胡椒粉：适量,"1 扇贝焯水1分钟，摘洗净。
2 蒜切末，葱姜切段。
3 粉丝焯水。
4 油热下入蒜花，姜丝，葱花爆香。
5 倒入郫县豆瓣酱炒香。
6 加料酒，生抽，盐，白糖，胡椒粉炒匀。
7 放入粉丝炒匀。"
662967,https://home.meishichina.com/recipe-662967.html,荞头炒老豆腐,荞头：适量 | 老豆腐：适量,辣椒酱：适量 | 大蒜：适量 | 豆豉：适量 | 生抽：适量,盐：适量,"1 荞头洗净切段。
2 锅子烧热放入老豆腐。
3 放入豆豉炒香。
4 放入荞头翻炒。
5 加入适量生抽。
6 加入适量油辣子。
7 调味即可。
8 开动了。"
663133,https://home.meishichina.com/recipe-663133.html,瓦缸果木炭烤鸡,小土鸡：2只,姜葱：些许,米酒：些许 | 奥尔良腌料：适量 | 竹盐腌料：适量 | 生抽：些许 | 老抽：些许,"1 今天看见老板卖的小土鸡太漂亮，买了几只。
2 把鸡清洗干净滤干水分，用奥尔良腌料腌了一只，竹盐腌料腌了一只。都分别加入米酒，姜葱去腥，也加些许老抽生抽调味调色。用保鲜袋放冰箱冷藏腌制一夜。
3 第二天把瓦缸用果木碳提前烧热，放入串好的鸡烤浅一面，再翻面。
4 盖上自制锅盖??果木炭用的是荔枝木??
5 偶尔看看颜色变化。
6 越来越香啦。
7 再翻翻。
8 不错，口水已流一地??
9 撕开就开干，没多久已只剩骨头。??"
663062,https://home.meishichina.com/recipe-663062.html,葱爆羊肉卷,羊肉卷：适量 | 大葱：适量,香菜：适量 | 胡椒粉：适量 | 芝麻：适量 | 姜：适量 | 生抽：适量,盐：适量,"1 羊肉卷。
2 大葱切斜刀。
3 锅子加入开水放入羊肉卷。
4 放入不动定型，飞水备用。
5 锅子烧热放入大葱姜片。
6 放入羊肉卷。
7 放入香菜，调味即可。
8 开动了。"
663120,https://home.meishichina.com/recipe-663120.html,腊肉炒酸菜,腊肉：适量 | 酸菜：适量,蒜：适量 | 辣椒：适量,油：适量 | 白糖：适量 | 酱油：适量,"1 烧一点水，把腊肉放下去稍微煮两分钟，煮一煮容易把腊肉表面的灰尘啥的去掉，切的时候也不滑溜溜油腻腻，好切，如果腊肉比较咸的话可以增加煮的时间，去除一些咸味。我自己做的腊肉不怎么咸的，就把表面一层煮熟就可以了，不追求熟透。
2 煮过的腊肉热水洗洗后切片，切的时候留意把纯肥的部分分出来，下锅时先让他们下。
3 备点蒜、辣椒。（不吃辣可以不放辣椒，喜欢辣可以加辣）
4 酸菜应该先切好的，忘了拍照了……我自己做的酸菜微微淡，所以后面用了点酱油调味，我的腊肉加了点酱油也不会太咸，一切刚刚好。
5 热锅下油。
6 把纯肥的几片腊肉先下锅炒出一部分油。
7 油出得差不多时下蒜和辣椒。
8 接着把其他腊肉也放下来翻炒。
9 腊肉基本熟了就把切好的酸菜放下来一起翻炒。
10 加点白糖、酱油翻炒均匀即可。腊肉已经炒熟了，酸菜没炒也是可以吃的，所以就是下锅调一下味，混合一下就可以了，不用久炒。"
663116,https://home.meishichina.com/recipe-663116.html,琵琶腿肉炒西芹,西芹：280克 | 鸡琵琶腿：4只,姜片：适量,酱油：适量 | 盐：适量,"1 食材：西芹、鸡琵琶腿（已清洗）、姜片。
2 将鸡琵琶腿和姜片下入清水锅中，加适量的料酒。
3 大火煮开，转中小火煮15到20分钟关火，捞出。
4 用清水过过凉。
5 随后，将过凉好的鸡琵琶腿去皮撕下肉。
6 将西芹用削皮刀刨去筋清洗清洗捞出。
7 放在案板上切开。
8 接着，换锅清水、加适量的盐。
9 加适量的油。
10 煮开。
11 下入切好的西芹焯开捞出。
12 用清水过过凉。
13 起锅倒油烧热，下入鸡琵琶腿肉、加适量的酱油。
14 加适量的盐。
15 调味翻炒翻炒。
16 然后，合入西芹翻炒翻炒即成。"
663115,https://home.meishichina.com/recipe-663115.html,油面筋炒莴笋,油面筋：80克 | 莴笋：1株,,盐：适量 | 味精：适量,"1 食材：油面筋、莴笋。
2 将莴笋掰去叶子去皮用清水清洗清洗捞出。
3 放在案板上切成片。
4 将油面筋拆开包装取出撮一个洞。
5 下入沸水锅中焯一下捞出。
6 起锅倒油烧热，下入切好的莴笋和焯好的油面筋翻炒翻炒。
7 然后，加适量的盐。
8 加适量的味精。
9 调味炒匀即成。"
663113,https://home.meishichina.com/recipe-663113.html,香菇烧冬笋,新鲜香菇：4个 | 冬笋：1株,面粉：适量 | 小苏打：适量,酱油：适量 | 盐：适量 | 零卡糖：适量,"1 食材：新鲜香菇、冬笋。
2 在新鲜香菇里加适量的面粉。
3 加适量的小苏打。
4 用清水浸泡片刻。
5 随后。将浸泡好的新鲜香菇洗净捞出。
6 放在案板上切开。
7 将冬笋剥壳切去老根清洗清洗捞出。
8 放在案板上切成厚片。
9 随后，将切好的冬笋下入清水锅中焯开捞出。
10 起锅倒油烧热，下入焯好的冬笋翻炒翻炒。
11 接着，加适量的清水煮开。
12 然后，合入切好的新鲜香菇、加适量的酱油。
13 加适量的盐。
14 加适量的零卡糖。
15 调味继续烧煮至汤汁差不多了即成。"
663112,https://home.meishichina.com/recipe-663112.html,蛋饺油菜蕻煮红薯粉条,蛋饺：165克 | 油菜蕻：245克 | 红薯粉条：110克,,盐：适量 | 味精：适量,"1 食材：蛋饺、油菜蕻、红薯粉条。
2 将红薯粉条用温水浸泡10分钟。
3 将油菜蕻清洗干净捞出。
4 将油菜蕻放在案板上切开。
5 起锅倒油烧热，下入切好的油菜蕻翻炒翻炒。
6 接着，合入蛋饺和泡好的红薯粉条，加适量的清水煮上6到7分钟。
7 然后，加适量的盐。
8 加适量的味精。
9 调味翻匀即成。"
662968,https://home.meishichina.com/recipe-662968.html,蒜蓉蒸生蚝,大蒜：适量 | 生蚝：适量,豆腐：适量 | 生抽：适量 | 胡椒粉：适量 | 花生油：适量 | 香菜：适量 | 生粉：适量,盐：适量,"1 生蚝去壳。
2 加入适量生粉洗净。
3 豆腐切片码盘。
4 生蚝码盘。
5 大蒜切碎。
6 加入适量生抽胡椒粉盐拌匀。
7 码在生蚝上。
8 蒸八分钟。
9 开动了。"
663110,https://home.meishichina.com/recipe-663110.html,烤土豆,土豆：适量,蒜蓉：适量,胡椒柠檬盐：适量,"1 小土豆洗净煮熟捞出。
2 用手压成饼状。
3 撒入适量胡椒海盐。
4 喷些油，空气炸锅200度10分钟左右翻个面继续烤10分钟。
5 两面金黄即可出锅食用，香喷喷的。"
663013,https://home.meishichina.com/recipe-663013.html,黑椒三文鱼,三文鱼：适量 | 黑椒：适量,海盐：适量,盐：适量,"1 三文鱼洗净。
2 加入适量盐腌制半小时。
3 黑胡椒磨碎加入适量盐拌匀。
4 锅子烧热放入鱼块。
5 两面煎至金黄。
6 放上黑椒盐。
7 开动了。"
663103,https://home.meishichina.com/recipe-663103.html,锅塌豆腐,老豆腐：一块,鸡蛋：一个 | 彩椒：适量 | 玉米淀粉：适量 | 蒜头：适量 | 香菜：适量,盐：适量 | 生抽：适量,"1 豆腐焯水沥干，切成三角形。
2 鸡蛋搅拌均匀。玉米淀粉准备好。
3 豆腐粘一点淀粉，再粘蛋液，放入平底锅两面煎黄。
4 煎好盛出来。
5 彩椒蒜头备好。
6 热锅冷油，放入彩椒蒜头，加盐，炒一分钟。再加生抽，炒均匀。加开水。
7 放入豆腐，焖一会儿。
8 收干水。
9 出锅。皮酥肉嫩。"
663102,https://home.meishichina.com/recipe-663102.html,蒸猪肘,猪肘：一个,姜蒜：适量 | 干辣椒丝：适量,盐：适量 | 老抽：适量 | 生抽：适量 | 豆豉：适量,"1 猪肘解冻好，泡去血水，肉切开一点，皮不要切。放入冷水锅焯水，煮三十分钟。
2 煮好捞出，用厨房纸擦干水分。趁热在皮上抹老抽。
3 再把盐，生抽，辣椒丝，姜蒜混合均匀，抹到肉缝里。腌30分钟。
4 放入高压锅蒸30分钟。
5 下气开盖。
6 装盘。
7 味道不错"
663085,https://home.meishichina.com/recipe-663085.html,红烧肉卤蛋,五花肉：800g,熟鸡蛋：适量 | 葱姜片：1勺,白糖：1勺 | 生抽，老抽：1匙 | 盐：适量 | 卤肉料包：1包,"1 五花肉凉水下锅放葱姜煮开焯一遍水。
2 炒锅放油，白糖中火炒糖色。
3 放入五花肉，葱姜翻炒。
4 放生抽，老抽，盐翻炒上色。
5 把五花肉倒入烧开水的砂锅里。
6 炖半小时后放入去皮的熟鸡蛋再继续炖半小时。"
663092,https://home.meishichina.com/recipe-663092.html,蔬菜饼,西葫芦：半个 | 胡萝卜：半个 | 青椒：半个,鸡蛋：2个 | 面粉：适量,五香粉：1匙 | 盐：适量,"1 胡萝卜西葫芦去皮切丝，青椒切碎块。
2 加鸡蛋，盐，五香粉搅拌均匀。
3 分次加面粉搅拌均匀。
4 面粉不用太多，每个菜丝上都裹上面粉即可。
5 四孔锅烧热放油，倒入面糊，中火煎。
6 煎2面金黄即可。"
662886,https://home.meishichina.com/recipe-662886.html,三纹鱼蔬菜鸡蛋饼,三文鱼：30g | 面粉：70g | 鸡蛋：1个 | 水：少许,西兰花：2朵 | 胡萝卜：30g | 山药泥：30g,盐：少许,"1 山药蒸熟碾压成泥，胡萝卜西蓝花切碎焯一遍水，三文鱼去皮切碎与鸡蛋，水混合搅拌均匀。
2 分次加入面粉搅拌均匀。
3 平底锅加热刷油，倒入面糊摊成小饼。
4 底部凝固后翻面烙熟即可出锅。"
662880,https://home.meishichina.com/recipe-662880.html,清炒白菜,白菜芯：250g,核桃油：2g,盐：1点点 | 醋：1点点,"1 白菜切碎块。
2 辅食锅里放油烧热。
3 放入白菜翻炒。
4 加盐，醋翻炒白菜软烂即可。"
663048,https://home.meishichina.com/recipe-663048.html,东北乱炖,决根粉：l春 | 大拉皮：适量,豆制品：适量 | 腐竹：一小包,自种小葱：少许 | 盐：少许 | 醋：少许 | 辣椒面：少许 | 香油：少许,"1 粉条用开水煮2分钟后捞出备用。
2 豆制品也放在热水泡发。
3 豆腐切成小块。
4 锅里加入保元汤放入所有的食材。
5 碗里放祘末辣椒面醋盐调料备用。
6 倒入锅里搅匀撒上自种的葱花关火。"
663009,https://home.meishichina.com/recipe-663009.html,祘苗炒鸡脯肉,熟鸡脯肉：适量,蒜苗：一把(自己种的),盐：少许 | 油：少许,"1 自己种的蒜苗。
2 去根留颈洗净备用。
3 切段备用。
4 锅里放油烧热。
5 下入蒜苗熟的鸡脯肉快炒。
6 加入盐少许出锅。"
662961,https://home.meishichina.com/recipe-662961.html,菜心炒花椒肠,花椒肠：适量 | 菜心：适量,生抽：适量 | 糖：适量,,"1 花椒肠切片。
2 青菜洗净分段。
3 锅子烧热放入适量开水后放入菜段。
4 放入菜叶断生备用。
5 锅子烧热放入肠煎香。
6 放入青菜后加入适量生抽。
7 调味即可。
8 开动了。"
662917,https://home.meishichina.com/recipe-662917.html,香煎红杉鱼,红杉鱼：适量,胡椒粉：适量 | 生粉：适量,盐：适量,"1 鱼洗净。
2 加入适量盐。
3 加入适量胡椒粉腌制一个小时。
4 加入适量生粉。
5 锅子烧热放入鱼。
6 小火慢慢煎至金黄。
7 两面煎好即可。
8 开动了。"
663018,https://home.meishichina.com/recipe-663018.html,葱烧海参,海参：5条,山东大葱：1个,生粉：少许,"1 海参提前发好。
2 水烧开，放入葱姜料酒与海参，氽烫二分钟。
3 大葱去葱叶，只要葱白。
4 分别切成与海参同样的段，葱段上画上花刀，为了榨油的时候方便入味。
5 锅里放入油，把葱白段放入锅中，慢慢的煎出香味，把葱白挑出。
6 海参用淀粉将其表面拍上薄薄的一层。
7 把海参放入油锅中，慢慢的煎。
8 放入葱白段，倒入开水，加少许的盐，糖，蚝油和酱油盖上锅盖，慢慢的闷一会儿。
9 最后出锅也不用勾芡了，因为刚才煎海参的时候已经有淀粉了。装盘的时候把大葱放在盘底，上面摆放好海参，最后把芡汁淋在海参上，一道山东的代表菜就做好。"
663076,https://home.meishichina.com/recipe-663076.html,水煮菜,胡萝卜：1根 | 南瓜：适量 | 甜玉米：2段 | 香干：1块 | 黑木耳：适量 | 黄豆芽：适量 | 青菜：1颗 | 红薯粉丝：适量,,盐：适量,"1 准备食材。
2 黑木耳提前用开水浸泡半个小时，然后加点面粉搓洗干净备用。
3 红薯粉清洗一下。然后用清水浸泡一会。
4 青菜黄豆芽清洗干净备用。
5 南瓜去皮清洗一下切块，甜玉米切快，香干切块，胡萝卜清洗干净去皮切块，都一起放入炖锅中。
6 黑木耳提前焯一下水，捞出沥干水分。
7 把黑木耳放入炖锅中，加入水，加盖后开大火烧开，然后转小火继续焖煮一会，至胡萝卜等熟。
8 加入红署粉丝，再加一些水，继续焖煮一会。
9 加入盐调味。
10 最后加入黄豆芽与青菜烫熟。
11 开吃。"
663069,https://home.meishichina.com/recipe-663069.html,鱼香肉丝,瘦猪肉：适量 | 蒜台：2根 | 红萝卜：一个 | 青椒：一个,郫县豆瓣：适量,生抽：1勺 | 耗油：1勺 | 白砂糖：1勺 | 陈醋：1勺 | 鸡精：半勺 | 味精：半勺,"1 猪肉红萝卜青椒切丝蒜台。
2 热油放猪肉炒熟。
3 生抽。
4 耗油。
5 郫县豆瓣酱。
6 白砂糖。
7 陈醋。
8 红萝卜加冷水炒熟。
9 青椒蒜台。
10 鸡精味精翻炒出锅。"
663066,https://home.meishichina.com/recipe-663066.html,清炒土豆丝,土豆：2个,,盐：一勺 | 鸡精：一勺 | 味精：一勺 | 陈醋：适量,"1 土豆丝过热水半熟。
2 捞出冲凉水。
3 油热?土豆丝（小火炒）。
4 盐。
5 鸡精?味精。
6 陈醋。
7 翻炒熟。
8 出锅完成。"
663054,https://home.meishichina.com/recipe-663054.html,煎金蚝,台山金蚝：250克,茶油：适量,生抽：适量,"1 冷冻的金蚝解冻，金蚝是半干的。
2 金蚝解冻好。
3 平底锅热锅冷油，中火慢煎。
4 煎至两面金黄。
5 装盘淋一点生抽。"
663053,https://home.meishichina.com/recipe-663053.html,炒猪大肠,熟猪肠：1根 | 洋葱：半个 | 蒜台：2根 | 青椒：一个,姜：2片,生抽：一勺 | 耗油：一勺 | 盐：一勺 | 鸡精味精：一勺,"1 油里放姜?洋葱?蒜台?青椒翻炒半熟。
2 熟卤猪肠。
3 生抽。
4 耗油。
5 鸡精，味精。
6 盐。
7 锅里加热水煮熟捞出。"
663044,https://home.meishichina.com/recipe-663044.html,电饼铛版梅菜扣肉,五花肉：300克 | 梅干菜：200克,生抽：15克 | 料酒：15克 | 老抽：10克 | 生姜：5克 | 小葱花：3克,五香粉：2克,"1 准备好五花肉、切成大方块，去掉皮层油脂，加入八角、生姜、料酒、葱若干煮30小时，直到筷子能扎透肉块。
2 乘热摸好老抽。有条件的整个钉耙扎扎肉皮，没条件的牙签也行，再懒一点的啥也不用做如我，抹好老抽等待冷却就行。
3 重要！将肉倒扣在电饼铛中，盖好盖子，底部加热即可。等待滋啦滋啦的声音，肉香四溢，注意火候不要煎糊了，肉皮上色，出现焦边即可。这个方法是今年偷懒的办法，前几年坐油锅，下肉，立即马上盖盖子，爆得油到处都是，搞不好还会溅到手臂上，实在对于不常做这个菜的人不太友好。但这个方法真心推荐，简单，效果也不错。
4 放凉后切成厚片，码上调料略微腌制。
5 煮肉的同时泡梅干菜。炒制之前多清洗几遍，去掉泥沙多余的盐等，抓干水分。
6 加少量油，炒制梅干菜，炒出香味即可。可加入适量五香粉，其他调料不需要。
7 一片片码入肉，铺好梅干菜，调入少量生抽、五香粉料汤，放入高压锅，上汽后蒸制20-30分钟，看个人口感。
8 蒸好后倒扣过来，撒上葱花即可。成品油亮，肉酥软，梅菜干香。"
663043,https://home.meishichina.com/recipe-663043.html,红烧牛排骨,牛排骨：3斤,葱姜蒜：适量 | 干辣椒：一个 | 炒好的糖色：适量,老抽：适量 | 生抽：适量 | 盐：适量 | 料酒：适量,"1 牛排骨洗去血水，焯水。放高压锅压13-15分钟，把牛排骨挑出来。
2 热锅冷油，放入姜蒜爆香。
3 放入牛排骨，加一个干辣椒翻炒。
4 翻炒二到三分钟。
5 加老抽，生抽，料酒翻炒一分钟。
6 加昨天炒好的糖色，翻炒2-3分钟。
7 加入一部分炖牛排骨的汤。大火烧开。
8 改中火，烧二十分钟左右。
9 改大火，准备收汁。
10 放入葱花，稍微翻炒一下。
11 出锅。"
663039,https://home.meishichina.com/recipe-663039.html,笋尖青椒炒虾仁,笋尖：2根 | 青椒：2个 | 虾仁：185克,,料酒：适量 | 酱油：适量 | 盐：适量,"1 食材：笋尖（已煮熟）、青椒（已去蒂去籽清洗）、虾仁（已清洗）。
2 将青椒放在案板上切开。
3 将笋尖放在案板上切开。
4 将虾仁放在案板上背部划开去虾线。
5 放入盘中加适量的料酒。
6 拌匀。
7 起锅倒油烧热，下入切好的青椒和笋尖翻炒翻炒至青椒断生。
8 接着，合入虾仁翻炒翻炒。
9 然后，加适量的酱油。
10 加适量的盐。
11 调味炒匀即成。"
663037,https://home.meishichina.com/recipe-663037.html,龙虾味球炒莴笋,龙虾味球：4个 | 莴笋：1根,,盐：适量 | 味精：适量,"1 食材：龙虾味球、莴笋。
2 将莴笋掰去叶子去皮清水清洗清洗捞出。
3 放在案板上切成片。
4 取出龙虾味球放在案板上。
5 切成片。
6 起锅倒油烧热，下入切好的莴笋和龙虾味球翻炒翻炒。
7 然后，加适量的盐。
8 加适量的味精。
9 调味炒匀即成。"
663035,https://home.meishichina.com/recipe-663035.html,咸菜炒花蛤肉,咸菜：208克 | 花蛤肉：180克,,料酒：适量 | 味精：适量,"1 食材：咸菜（已清洗）、花蛤肉。
2 将花蛤肉拆开包装倒入盆中用清水清洗清洗捞出。
3 放入盘中，加适量的料酒。
4 拌匀。
5 将咸菜放在案板上切碎。
6 起锅倒油烧热，下入切好的咸菜和花蛤肉翻炒翻炒。
7 然后，加适量的味精。
8 炒匀即成。"
663034,https://home.meishichina.com/recipe-663034.html,冬笋炒鸡胸肉,冬笋：1株 | 鸡胸肉：200克,玉米淀粉：适量,料酒：适量 | 酱油：适量 | 盐：适量 | 玉米油：适量,"1 食材：冬笋、鸡胸肉（已清洗）。
2 将鸡胸肉放在案板上切成片。
3 放入盘中加适量的料酒。
4 加适量的酱油。
5 加适量的盐。
6 加适量的玉米淀粉。
7 加适量的玉米油调味拌匀腌制20分钟。
8 将冬笋剥壳清洗清洗捞出。
9 放在案板上切成片。
10 随后，将切好的冬笋下入清水锅中焯上6分钟捞出。
11 起锅倒油烧热，下入腌制好的鸡胸肉翻炒翻炒。
12 接着，合入焯好的冬笋翻炒翻炒。
13 然后，加适量的酱油。
14 炒匀即可。"
663032,https://home.meishichina.com/recipe-663032.html,梅干菜烧牛尾骨,牛尾骨：3斤,梅干菜：适量 | 干红辣椒：一个 | 新鲜红辣椒：一个,盐：适量 | 老抽：适量 | 生抽：适量,"1 老黄牛的牛尾巴和牛尾巴骨，取不带皮的尾巴骨。去血水，去掉不要的油脂。放入锅中加冷水烧开焯水。
2 牛尾骨焯完水洗净沥干。放入高压锅中加多一点清水，放牛尾骨，生姜，干辣椒压30分钟。黄油多多呀！
3 牛尾巴从高压锅捞出来。
4 铁锅热锅冷油，放入姜蒜，下入泡发的梅干菜，炒一分钟。再放入牛尾骨翻炒一分钟。
5 加老抽，生抽，盐，拌匀。倒入一部压牛尾骨的汤。
6 中火烧开，改小火焖。
7 焖约十分钟，放入新鲜红辣椒，中火收汁。
8 翻拌均匀。
9 出锅，很美味的。"
663016,https://home.meishichina.com/recipe-663016.html,香菇冬笋肉丸子,冬笋：100克 | 香菇：6个 | 猪肉馅：300g | 鸡蛋：2个,生抽：适量 | 鸡精：适量 | 胡椒粉：适量 | 盐：适量 | 食用油：适量,,"1 准备好冬笋和香菇，洗净切块备用。
2 把切好块的冬笋和香菇，放进料理机打成碎颗粒。
3 绞好的香菇冬笋碎。
4 把香菇冬笋碎，放到肉馅中拌匀，生抽，盐，鸡精，胡椒粉也一起放进去拌匀，生抽本身有咸味，记得尝一下咸度再决定放多少盐。
5 打2个鸡蛋到肉馅中，一起拌匀。
6 拌好的肉馅。
7 拿小碟子装一点食用油备用。
8 锅里水烧开后转最小火，左手带好手套，沾一点食用油，抓一把肉馅，从虎口挤出丸子，右手拿勺子一刮，一个丸子就做好了。
9 用勺子把丸子放到锅里的热水中，记得一定是最小火，水是将开不开的状态，来汆烫丸子。
10 把丸子一个个下进去，生丸子是沉在水里的，慢慢的，汆烫好的丸子就会漂起来。汆丸子的水可以过滤一下，做高汤使用。
11 把漂起来的丸子捞出来即可。
12 做好了一大碗。
13 等丸子晾凉了，就可以用袋子分装起来，进冰箱冷冻，随吃随取，非常方便～"
663015,https://home.meishichina.com/recipe-663015.html,黑胡椒黄瓜炒鸡肉,黄瓜：一根 | 鸡脯肉：一块,菜籽油：适量 | 水淀粉：适量,料酒：适量 | 盐：适量 | 黑胡椒：适量 | 鸡精：适量,"1 黄瓜鸡脯肉洗净、切小方块，切块后的鸡脯肉用盐、料酒、黑胡椒腌制15至25分钟。
2 锅中倒入菜籽油，油至八成熟放入腌好的鸡脯肉，炒制9分熟。
3 加入黄瓜块翻炒，此时汁水会大量流出，加入适量鸡精、食用盐（不用太多，因为之前腌肉也有盐）继续翻炒
4 肉全熟后，加入水淀粉收汁勾芡装盘。"
662807,https://home.meishichina.com/recipe-662807.html,沙茶白萝卜牛腩,牛腩：适量 | 白萝卜：适量,姜片：适量,花生油：适量 | 沙茶酱：适量 | 蚝油：适量 | 盐：适量 | 老抽：适量,"1 牛腩改刀切块，冷水下锅焯烫出血水后洗净。
2 生姜洗净切片。
3 锅中热油放入姜片。
4 放入牛腩翻炒。
5 加入沙茶酱。
6 适量蚝油，老抽。
7 翻炒均匀上色入味。
8 加入适量清水。
9 将牛腩转入高压锅，大火煮开中小火压20分钟。
10 白萝卜去皮洗净切小块。
11 20分钟后的牛腩开盖。
12 放入白萝卜，继续盖上盖子小火压5分钟左右。
13 出锅前少许盐调味即可。"
650880,https://home.meishichina.com/recipe-650880.html,把子肉,五花肉：1000g,葱：1根 | 鸡蛋：8个 | 辣椒：6个 | 姜：1块,冰糖：1小碗 | 酱油：1小碗 | 盐：适量 | 大料：1个 | 花椒粒：少量 | 桂皮：1小段 | 香叶：4片 | 还有一些不认识的干料：各来一个粒,"1 五花肉刮净毛洗净后泡冷水时间足够的话换水再泡去腥味；
2 切1.2-1.5cm厚度；
3 五花肉还不错
4 先热锅后放油，不用放很多油中火煎五花肉，翻面时调小火，油温变很热了；
5 两面煎至金黄色；
6 放入炖锅里，我习惯下边放一个小蒸屉垫底，以免粘锅底；
7 切好备用，别忘再烧一壶开水；
8 重新起锅，还是先热锅，放油和冰糖（应该是中小火，电磁炉600和400切换操作。600搅合到起沙）；
9 改400起小泡后放入葱，瞬间挂糖出色；
10 倒入酱油；
11 颜色不错嘛，再加热水；
12 洗洗干调料，有啥放啥，喜欢啥放啥，我不喜欢浓料味，都少放一点；
13 入锅；
14 多加点水，开锅后变小火炖它一小时；
15 小火把辣椒煎软（炸也可以）备用；
16 鸡蛋炸成虎皮状；
17 炸好和肉一起炖好入味儿；
18 一小时后放辣椒咕嘟十来分钟；
19 出锅；
20 软糯香……"
662974,https://home.meishichina.com/recipe-662974.html,红焖牛内脊,牛内脊肉：1条,葱段：适量 | 姜片：适量,桂皮：1小块 | 大料：1个 | 草果：1个 | 白芷：3片 | 香叶：2片 | 陈皮丝：少许 | 花椒粒：适量 | 盐：适量,"1 牛内脊肉反复洗干净，再浸泡出血水(多次换水)，凉水下锅。
2 锅里放入葱段、姜片、焯水至熟捞出。
3 准备适量香料。
4 锅中放入适量的食用油烧热，下入香料小火炒制。
5 炒出香味，加入适量的生抽、老抽、盐。
6 下入焯水的牛内里脊肉烧开煮10分钟。
7 再放入高压锅中压制10至15分钟（各家高压锅不同)。
8 压制好的牛内脊肉可以适当焖制、浸泡颜色很美观。
9 将浸泡好的牛内脊肉取出装盘，香气浓郁、诱人食欲。
10 第一次买这种牛肉，很香、很好吃。"
663010,https://home.meishichina.com/recipe-663010.html,家常爆炒糯米笋,糯米笋：2000g,葱段：3颗 | 小米辣：6颗 | 蒜头：10颗,油：3勺 | 酱油：2勺 | 蚝油：2勺 | 白醋：2勺,"1 先将蒜头和小米辣切小，葱切成段，蒜头可以多切一些，爆炒起来比较香。
2 糯米笋先焯水，水烧开放入糯米笋煮30秒左右，用冷水投洗两遍，沥干水。
3 锅热下凉油，油热后再下蒜头和小米辣爆香。
4 蒜头变黄，放入糯米笋大火炒，需要爆炒2分钟左右，中途需要持续翻炒，让糯米笋可以受热均匀，吃起来口感会比较脆。
5 先加入1勺蚝油和两勺酱油翻炒一下30秒左右。
6 再加入一勺蚝油翻炒30秒左右，开小火沿锅边加入两勺白醋，开大火爆炒30秒，后把葱段加入翻炒10秒，之后出锅装盘。"
662998,https://home.meishichina.com/recipe-662998.html,胡萝卜炒甘蓝,甘蓝：适量 | 紫胡萝卜：适量,蒜片：适量,食用油：适量 | 料酒：适量,"1 将紫胡萝卜洗净去皮，切成片状。
2 甘蓝切成丝，蒜切成片待用。
3 锅中放入食用油烧热，先炒胡萝卜。
4 再加入甘蓝、料酒、盐快速翻炒。
5 加入鸡精即可出锅。"
662929,https://home.meishichina.com/recipe-662929.html,青椒炒花蛤肉,青椒：适量,花蛤肉：适量,花生油：适量 | 蚝油：适量 | 盐：适量,"1 花蛤肉提前解冻。
2 青椒洗净去籽后切小块。
3 锅中水烧开放入花蛤肉，煮开一分钟后捞出备用。
4 锅中热油放入花蛤肉。
5 大火快速翻炒。
6 放入花蛤肉，翻炒均匀。
7 少许蚝油，盐调味。
8 大火快速翻炒均匀入味即可。"
662802,https://home.meishichina.com/recipe-662802.html,砂锅焗斑鱼,斑鱼：适量,洋葱：适量 | 蒜头：适量 | 生姜：适量 | 葱花：适量,花生油：适量 | 玉米淀粉：适量 | 生抽：适量 | 蚝油：适量 | 老抽：适量 | 盐：适量,"1 斑鱼清洗干净备用。
2 生姜切片。
3 将斑鱼改刀切块。
4 加入姜片，玉米淀粉，蚝油，生抽，老抽，适量盐。
5 抓拌均匀腌制半小时左右。
6 蒜头，姜粒备用。
7 洋葱洗净改刀切细。
8 砂锅热油放入蒜头和姜粒炒香。
9 放入洋葱。
10 把鱼摆放在砂锅里。
11 喜欢吃干身的就不加水。
12 盖上盖子小火焗至鱼肉断生。
13 这个是加了水的。"
662801,https://home.meishichina.com/recipe-662801.html,紫苏焖鸭,鸭：适量,紫苏叶：适量 | 生姜：适量,花生油：适量 | 蚝油：适量 | 老抽：适量 | 生抽：适量 | 盐：适量,"1 生姜洗净切片。
2 鸭子冷水下锅焯烫出血水后洗净。
3 锅中热油放入姜片炒香。
4 放入鸭肉。
5 大火快速翻炒。
6 加入适量蚝油，生抽，老抽，盐。
7 翻炒均匀上色入味。
8 加入适量清水。
9 大火煮开转小火焖45分钟左右。
10 紫苏叶洗净备用
11 鸭肉焖软烂入味收一下汁。
12 放入紫苏叶，大火煮开至断生即可。"
662800,https://home.meishichina.com/recipe-662800.html,酸菜炖排骨,排骨：适量 | 东北酸菜：适量,葱花：适量,花生油：适量 | 盐：适量,"1 生姜洗净切片。
2 排骨冷水下锅焯烫出血水后洗净备用。
3 酸菜清水洗净备用。
4 排骨放入珐琅锅里。
5 加入适量清水。
6 大火煮开转小火45分钟左右。
7 锅中热油放入酸菜。
8 大火翻炒炒干水份。
9 45分钟后排骨已经炖的很软烂了。
10 放入炒过的酸菜。
11 盖上继续中小火15-20分钟左右即可。
12 出锅前试下咸淡后再调味。"
662957,https://home.meishichina.com/recipe-662957.html,香菇菜心,干香菇：少许,上海青：适量,蚝油：少许,"1 上海青洗净，对半切开。水开下烫二至三分钟，捞出！
2 锅烧热放油，下入大蒜粒。
3 倒入上海青放入食盐翻炒。
4 把上海青放入盘中，叶子朝中间摆好造型。
5 锅中在次放油，下入蒜粒。
6 把水发香菇放入锅中，加盐，蚝油，生抽与少许开水，用小火至入味。
7 将香菇勾薄芡，把香菇摆放在菜心中间，淋上芡汁即可出锅！"
662958,https://home.meishichina.com/recipe-662958.html,番茄肉丸粉丝煲,番茄：2个 | 猪肉丸：适量 | 牛肉丸：适量,粉丝：两小把,胡椒粉：少许 | 葱：少许,"1 龙口粉丝用自来水泡软化。
2 把爱吃的丸子提前化冻。
3 姜切丝，红辣椒切圈，蒜切粒。
4 番茄切成丁。
5 取一砂锅，里面加适量油烧热，下蒜子粒姜丝与辣椒圈炒香。
6 倒入番茄将，把番茄炒绵软。
7 放入开水，下入丸子，先盖上盖煮至丸子熟透。
8 放入粉丝，加盐，胡椒粉，蚝油，味精，煮至粉丝熟，即可开吃！
9 最后出锅撒上葱花。冷冷的冬天，吃上一锅，可暖和了！"
662750,https://home.meishichina.com/recipe-662750.html,洋葱炒肥牛,洋葱：适量 | 肥牛：适量,葱花：适量,花生油：适量 | 黑椒酱：适量,"1 肥牛提前解冻备用。
2 洋葱洗净切细。
3 锅中水开放入肥牛卷，焯烫变色后捞出。
4 锅中热油放入洋葱。
5 大火翻炒至干身一些。
6 放入肥牛卷。
7 放入黑椒酱。
8 大火快速翻炒均匀即可出锅。"
662983,https://home.meishichina.com/recipe-662983.html,红椒香干炒大白菜梗,大白菜梗：246克 | 香干：95克 | 红椒：45克,,酱油：适量 | 盐：适量 | 味精：适量,"1 食材：大白菜梗（已清洗）、香干、红椒（已清洗）。
2 将红椒和香干分别放在案板上切开。
3 将大白菜梗放在案板上切开。
4 起锅倒油烧热，下入切好的大白菜梗翻炒翻炒。
5 接着，合入切好的红椒和香干翻炒翻炒。
6 然后，加适量的酱油。
7 加适量的盐。
8 加适量的味精。
9 调味炒匀即成。"
662982,https://home.meishichina.com/recipe-662982.html,油豆条大白菜芯煮红薯粉条,油豆条：84克 | 大白菜芯：340克 | 红薯粉条：110克,小苏打：适量,酱油：适量 | 盐：适量 | 味精：适量,"1 食材：油豆条、大白菜芯、红薯粉条。
2 将红薯粉条用温水浸泡10分钟。
3 将大白菜芯掰开加适量的小苏打。
4 加入清水浸泡片刻。
5 随后，将浸泡好的大白菜芯清洗清洗捞出。
6 放在案板上切开。
7 起锅倒油烧热，下入切好的大白菜芯翻炒翻炒。
8 接着，合入油豆条加适量的酱油。
9 加适量的清水煮开煮开。
10 然后，合入泡好的红薯粉条翻动翻动煮上5到6分钟。
11 最后，加适量的盐。
12 加适量的味精。
13 调味翻匀即成。"
662981,https://home.meishichina.com/recipe-662981.html,大葱炒鱿鱼须,鱿鱼须：260克 | 大葱：1根,姜片：适量 | 郫县豆瓣酱：适量,料酒：适量 | 酱油：适量 | 零卡糖：适量 | 味精：适量,"1 食材：鱿鱼须、大葱、姜片、郫县豆瓣酱。
2 将大葱去根清洗清洗捞出。
3 放在案板上切开。
4 将鱿鱼须拆开包装清洗清洗捞出。
5 将姜片搁入清水锅中煮开。
6 随后，下入鱿鱼须加适量的料酒。
7 焯上10几秒捞出。
8 起锅倒油烧热，下入切好的大葱翻炒翻炒。
9 接着，合入焯好的鱿鱼须加适量的郫县豆瓣酱。
10 加适量的酱油。
11 加适量的零卡糖。
12 加适量的味精。
13 调味炒匀即成。"
662885,https://home.meishichina.com/recipe-662885.html,蒸西葫芦萝卜菜团子,西葫芦：1个,胡萝卜：半个 | 面粉：适量,盐：少许,"1 西葫芦胡萝卜洗干净切丝，用腌腌出多余的水分
2 攥干水分，放入面粉搅拌均匀。
3 面粉不用太多，每个菜丝上粘满即可。
4 用手轻轻攥成团放蒸锅里大火蒸15分钟即可。"
662717,https://home.meishichina.com/recipe-662717.html,羊肚菌蒸排骨,排骨：适量,羊肚菌：适量,花生油：适量 | 生抽：适量 | 蚝油：适量 | 老抽：适量 | 玉米淀粉：适量,"1 排骨切块。
2 羊肚菌清水洗净备用。
3 排骨清水浸泡出血水洗净。
4 加入适量玉米淀粉，蚝油，生抽，老抽。
5 抓拌均匀后少许花生油。
6 放入羊肚菌。
7 拌匀后腌制入味备用。
8 腌入味的排骨摆放入碗里。
9 冷水上高压锅，大火压15分钟左右。
10 出锅前少许葱花即可。"
662949,https://home.meishichina.com/recipe-662949.html,炒茄子,茄子：4根 | 青椒：2个,蒜：2个,盐：少许 | 生抽：少许,"1 旺火油多一点，翻炒茄子，加入少许盐，炒至茄子变软。
2 倒入青椒，加入少许生抽继续翻炒。
3 青椒短暂炒香，加入蒜末炒香马上出锅。"
662948,https://home.meishichina.com/recipe-662948.html,剁椒鱼头年糕,花鲢鱼头：1个,水磨年糕：1条 | 剁椒：2-3勺 | 生姜：4-6片,料酒：3勺 | 生抽：3-4勺 | 色拉油：2大勺,"1 鱼头清理干净，放上姜片，用料酒去腥。年糕切片备用。
2 水烧开后隔水蒸8-10分钟。
3 关火后倒掉过多的汁水。
4 用油爆香剁椒。
5 蒸好的鱼淋上生抽。
6 再铺上爆香的剁椒即可。"
662944,https://home.meishichina.com/recipe-662944.html,酱鸡蛋,鸡蛋：适量,葱花：适量,花生油：适量 | 玉米淀粉：适量 | 生抽：适量 | 蚝油：适量 | 盐：适量 | 鸡精：适量 | 醋：适量,"1 鸡蛋打入碗中。
2 加入少量清水，搅拌均匀。
3 碗中适量生抽，蚝油，醋，玉米淀粉，盐，鸡精。
4 加入适量清水搅拌均匀备用。
5 锅中热油。
6 倒入蛋液。
7 煎成饼皮状后用锅铲轻推开，旋转着推开着煎，直至鸡蛋煎好。
8 鸡蛋煎至微微金黄。
9 倒入提前准备好的调料。
10 大火煮开转中小火焖5分钟左右入味收汁。"
662936,https://home.meishichina.com/recipe-662936.html,荷兰豆炒腊肠,荷兰豆：400g,腊肠：二个 | 酸菜：适量 | 蒜苗：一颗,鸡精：适量 | 鱼露：适量,"1 腊肠切片。
2 酸菜和蒜苗。
3 腊肠和蒜苗先下锅炒约10秒，再放荷兰豆，加适量的水一起炒，约2分钟，放入酸菜再炒二分钟，加包尾油即可。
4 完成。"
662716,https://home.meishichina.com/recipe-662716.html,红烧猪尾巴,猪尾巴：适量,生姜：适量,花生油：适量 | 生抽：适量 | 蚝油：适量 | 老抽：适量 | 冰糖：适量,"1 猪尾巴备用。
2 将猪尾巴冷水下锅焯烫后洗净。
3 锅中热油放入姜片炒出香味。
4 放入猪尾巴翻炒。
5 加入少许蚝油，生抽，老抽。
6 翻炒均匀上色。
7 将炒过的猪尾巴转入高压锅中，加入少许冰糖。
8 高压锅大火煮开上汽后中小火压15分钟后收汁即可。"
662691,https://home.meishichina.com/recipe-662691.html,羊肚菌鱼胶乌鸡汤,乌鸡：适量,羊肚菌：适量 | 鱼胶：适量,盐：适量,"1 鱼胶和羊肚菌备用。
2 乌鸡冷水下锅焯烫出血水后洗净备用。
3 乌鸡放入锅中。
4 放入洗净的鱼胶和羊肚菌。
5 加入适量清水。
6 大火煮开转小火。
7 转小火后继续煲1小时。
8 出锅前少许盐调味即可。"
662690,https://home.meishichina.com/recipe-662690.html,沙茶肥牛粉丝煲,肥牛：适量 | 红薯粉：适量 | 千张：适量 | 金针菇：适量,葱花：适量,花生油：适量 | 蚝油：适量 | 沙茶酱：适量 | 盐：适量,"1 肥牛卷提前解冻备用。
2 红薯粉提前泡发一下。
3 金针菇去除根部后洗净。
4 千张洗净切小段。
5 碗中加入沙茶酱。
6 加入适量蚝油，盐。
7 加入清水搅拌均匀。
8 锅中铺上金针菇。
9 放入千张。
10 放入红薯粉条。
11 放入肥牛卷。
12 淋上酱汁。
13 加入适量清水。
14 盖上大火煮开。
15 煮至肥牛卷变色。
16 搅拌均匀加入少许葱花即可。"
662890,https://home.meishichina.com/recipe-662890.html,蒜苔炒肉,蒜苔：1把 | 木耳：6朵 | 胡萝卜：1段 | 肉丝：100g,大蒜：1瓣,盐：0.5g | 糖：2g | 白胡椒粉：1g | 酱油：0.5勺 | 玉米淀粉：0.5勺 | 食用油：1勺 | 以上是腌肉用??：适量 | 蚝油，盐（0.5克）：0.5勺,"1 准备主要食材蒜苔切段，木耳提前泡发，胡萝卜切片。
2 肉丝中加盐，糖，白胡椒粉，酱油，玉米淀粉，少量清水，混合搅拌，直到水分全部吸收，加入食用油腌制15分钟以上。
3 木耳胡萝卜焯水一分钟捞出来备用。
4 锅中放油，肉丝煸炒变色，一勺料酒去腥，盛出来。
5 留少许底油蒜片炸香。
6 倒入食材翻炒，根据口味放盐，蚝油最后十几秒放肉丝，翻炒片刻出锅。
7 最后十几秒放肉丝，翻炒片刻出锅。
8 蒜苔炒肉制作完成。
9 肉丝软嫩蒜苔清脆很下饭的家常菜。"
662889,https://home.meishichina.com/recipe-662889.html,红烧肉,五花肉：700g,姜：1块 | 葱：1段 | 桂皮：1个 | 香叶：1片 | 八角：1个 | 花椒：8粒 | 啤酒：0.5罐,冰糖：10粒 | 盐：2-3g | 料酒：2勺,"1 准备五花肉切块，凉水下锅，放葱姜料酒去腥，焯水3分钟捞出来温水冲洗干净。
2 锅中放少量底油，五花肉煸炒出部分油脂，可解油腻。
3 如图：煸炒表面微发黄即可。
4 留少量油，冰糖化开熬制糖色，注意用最小火，颜色变枣红色就行。
5 放五花肉翻炒上糖色。
6 加半罐啤酒，适量热水，盐，红烧酱油，冰糖，花椒香叶八角桂皮，炖煮50-60分钟，也可以用高压锅压30分钟。
7 最后大火适量收汁，红烧肉制作完成。
8 肥而不腻，软糯入味。"
662649,https://home.meishichina.com/recipe-662649.html,上汤豌豆苗,豌豆苗：适量 | 皮蛋：适量,肉沫：适量,花生油：适量 | 盐：适量,"1 绞碎的肉沫备用。
2 皮蛋去壳清洗后改刀切块。
3 豌豆苗清水洗净备用。
4 锅中热油放入肉沫炒干水份。
5 放入皮蛋一起翻炒。
6 加入适量清水。
7 大火煮开煮至汤色奶白，少许盐调味。
8 放入豌豆苗。
9 大火煮开即可出锅。"
662848,https://home.meishichina.com/recipe-662848.html,香煎带鱼,带鱼中段：5段,蒜蓉：适量,食用油：适量 | 生抽：适量 | 料酒：适量 | 盐：适量 | 鸡精：适量,"1 新鲜带魚洗净，切成相等的段。
2 之前将其晾至无水再小火煎制。
3 两面都煎好，再加入料酒，生抽、盐开水。
4 收汁。
5 出锅前加入蒜蓉，鸡精即可。
6 香煎带魚，颜色金黄、营养丰富、老少皆宜。"
662876,https://home.meishichina.com/recipe-662876.html,葱香桂鱼,桂鱼：适量 | 大葱：适量,姜：适量 | 胡椒粉：适量 | 生抽：适量,盐：适量,"1 桂鱼洗净。
2 加入适量盐胡椒粉抹匀。
3 葱丝香菜备好。
4 锅子加入适量水煮沸。
5 放入鱼，大火蒸10分钟。
6 换靓碟，另起锅爆香葱丝，淋在鱼上。
7 开动了。"
662871,https://home.meishichina.com/recipe-662871.html,麻辣藕片,莲藕：适量,红油：适量 | 花椒油：适量 | 小葱：适量 | 生抽：适量 | 老醋：适量 | 芝麻：适量,盐：适量,"1 莲藕去皮洗净。
2 切片。
3 放入锅里飞水。
4 捞出来放凉。
5 另取碗放入适量生抽老醋红油花椒油小葱芝麻拌匀。
6 放入藕片里拌匀。
7 开动了。"
662650,https://home.meishichina.com/recipe-662650.html,青椒炒牛肉,牛肉：适量,青椒：适量,花生油：适量 | 玉米淀粉：适量 | 老抽：适量 | 盐：适量 | 蚝油：适量,"1 牛肉洗净改刀切薄片。
2 加入适量玉米淀粉，老抽，蚝油抓拌均匀。
3 适量花生油抓匀锁住水份备用。
4 青椒洗净切块。
5 锅中热油放入牛肉。
6 将牛肉炒至七八成熟盛出。
7 锅中热油放入青椒。
8 大火快速翻炒。
9 少许盐调味。
10 炒至青椒八成熟左右。
11 放入牛肉。
12 大火快速翻炒均匀即可。"
662863,https://home.meishichina.com/recipe-662863.html,红焖土猪肉,土猪肉：适量 | 胡萝卜：适量,姜：适量 | 生抽：适量 | 老抽：适量 | 黄豆酱：适量 | 桂皮：适量 | 黄冰糖：适量 | 胡椒粉：适量,盐：适量,"1 材料如下。
2 胡萝卜切斜刀。
3 锅子烧热放入黄冰糖，炒融后放入适量开水。
4 土猪肉飞水备用。
5 放入土猪肉。
6 放入材料。
7 加入适量生抽老抽胡椒粉。
8 加入适量黄豆酱。
9 猪肉捞出来切块。
10 放入胡萝卜焖熟，调味即可。
11 开动了。"
662864,https://home.meishichina.com/recipe-662864.html,龙虾味球鳕鱼肠炒鸡蛋,鸡蛋：3只 | 鳕鱼肠：3根 | 龙虾味球：3只,香葱：适量,料酒：适量 | 盐：适量,"1 食材：鸡蛋、鳕鱼肠、龙虾味球、香葱。
2 取出龙虾味球和鳕鱼肠放在案板上。
3 分别切碎。
4 放入碗中。
5 接着，打入鸡蛋、加适量的料酒。
6 加适量的盐。
7 加入香葱。
8 调味拌匀。
9 起锅倒入油烧热，下入龙虾味球和鳕鱼肠蛋液。
10 翻炒翻炒成块即成。"
662852,https://home.meishichina.com/recipe-662852.html,虾仁炒西兰花,鲜虾：8只 | 西兰花：半颗,姜：1片 | 蒜：1个,盐：1-2g | 糖：2g | 白胡椒粉：1g | 料酒或者米酒：1勺 | 玉米淀粉：0.5勺,"1 准备鲜虾八只，西兰花适量，姜蒜少许。
2 西兰花焯水一分钟捞出来备用。
3 鲜虾去壳去虾线片开，加盐，糖白胡椒粉，玉米淀粉腌制一下。
4 锅中放少许油，大蒜姜片炸香，虾仁煸炒变色。
5 放西兰花，少量清水，少许盐，糖调味。
6 翻炒片刻出锅。
7 很鲜，清淡的一道菜，营养简单。"
662616,https://home.meishichina.com/recipe-662616.html,虾皮肉沫白萝卜,白萝卜：适量 | 虾皮：适量 | 干贝：适量 | 肉沫：适量,葱花：适量,花生油：适量 | 盐：适量,"1 适量肉沫备用。
2 适量干贝清水清洗备用。
3 适量虾皮备用。
4 白萝卜去皮洗净切条。
5 锅中热油放入肉沫。
6 翻炒均匀炒干水份。
7 放入白萝卜。
8 翻炒均匀。
9 加入适量清水。
10 放入干贝。
11 放入虾皮。
12 大火煮开转中小火焖，将白萝卜焖断生后少许盐调味即可。"
662844,https://home.meishichina.com/recipe-662844.html,盐水迟菜心,迟菜心：适量,油：适量,盐：适量,"1 迟菜心洗净分段。
2 梗，叶分开。
3 锅子加入水烧沸，放入适量花生油。
4 放入适量盐。
5 放入菜梗煮三分钟。
6 放入菜叶煮软。
7 留一点水加入一勺盐，融化后淋在菜上。
8 即可摆桌。
9 开动了。"
659470,https://home.meishichina.com/recipe-659470.html,鸡头米豌豆炒虾仁,虾：适量,豌豆：适量 | 鸡头米：适量,姜：适量 | 料酒：适量 | 油：适量 | 盐：适量 | 淀粉水：适量 | 鸡精：适量,"1 新鲜的虾，去壳去头去虾线。
2 虾仁加入料酒，姜片腌一会儿。
3 青豆下开水煮熟，再过一下凉水。
4 鸡头米下锅烫一下，捞出来控干。
5 锅中烧热油，倒入姜片，虾仁炒至变色。
6 倒入鸡头米和青豆一起翻炒。
7 加入盐，鸡精调味。
8 淋入水淀粉。
9 翻炒均匀出锅。
10 青豆鸡头米炒虾仁。"
662818,https://home.meishichina.com/recipe-662818.html,姜葱炒生蚝,生蚝：适量 | 姜：适量 | 葱：适量,香菜：适量 | 胡椒粉：适量 | 生粉：适量 | 生抽：适量 | 红辣椒：适量,盐：适量,"1 生蚝洗净。
2 材料如下。
3 香菜小葱切段。
4 水煮沸放入生蚝后关火浸20秒。
5 取出来加入适量生粉拌匀。
6 锅子烧热放入姜辣椒。
7 放入生蚝煎至金黄。
8 放入小葱香菜。
9 加入适量生抽胡椒粉即可。
10 开动了。"
662814,https://home.meishichina.com/recipe-662814.html,大肉排骨,大肉排骨：2根 | 玉米：2节,莲藕：1根 | 胡萝卜：2根 | 白苹邦子：5片,蒜苔：少许 | 盐：少许 | 胡椒粉：少许,"1 胡萝卜洗净去皮，一切两半。
2 切成小块备用。
3 自己种的蒜苗切成小节。
4 藕去皮洗净。
5 切成小片。
6 白菜帮子洗净。
7 改刀切成片。
8 砂锅里加水烧放入大肉排骨，藕片。
9 白菜帮子。
10 胡萝卜块。
11 白菜邦子下入锅里黑木耳转小火在煮半小时。
12 放入蒜苗。
13 蒜苗放在上面。"
662813,https://home.meishichina.com/recipe-662813.html,烩油条,油条：适量,油麦菜：适量 | 鸡蛋：适量 | 姜：适量 | 生抽：适量 | 胡椒粉：适量,盐：适量,"1 油麦菜切丝。
2 油条切小段。
3 锅子烧热放入适量开水后放入鸡蛋。
4 放入油麦菜。
5 放入油条。
6 调味即可。
7 开动了。"
662811,https://home.meishichina.com/recipe-662811.html,半煎煮仓鱼,仓鱼：300g,姜：适量 | 蒜头：适量 | 西红柿：适量,豆酱：适量 | 鸡精：适量,"1 仓鱼解刀。
2 把仓鱼煎到金黄，起锅待用。
3 蒜头煎黄。
4 放入姜丝炒匀，把仓鱼放入锅中。
5 放入豆酱适量，注意豆酱自带咸味，要适量加入豆酱的量。
6 完成。"
662526,https://home.meishichina.com/recipe-662526.html,韭菜炒花蛤肉,花蛤肉：适量,韭菜：适量,猪油：适量 | 盐：适量,"1 花蛤肉提前解冻备用。
2 锅中水烧开，放入花蛤肉焯水后盛出备用。
3 韭菜摘洗洗净备用。
4 将韭菜改刀切段。
5 锅中加入猪油。
6 放入花蛤肉翻炒。
7 放入韭菜。
8 少许盐调味。
9 大火快速翻炒。
10 炒至断生即可出锅。"
662806,https://home.meishichina.com/recipe-662806.html,蔬菜淮山球,淮山：适量,胡萝卜：适量 | 香芹：适量 | 胡椒粉：适量 | 芝麻：适量,盐：适量,"1 淮山去皮蒸熟。
2 香芹切碎。
3 胡萝卜切碎。
4 断生后取出来。
5 淮山压成泥。
6 分别放入适量盐胡椒粉。
7 加入胡萝卜香芹碎。
8 团成丸子，放上芝麻。
9 开动了。"
662525,https://home.meishichina.com/recipe-662525.html,花蛤肉煎蛋,花蛤肉：适量 | 鸡蛋：适量,香菜：适量,花生油：适量 | 盐：适量,"1 花蛤肉提前解冻备用。
2 锅中水烧开，放入花蛤肉焯水。
3 焯好后盛入碗中。
4 打入鸡蛋。
5 少许盐调味搅拌均匀。
6 喜欢香菜香葱的可以加一些进去。
7 锅中热油，倒入蛋液。
8 煎至两面金黄即可。"
662792,https://home.meishichina.com/recipe-662792.html,番茄冬瓜,番茄：2个 | 冬瓜：1/2个,生姜丝：少量,白糖：1勺 | 盐：1匙 | 番茄酱：适量 | 色拉油：1大勺 | 清水：少量,"1 番茄去蒂、改刀切小块。冬瓜去皮，切厚块。生姜切丝。
2 热油爆香生姜丝。
3 接着放入番茄，加入白糖和少量清水，翻炒。
4 待番茄变软并出沙后，放入冬瓜。
5 加入精盐，翻炒均匀，盖上锅盖，中小火焖煮。
6 待冬瓜变软后，倒入少量番茄酱调味。
7 熟透入味后出锅。"
662791,https://home.meishichina.com/recipe-662791.html,彩椒鱿鱼,全切鱿鱼：250g | 薄皮青椒：1颗 | 红色彩椒：1颗 | 黄色彩椒：1颗,咸肉：2片,色拉油：1大勺 | 精盐：1.5匙 | 黑胡椒碎：少量 | 料酒：少量,"1 青椒、彩椒去蒂、去籽，洗净切条。咸肉切薄片，改刀切丝（忘了拍照）。全切鱿鱼须改刀、洗净，用料酒腌制去腥。
2 薄片青椒和咸肉用热油先爆香。
3 之后放入彩椒和鱿鱼，料酒一并倒入。
4 加入盐和黑胡椒碎翻炒、入味。
5 全熟入味后起锅。
6 彩椒的鲜甜、咸肉的咸香和鱿鱼的鲜香杂糅在一起，味道很丰富。"
662788,https://home.meishichina.com/recipe-662788.html,萝卜丝焖板鸭,板鸭：适量 | 萝卜：适量,香菜：适量 | 姜：适量 | 胡椒粉：适量 | 辣椒酱：适量,盐：适量,"1 板鸭。
2 萝卜去皮。
3 切丝。
4 香菜切段。
5 锅子放入板鸭煮半小时。
6 放入萝卜丝。
7 放入香菜。
8 调味即可。
9 开动了。"
662787,https://home.meishichina.com/recipe-662787.html,生蚝炖蛋,生蚝：适量 | 鸡蛋：适量,胡椒粉：适量 | 麻油：适量,盐：适量,"1 生蚝。
2 取出来洗净。
3 鸡蛋打入盆里。
4 锅子加入适量水，放入鸡蛋。
5 放入生蚝。
6 小火炖7分钟左右加入适量胡椒粉盐。
7 加入适量麻油即可。
8 开动了。"
662773,https://home.meishichina.com/recipe-662773.html,咸鱼蒸鸡蛋,咸鱼：144克 | 鸡蛋：2只,,料酒：适量,"1 食材：咸鱼（已清洗）、鸡蛋、料酒。
2 将已清洗的咸鱼用剪刀剪开放入盘中。
3 接着，加适量的料酒。
4 打入鸡蛋。
5 然后，放入炒锅里。
6 盖上盖、开锅搁水蒸15分钟关火。
7 开盖取出。"
662770,https://home.meishichina.com/recipe-662770.html,油豆条鸭血羹,鸭血：360克 | 油豆条：57克,香葱：适量 | 水淀粉：适量,酱油：适量 | 盐：适量 | 味精：适量,"1 食材：鸭血、油豆条、香葱、水淀粉。
2 将油豆条放在案板上切碎。
3 将鸭血拆开包装取出，用清水清洗清洗捞出。
4 放在案板上切成小块。
5 起锅倒油烧热，下入切好的鸭血翻炒翻炒。
6 接着，合入切好的油豆条加适量的清水。
7 煮上5分钟。
8 然后，加适量的酱油。
9 加适量的盐。
10 加适量的味精。
11 加入水淀粉。
12 调味勾芡，盛出。
13 最后，搁入香葱即成。"
662774,https://home.meishichina.com/recipe-662774.html,大葱魔芋结炒鸭血,魔芋结：230克 | 鸭血：360克 | 大葱：1根,,酱油：适量 | 盐：适量 | 味精：适量,"1 食材：魔芋结、鸭血、大葱。
2 将大葱去根清洗清洗捞出。
3 放在案板上切开。
4 将鸭血拆开包装放入盆中用清洗清洗捞出。
5 放在案板上切成块。
6 将魔芋结拆开包装，和切好的鸭血一起下入沸水锅中焯上5分钟后捞出。
7 起锅倒油烧热，下入切好的大葱翻炒翻炒。
8 接着，合入焯好的魔芋结和鸭血翻炒翻炒。
9 然后，加适量的酱油。
10 加适量的盐。
11 加适量的味精。
12 调味炒匀即成。"
662497,https://home.meishichina.com/recipe-662497.html,口蘑酿虾滑,口蘑：适量,虾滑：适量,花生油：适量 | 蚝油：适量 | 盐：适量 | 玉米淀粉水：适量,"1 半成品虾滑提前解冻。
2 口蘑去蒂洗净备用。
3 将虾滑酿入口蘑里面。
4 锅中热油，将口蘑下锅。
5 中小火煎虾滑那一面。
6 煎至金黄后翻过另一面煎一下。
7 加入适量清水。
8 适量蚝油，盐调味。
9 大火煮开至入味。
10 出锅前少许淀粉水勾芡即可。"
662772,https://home.meishichina.com/recipe-662772.html,猪油渣炒油菜蕻,猪油渣：140克 | 油菜蕻：420克,,盐：适量 | 味精：适量,"1 食材：猪油渣、油菜蕻。
2 将油菜蕻清洗清洗捞出。
3 放在案板上切成段。
4 起锅倒油烧热，下入切好的油菜蕻翻炒翻炒。
5 接着，合入猪油渣、加适量的清水。
6 翻炒翻炒至油菜蕻菜梗熟软。
7 然后，加适量的盐。
8 加适量的味精。
9 调味炒匀即成。"
662769,https://home.meishichina.com/recipe-662769.html,油豆条烧青椒,油豆条：102克 | 青椒：5个,,酱油：适量 | 盐：适量 | 零卡糖：适量 | 味精：适量,"1 食材：油豆条、青椒。
2 将青椒去蒂去籽清洗清洗捞出。
3 放在案板上切开。
4 起锅倒油烧热，下入切好的尖椒煎至两面有些金黄。
5 接着，合入油豆条加适量的清水。
6 加适量的酱油。
7 加适量的盐。
8 加适量的零卡糖。
9 调味烧煮开。
10 然后，烧煮至汤汁差不多了青椒熟软，加适量的味精。
11 炒匀即成。"
662763,https://home.meishichina.com/recipe-662763.html,小茴香煎鸡蛋,小茴香：适量 | 鸡蛋：适量,水：适量,盐：适量,"1 花盆种的小茴香。
2 洗净后切碎。
3 打入鸡蛋。
4 加入适量盐，拌匀。
5 锅子烧热放入蛋液。
6 两面煎至金黄。
7 码盘即可。
8 开动了。"
662760,https://home.meishichina.com/recipe-662760.html,蕉芋粉丝浸肉丸,萑芋粉丝：适量 | 肉丸：适量,葱花：适量 | 黄豆酱：适量 | 生抽：适量 | 芝麻：适量,盐：适量,"1 肉丸。
2 蕉芋粉丝浸水。
3 丸子放入锅里。
4 放入适量黄豆酱。
5 粉丝倒干净水。
6 放入锅里煮熟。
7 调味即可。
8 开动了。"
662759,https://home.meishichina.com/recipe-662759.html,蒜蓉姜丝蒸板鸭,板鸭：适量,姜：适量 | 大蒜：适量 | 辣椒酱：适量 | 葱花：适量,,"1 板鸭。
2 一分四后放入热水浸泡半小时。
3 高压锅蒸25分钟。
4 取出来斩小件码盘。
5 分别放入姜丝蒜蓉和辣子。
6 放入锅里蒸十分钟。
7 放上葱花即可。
8 开动了。"
662752,https://home.meishichina.com/recipe-662752.html,咕噜虾仁,虾：适量,菠萝：适量 | 红椒：适量 | 青圆椒：适量,花生油：适量 | 小酥肉粉：适量 | 鸡蛋：适量 | 番茄酱：4勺 | 白糖：2勺 | 白醋：适量 | 玉米淀粉：适量 | 清水：适量,"1 将虾去壳去虾线后洗净。
2 将虾仁开一下背。
3 虾仁加入少许胡椒粉抓拌均匀。
4 青椒和红椒洗净切块。
5 菠萝切块备用。
6 碗中放入番茄酱，白砂糖，玉米淀粉，白醋。
7 加入适量清水搅拌均匀。
8 虾仁加入小酥肉粉。
9 打入鸡蛋。
10 抓拌均匀裹上面粉。
11 锅中热油放入虾仁，中小火炸至金黄捞出。
12 再把虾仁大火复炸。
13 锅中热油放入彩椒翻炒。
14 放入菠萝翻炒。
15 倒入调好的酱汁。
16 大火煮开搅拌均匀。
17 倒入炸好的虾仁，大火快速翻炒均匀即可。"
662735,https://home.meishichina.com/recipe-662735.html,鸡蛋炒蔬菜,孢子甘蓝：适量 | 鸡蛋：2个,西红柿：1个,食用油：适量 | 料酒：适量 | 生抽：适量 | 盐：适量 | 鸡精：适量,"1 打入2个富硒鸡蛋。
2 将孢子甘蓝、草莓西红柿洗净再切。
3 锅中放入适量食用油，放入鸡蛋炒(不宜高火)，再盛出。
4 放入孢子甘蓝、西红柿、适量的料酒、少许生抽、盐翻炒。
5 再倒入炒好的鸡蛋、鸡精翻炒出锅。
6 出锅的鸡蛋炒蔬菜颜色漂亮(一绿一黄一红)，富有营养"
662737,https://home.meishichina.com/recipe-662737.html,香芹胡萝卜炒肉末,胡萝卜：适量 | 肉末：适量 | 香芹：适量,生抽：适量 | 姜：适量 | 胡椒粉：适量,盐：适量,"1 胡萝卜切丝。
2 芹菜切段。
3 锅子烧热放入肉末。
4 加入适量生抽炒香。
5 放入胡萝卜丝。
6 放入香芹炒熟。
7 调味即可。
8 开动了。"
662724,https://home.meishichina.com/recipe-662724.html,冬笋肉片炒黄米糕,冬笋：适量 | 瘦肉：适量 | 黄米糕：适量,生粉：适量 | 生抽：适量 | 胡椒粉：适量 | 糖：适量 | 香菜：适量 | 萝卜：适量 | 胡萝卜：适量,盐：适量,"1 黄米糕切片。
2 冬笋切片飞水备用。
3 瘦肉切片加入适量生抽生粉胡椒粉糖盐拌匀。
4 腌制15分钟。
5 胡萝卜切花飞水备用。
6 萝卜切丝。
7 锅子烧热放入肉片后放入萝卜丝。
8 放入冬笋。
9 放入黄米糕翻炒。
10 放入胡萝卜。
11 调味即可。
12 开动了。"
662481,https://home.meishichina.com/recipe-662481.html,番茄牛仔骨,牛仔骨：适量,番茄：适量 | 洋葱：适量 | 葱花：适量,花生油：适量 | 蚝油：适量 | 生抽：适量 | 盐：适量,"1 牛仔骨用厨房纸巾擦干水份备用。
2 番茄洗净切块。
3 洋葱洗净切细备用。
4 锅中热油放入牛仔骨。
5 煎至两面微焦。
6 珐琅锅热油放入洋葱炒香。
7 放入番茄翻炒。
8 将煎过的牛仔骨放入锅中。
9 加入适量蚝油，生抽，盐。
10 加入适量清水。
11 大火煮开转小火焖半小时左右入味。"
662738,https://home.meishichina.com/recipe-662738.html,莲藕丝炒肉末,莲藕：适量 | 肉末：适量,胡萝卜：适量 | 生抽：适量 | 姜：适量 | 胡椒粉：适量 | 香菜：适量,盐：适量,"1 莲藕切丝。
2 胡萝卜切丝。
3 肉末炒散。
4 加入适量生抽姜炒香。
5 放入胡萝卜丝。
6 放入莲藕丝。
7 放入香菜后调味即可。
8 开动了。"
661420,https://home.meishichina.com/recipe-661420.html,芋头蒸排骨,排骨：适量 | 芋头：适量,姜：适量 | 生抽：适量 | 黄豆酱：适量 | 胡椒粉：适量,盐：适量,"1 排骨飞水。
2 小芋头去皮切半。
3 锅子烧热放入排骨煎香。
4 加入小芋头煎香。
5 加入适量生抽老抽胡椒粉黄豆酱盐炒入味。
6 码盘蒸40分钟即可。
7 开动了。"
662723,https://home.meishichina.com/recipe-662723.html,冬笋炒肉片,冬笋：适量 | 瘦肉：适量,胡萝卜：适量 | 香菜：适量 | 荆芥：适量 | 生抽：适量 | 胡椒粉：适量 | 生粉：适量,盐：适量,"1 冬笋切片飞水备用。
2 材料如下。
3 胡萝卜切花。
4 瘦肉切片。
5 加入适量生粉生抽胡椒粉糖盐拌匀。
6 锅子烧热放入肉片。
7 放入笋片。
8 放入胡萝卜。
9 调味即可。
10 开动了。"
662696,https://home.meishichina.com/recipe-662696.html,红烧羊蝎子,羊蝎子：适量,生抽：适量 | 黄豆酱：适量 | 黄冰糖：适量 | 姜：适量 | 胡椒粉：适量 | 香菜：适量 | 葱花：适量 | 荆芥：适量,盐：适量,"1 羊蝎子煮45分钟。
2 取出来备用。
3 锅子烧热放入黄冰糖。
4 放入羊蝎子炒糖色。
5 加入适量生抽老抽。
6 加入适量黄豆酱。
7 加入适量胡椒粉焖至收汁。
8 放入荆芥，调味即可。
9 放上香菜碎。
10 开动了。"
662412,https://home.meishichina.com/recipe-662412.html,鸭子烧魔芋,鸭肉：适量 | 魔芋：适量,姜片：适量 | 葱花：适量,花生油：适量 | 生抽：适量 | 蚝油：适量 | 老抽：适量 | 盐：适量,"1 鸭肉冷水下锅焯烫出血水后洗净。
2 适量生姜切片。
3 魔芋改刀切块备用。
4 锅中热油放入姜片炒香。
5 放入鸭肉翻炒均匀。
6 加入适量蚝油，生抽，老抽，盐。
7 翻炒均匀上色入味。
8 加入适量清水。
9 将鸭肉转入珐琅锅中。
10 大火煮开盖上焖30分钟左右。
11 30分钟后放入魔芋。
12 继续焖15分钟左右。
13 出锅前大火收汁即可。"
662667,https://home.meishichina.com/recipe-662667.html,扣肉（腐乳肉）,五花肉：2斤,黄酒：少许 | 蚝油：半勺 | 大葱白：一段 | 姜：4片 | 生抽：两勺 | 老抽：一勺,八角：一颗 | 花椒：少许 | 干辣椒：半个 | 盐：少许,"1 凉水放入大块五花肉，加入料酒、姜片，开锅后煮两分钟捞出，用干净温水冲干净浮沫备用。
2 锅中新加开水，放入冲洗过的五花肉，放入老抽一勺、生抽两勺、蚝油半勺，加入花椒、八角、花椒、干红辣椒如图，大葱白一小段、滴入2-3滴白酒调香、加盐、味精少许，开锅后转小火慢慢炖二十分钟左右，以筷子可以插入为准，不能太烂，不然不好切片。
3 捞出来晾凉备用。
4 凉透后切成0.5厘米厚的肉片（放凉才好切）。
5 一块半红腐乳加入半勺老抽、一勺生抽、一勺腐乳汤、少许淀粉，加适量温开水搅成糊。
6 一片片蘸好调料汁，猪皮向下码放整齐，准备上锅蒸。
7 上锅蒸时要在碗上盖个盖子，以免水蒸气流进去，蒸四十分钟。
8 将碗上盖一个盘子，快速倒扣将肉放入盘中，一碗喷香流油的腐乳肉就做好啦，强烈推荐馒头切片夹着吃，巨香！"
662706,https://home.meishichina.com/recipe-662706.html,海参焖鸡,海参：适量 | 鸡：适量,姜：适量 | 生抽：适量 | 老抽：适量 | 胡椒粉：适量 | 大葱：适量,盐：适量,"1 鸡腿鸡翅分段。
2 飞水备用。
3 海参备用。
4 大葱切大片。
5 锅子烧热放入鸡块煎至金黄。
6 放入适量生抽老抽。
7 放入海参焖熟。
8 调味即可。
9 开动了。"
662710,https://home.meishichina.com/recipe-662710.html,黑燕麦羊奶窝蛋,黑燕麦：适量 | 羊奶粉：适量 | 鸡蛋：适量,开水：适量,,"1 材料如下。
2 取适量黑燕麦。
3 加入开水焖5分钟。
4 另起锅加入适量开水后放入鸡蛋，小火定型。
5 加入羊奶粉。
6 加入荷包蛋。
7 拌匀即可。
8 开动了。"
662712,https://home.meishichina.com/recipe-662712.html,酸菜土豆丝烩豆腐,酸菜：半棵 | 土豆：2个 | 豆腐：半勺,辣椒油：1勺,食用油：适量 | 花椒粉：适量 | 葱花：适量,"1 腌好的酸菜用温水洗净，攥干水分，切成小块备用。
2 土豆去皮后用扁的擦子擦成丝用冷水淘洗一下去掉表面淀粉。
3 半块豆腐，小时候我妈妈都是自己用豆面和成糊糊煮开，然后用浆水点住，用笼屉布过滤后做成的懒豆腐。
4 锅里不放油先把酸菜炒一下。
5 将酸菜放在锅边，锅底倒油，油热后放花椒面和葱花，然后翻炒均匀，倒水没过酸菜2指高。
6 码上淘洗后的土豆丝。
7 上面再放捏碎的豆腐，放适量盐。
8 大火烧开转小火煮约五六分钟，这个时间不确定，保证土豆丝熟了就可以了，关火翻拌均匀后就可以吃了。
9 这是成品，特别好吃哦。"
662709,https://home.meishichina.com/recipe-662709.html,小韭菜煎蛋,韭菜：适量 | 鸡蛋：适量,胡椒粉：适量,盐：适量,"1 韭菜切碎。
2 放入盆里。
3 打入鸡蛋。
4 加入适量盐拌匀。
5 锅子烧热放入蛋液。
6 两面煎至金黄。
7 装盘即可。
8 开动了。"
662693,https://home.meishichina.com/recipe-662693.html,素菜砂锅,豆腐：100克,油麦菜：1棵 | 海鲜菇：100克,保元汤：|碗 | 小葱：适量 | 自家种小祘苗：少许,"1 小海鲜菇去根清洗干净。
2 油白菜洗净切成小段备用。
3 木耳泡发洗净备用。
4 豆腐冼一下切成小方块。
5 放入玉米半个。及豆腐下如砂锅同煮。
6 下入木耳一起炖20分钟。
7 成品图，点一点小葱开吃。"
662695,https://home.meishichina.com/recipe-662695.html,蒙古烤羊小腿,羊小腿：适量,烧烤料：适量 | 芝麻：适量 | 葱花：适量 | 香菜：适量 | 生抽：适量,盐：适量,"1 羊小腿煮45分钟。
2 捞出来备用。
3 材料如下。
4 锅子烧热放入羊小腿。
5 加入适量生抽。
6 加入适量烧烤料烤香取出来。
7 放上芝麻。
8 香菜点缀。
9 开动了。"
662698,https://home.meishichina.com/recipe-662698.html,香菇鸡块,干香菇：5-6朵 | 鸡胸肉：1块,盐：适量 | 玉米淀粉：适量 | 葱花：适量 | 水：适量 | 蘑菇精或鸡精：适量 | 芝麻油：少许 | 胡椒粉：适量 | 生抽：适量 | 食用油：适量 | 蚝油：适量,,"1 干香菇提前用水泡发，泡香菇的水，不要倒掉，留下来备用。
2 鸡胸肉切块，放入少许胡椒粉，芝麻油，生抽腌制10分钟，泡好的香菇切块，泡香菇的水，葱花，都准备好备用。
3 热锅倒入少许食用油，下入鸡块翻炒至变色。
4 加入香菇一起翻炒一下。
5 加入泡发香菇的水，老抽少许调色，蚝油少许，蘑菇精或鸡精少许，生抽少许，尝一下咸淡，再决定要不要加盐，煮到水滚，咕嘟个2分钟。
6 调入少许淀粉水，勾个芡即可，汤汁拌饭极好吃鲜美。"
662396,https://home.meishichina.com/recipe-662396.html,洋葱炒肥牛卷,肥牛卷：适量,洋葱：适量,花生油：适量 | 盐：适量 | 蚝油：适量 | 老抽：适量,"1 肥牛卷提前解冻备用。
2 洋葱洗净切细备用。
3 锅中水烧开放入肥牛卷，焯烫变色后夹出。
4 锅中热油放入洋葱。
5 翻炒出香味。
6 放入肥牛卷。
7 加入适量盐，蚝油，老抽。
8 大火快速翻炒均匀入味即可。"
662688,https://home.meishichina.com/recipe-662688.html,蘑菇炒肉,香菇：适量 | 肉：适量,蒜片：适量 | 小米辣：适量,生抽：适量 | 淀粉：适量 | 耗油：适量 | 胡椒粉：适量 | 食用油：适量,"1 肉切片用半勺胡椒粉、半勺料酒、一勺生抽、一小勺盐、一勺淀粉、一勺食用油抓匀腌制10分钟。
2 香菇切片，水开焯3分钟捞出备用。
3 油热下肉片炒熟。
4 然后放入蒜片小米辣(小米辣根据个人口味适量添加)。
5 再放入控干水分的香菇翻炒。
6 加入一少耗油、三勺生抽、盐适量。
7 翻炒均匀出锅。"
662673,https://home.meishichina.com/recipe-662673.html,醋溜娃娃菜,娃娃菜：适量,香醋：适量 | 生抽：适量 | 葱花：适量,盐：适量,"1 娃娃菜洗净手撕。
2 叶子分开放。
3 调料如图。
4 锅子烧热放入娃娃菜。
5 略炒软后放入叶子，再加入一勺猪油。
6 炒熟后放入适量生抽老醋。
7 放入葱花，调味即可。
8 开动了。"
662411,https://home.meishichina.com/recipe-662411.html,彩椒炒大肠,卤大肠：适量,红椒：适量 | 黄椒：适量 | 洋葱：适量,花生油：适量 | 盐：适量,"1 卤好的大肠晾凉改刀切块。
2 红椒洗净去籽切块。
3 黄椒洗净切块备用。
4 洋葱洗净切块备用。
5 锅中热油放入肥肠炒干水份，可以炒至微焦状态。
6 锅中热油放入彩椒和洋葱。
7 翻炒均匀炒至快断生。
8 肥肠回锅。
9 少许盐调味。
10 大火快速翻炒均匀即可出锅。"
662682,https://home.meishichina.com/recipe-662682.html,湖北肉糕,梅头肉：450克 | 红薯粉：100克 | 鱼肉：适量,鸡蛋：2个,葱姜水：适量 | 盐：6克 | 胡椒粉：适量 | 鸡精：适量,"1 葱姜水备好，鱼肉剁成茸，梅头肉剁碎。
2 红薯粉加少量水溶解。
3 将鱼茸放入溶解的红薯粉中搅拌均匀。
4 再放入剁碎的梅头肉。
5 加蛋清，盐，鸡精，胡椒粉。
6 搅拌均匀。
7 顺时针搅拌，多次加入葱姜水，搅拌上劲。
8 将肉糊放入抹油的容器中，用勺子抹平。
9 放入蒸锅中蒸60分钟。
10 抹蛋黄液，再蒸五分钟。然后再抹一次，再蒸五分钟。
11 出锅。
12 冷却切片。
13 煮白菜，番茄都很好吃。"
662676,https://home.meishichina.com/recipe-662676.html,青椒摊鸡蛋,鸡蛋：3个,青椒：1个,食用油：适量 | 盐：适量,"1 打入3个鸡蛋。
2 将青椒洗净，切碎粒。
3 锅中放入适量的食用油烧热，将鸡蛋打散加入青椒碎、适量的盐搅拌均匀，下入锅中煎制，翻面煎熟即可。
4 青椒摊鸡蛋颜色美观，口味鲜香、营养丰富。"
662672,https://home.meishichina.com/recipe-662672.html,竹笋炒鸡丝,鸡胸肉：250g | 竹笋：100g,青椒：30g | 红椒：30g | 葱：5g | 姜：5g,花生油：适量 | 盐：适量 | 料酒：少许 | 水淀粉：少许,"1 新鲜竹笋。
2 竹笋洗净。
3 切丝。
4 焯水，捞出，放入盘中，备用。
5 鸡胸肉洗净。
6 切丝。
7 青椒、红椒去蒂、去子，洗净切丝。
8 葱切段，姜切片，备用。
9 先把鸡丝加盐、料酒、水淀粉拌匀，腌渍备用。锅置火上，倒油烧热，爆香葱段、姜片，放入鸡丝炒散。再加笋丝、青椒丝、红椒丝翻炒，加适量水盖盖焖至将熟，加盐调味即可。
10 出锅装盘。
11 鲜嫩美味可口。"
662657,https://home.meishichina.com/recipe-662657.html,手撕大白菜粉皮炖扇骨,扇骨：适量 | 大白菜：适量 | 粉皮：适量,葱花：适量 | 姜：适量 | 胡椒粉：适量,盐：适量,"1 扇骨飞水放入锅里煮半小时。
2 大白菜手撕后分开。
3 叶子一份。
4 粉皮泡发。
5 放入大白菜帮。
6 放入叶子。
7 放入粉皮煮熟。
8 调味即可。
9 开动了。"
662669,https://home.meishichina.com/recipe-662669.html,黄金蛋饼,鸡蛋：适量,生粉：适量 | 水：适量,盐：适量,"1 打入鸡蛋。
2 打散后放入水淀粉。
3 加入适量盐拌匀。
4 锅子烧热放入蛋液。
5 中火煎定型。
6 定型后将蛋液划到底部。
7 两面煎至金黄。
8 滑入盘里。
9 开动了。"
662603,https://home.meishichina.com/recipe-662603.html,炖食蔬,土豆：1个 | 胡萝卜：1根 | 山药：1根,孢子甘蓝：适量 | 豆腐干：2个 | 蒜蓉：适量,食用油：适量 | 生抽：适量 | 料酒：适量 | 盐：适量 | 鸡精：适量,"1 将食材洗净切好，锅中放入适量的食用油烧热下入土豆、山药、胡萝卜、生抽、料酒、盐先炖煮，八分熟再下入豆腐干丁。
2 然后放入孢子甘蓝一同炖煮。
3 放入蒜蓉，鸡精翻炒即可出锅。
4 盛入盘中，不同食材，不同口味、营养丰富。"
662651,https://home.meishichina.com/recipe-662651.html,牛肉炖豆腐,熟牛肉：适量,豆腐：100克 | 保元汤：1碗,盐：少许 | 自制钙粉：2克 | 大葱：适量,"1 买的豆腐洗净切块。
2 熟牛肉备用。
3 锅里加入保元汤放入熟牛肉。
4 放入豆腐块。
5 下入葱花一起炖。
6 拌匀。
7 加入盐和自制钙粉搅匀。
8 收干汤汁。"
662363,https://home.meishichina.com/recipe-662363.html,牛筋焖土豆,牛筋：适量,八角：适量 | 桂皮：适量 | 香叶：适量 | 姜片：适量,牛油火锅底料：适量 | 花生油：适量 | 生抽：适量 | 蚝油：适量 | 老抽：适量,"1 牛筋提前解冻备用。
2 将牛筋冷水下锅焯烫后洗净备用。
3 香料提前准备好备用。
4 焯好的牛筋放入高压锅，放入香料，蚝油，生抽，老抽和清水，高压锅中火压30分钟。
5 压好的牛筋有时间可以浸泡一下更入味。
6 牛筋改刀切块。
7 土豆去皮洗净切滚刀块。
8 锅中热油放入火锅底料炒香。
9 放入牛筋。
10 翻炒均匀入味。
11 加入适量清水。
12 放入土豆，大火煮开转小火焖。
13 煮至土豆断生，煮熟的土豆粉粉糯糯。"
662362,https://home.meishichina.com/recipe-662362.html,白贝焖鱼头,鱼头：适量 | 白贝：适量,姜片：适量 | 香菜：适量 | 大葱：适量,花生油：适量 | 蚝油：适量,"1 鱼头洗净备用。
2 白贝洗净备用。
3 大葱和香菜洗净备用。
4 锅中热油放入鱼头。
5 煎至两面金黄。
6 加入适量清水。
7 适量蚝油调味。
8 大火煮开转小火焖入味。
9 放入白贝。
10 将白贝煮至全部开口。
11 放入大葱和香菜焖煮断生即可出锅。"
662664,https://home.meishichina.com/recipe-662664.html,竹笋炒豆角,豆角：300g | 竹笋：200g,红辣椒：20g | 姜：5g | 蒜：5g | 纯净水：适量,花生油：适量 | 盐：少许 | 鸡精：少许,"1 新鲜竹笋，备用。
2 竹笋洗净，切片。
3 锅置火上，加水烧开，放竹笋焯一下。
4 捞起。
5 放入盘中。
6 豆角去筋，洗净，掰成段。
7 锅置火上，加水烧开，放豆角焯一下，捞起。
8 放入盘中。
9 姜和蒜切片，备用。
10 红辣椒洗净，切段，备用。
11 锅置火上，放油烧热，放入姜片、蒜片、红辣椒段炒香，再放入豆角、笋片炒熟，最后加入盐、鸡精调味即可。
12 盛入盘中。
13 降脂的山中美味。"
662642,https://home.meishichina.com/recipe-662642.html,蒜香小油菜,小油菜：适量,大蒜：适量 | 猪油：适量,盐：适量,"1 小油菜洗净。
2 大蒜切片。
3 锅子烧热放入一勺猪油。
4 放入大蒜片。
5 放入小油菜翻炒。
6 加入适量盐调味。
7 装盘即可。
8 开动了。"
662319,https://home.meishichina.com/recipe-662319.html,大白菜炖排骨,大白菜：适量 | 排骨：适量,粉条：适量 | 粉皮：适量 | 姜：适量 | 胡椒粉：适量,盐：适量,"1 大白菜切丝。
2 排骨洗净飞水备用。
3 粉条粉皮泡发。
4 锅子烧热放入排骨炒香。
5 加入适量开水后放入大白菜煮软。
6 放入粉条。
7 放入粉皮煮熟调味即可。
8 开动了。"
662631,https://home.meishichina.com/recipe-662631.html,腐竹蒸莲藕牛肉丸,牛肉：适量 | 腐竹：适量 | 莲藕：适量,生抽：适量 | 生粉：适量 | 胡椒粉：适量 | 黑木耳：适量 | 姜：适量 | 荆芥：适量 | 葱花：适量 | 黑胡椒：适量,盐：适量,"1 莲藕剁碎。
2 姜剁碎。
3 牛肉剁碎。
4 葱花切碎。
5 加入适量生抽胡椒粉糖盐生粉拌匀。
6 揉成丸子。
7 腐竹飞水备用。
8 黑木耳飞水备用。
9 铺入盘中。
10 码上丸子蒸20分钟即可。
11 开动了。"
662607,https://home.meishichina.com/recipe-662607.html,手撕大白菜肉片汤,大白菜：适量 | 瘦肉：适量,姜：适量 | 胡椒粉：适量 | 葱花：适量,盐：适量,"1 瘦肉切片。
2 大白菜洗净。
3 手撕大片。
4 菜帮备好。
5 锅子烧热放入大白菜。
6 放入菜叶。
7 放入肉片，加入适量开水焖熟即可。
8 开动了。"
662628,https://home.meishichina.com/recipe-662628.html,淮山莲藕夹,淮山：适量 | 莲藕：适量,黑胡椒：适量 | 胡椒粉：适量 | 生粉：适量 | 生抽：适量 | 老抽：适量 | 红糖：适量,盐：适量,"1 淮山去皮蒸熟。
2 莲藕去皮切片。
3 淮山压起泥，放入适量盐胡椒粉拌匀。
4 放入莲藕片中。
5 压实，铺上生粉。
6 准备好了。
7 锅子烧热放入莲藕夹煎至金黄。
8 放入适量开动，加入生抽老抽糖胡椒粉焖至收汁。
9 码盘后撒上黑胡椒粉即可，开动了。"
662635,https://home.meishichina.com/recipe-662635.html,炒冬鲜,冬菜：适量 | 冬笋：适量,红萝卜：适量 | 豆干丝：适量 | 蒜苗：适量,盐：适量 | 油：适量 | 酱：适量 | 味精料酒：适量,"1 准备食材。
2 切丝准备。
3 准备。
4 冬笋丝焯水。油温高，入锅炒，炒到水分少，至少二分钟。
5 加红萝卜丝，炒一分钟。
6 加豆干丝。
7 盐一勺，因为冬菜本身是咸口的。
8 加少许酱油。
9 一定要来些辣椒??
10 料酒。
11 最后来蒜苗和辣椒配色。
12 味精可要可不要。
13 好吃到暴。"
662296,https://home.meishichina.com/recipe-662296.html,牛筋焖白萝卜,牛筋：适量 | 白萝卜：适量,姜片：适量 | 八角：适量 | 桂皮：适量 | 香叶：适量,生抽：适量 | 蚝油：适量 | 老抽：适量 | 盐：适量,"1 超市买的牛筋解冻。
2 牛筋加入香料冷水下锅焯烫后洗净。
3 八角，桂皮，香叶，姜片备用。
4 牛筋放入高压锅中，加入生抽，老抽，盐和准备好的香料，再加入适量清水，高压锅中火压30分钟左右。
5 压好的牛筋看一下软烂程度，看是否需要加长时间。
6 白萝卜去皮洗净切滚刀块。
7 牛筋改刀切块。
8 切好后放入高压锅中，倒入原汤和适量清水。
9 放入白萝卜。
10 高压锅煮开中小火5分钟左右即可。
11 出锅前少许盐调味即可。"
662619,https://home.meishichina.com/recipe-662619.html,酱焖手撕大白菜,大白菜：适量,黄豆酱：适量 | 胡椒粉：适量 | 葱花：适量,盐：适量,"1 大白菜手撕片。
2 菜叶分开。
3 锅子烧热放入菜梗翻炒。
4 放入菜叶。
5 加入适量黄豆酱焖熟。
6 放入葱花。
7 调味即可。
8 开动了。"
662308,https://home.meishichina.com/recipe-662308.html,牛肉虾滑冒菜,牛肉：适量 | 虾滑：适量 | 莲藕：适量 | 魔芋：适量 | 莴笋：适量,蒜末：适量 | 香菜：适量,花生油：适量 | 盐：适量 | 牛油火锅底料：适量 | 玉米淀粉：适量 | 老抽：适量 | 蚝油：适量,"1 牛肉洗净切薄片。
2 牛肉洗净切薄片。
3 加入玉米淀粉，蚝油，老抽。
4 适量花生油抓匀锁住水份备用。
5 莴笋去皮切块，莲藕切片（莲藕忘记拍了）。
6 魔芋切块。
7 锅中热油放入火锅底料炒香。
8 加入适量清水煮开。
9 少许盐调味。
10 放入莲藕。
11 放入莴笋。
12 放入魔芋，煮一分钟左右。
13 煮好后捞出盛入碗中。
14 虾滑舀成球放入锅中。
15 煮好的虾滑舀入碗里。
16 牛肉下锅烫熟。
17 烫好后放入碗中。
18 加入蒜末。
19 淋上热油激发出香味。
20 放入香菜即可。"
662586,https://home.meishichina.com/recipe-662586.html,南乳藕片,莲藕：一段,南乳汁：少许,蚝油：少许 | 白糖：少许,"1 莲藕去头尾，去皮，切薄片。
2 水锅里烧开，倒入莲藕片，氽烫两三分钟捞出。
3 把藕片立刻放入冷水中冷却，这样更脆。
4 南乳两块用勺子压平，倒点南乳汁搅匀。
5 加芝麻油，蚝油，酱油，盐，白糖，胡椒粉放一边待用。
6 锅里放油烧热，下入莲藕片用油煎一会，倒入调好腐乳汁。
7 最后稍微收干点汁水，出锅！放上些葱段点缀即可！"
662608,https://home.meishichina.com/recipe-662608.html,胡萝卜土豆丝炒肉末,胡萝卜：适量 | 土豆：适量 | 肉末：适量,葱花：适量 | 姜：适量 | 胡椒粉：适量,盐：适量,"1 胡萝卜切丝。
2 土豆切丝。
3 肉末解冻。
4 锅子烧热放入肉末。
5 放入适量生抽。
6 放入胡萝卜丝。
7 放入土豆丝焖熟。
8 调味即可。
9 开动了。"
662600,https://home.meishichina.com/recipe-662600.html,小茴香炒鸡蛋,小茴香：适量 | 鸡蛋：适量,水淀粉：适量,盐：适量,"1 小茴香洗净。
2 切段。
3 鸡蛋打散。
4 加入适量盐拌匀。
5 锅子烧热放入蛋液。
6 鸡蛋定型后放入小茴香翻炒。
7 开动了。"
662579,https://home.meishichina.com/recipe-662579.html,孢子甘蓝炒豆干,豆腐干：3片 | 孢子甘蓝：适量,蒜蓉：适量,食用油：适量 | 料酒：适量 | 蚝油：适量 | 盐：适量 | 鸡精：适量,"1 豆腐干稍烫一下，再切成丁。
2 孢子甘蓝洗净，锅中水烧开，放入适量的食用油、盐、将孢子甘蓝焯水。
3 蒜蓉。
4 锅中加入适量的食用油，放入豆腐干丁、孢子甘蓝。
5 加入适量的料酒，盐、1勺蚝油翻炒。
6 再加入蒜蓉翻炒、鸡精翻炒出锅。
7 将菜品盛入盘中。"
662307,https://home.meishichina.com/recipe-662307.html,猪油渣炒冬寒菜,冬寒菜：适量 | 肥猪肉：适量,蒜头：适量,盐：适量,"1 冬寒菜清水浸泡洗净。
2 肥猪肉洗净切薄片。
3 蒜头拍扁切块。
4 锅中底油放入肥猪肉。
5 煸炒出猪油后放入蒜头炒出香味。
6 放入冬寒菜。
7 翻炒变软。
8 少许盐调味。
9 翻炒均匀断生即可。"
662582,https://home.meishichina.com/recipe-662582.html,糖醋烧豆腐,老豆腐：适量,灯笼椒：适量 | 木耳：适量 | 葱：适量 | 姜：适量 | 蒜：适量,白砂糖：适量 | 醋：适量 | 生抽：适量 | 盐：适量 | 淀粉：适量 | 水：适量,"1 豆腐洗净切三角块，准备葱姜蒜末，单另斜切葱、红灯笼椒切丝，木耳提前泡好（我今天没有准备，灯笼椒丝和木耳点缀搭配用），料汁按照白砂糖2:醋1:生抽1:淀粉2:清水6的比例调好，料汁中加入一点盐。
2 锅中油烧开。
3 豆腐块下锅油炸。
4 豆腐炸至金黄捞出备用。
5 锅中留底油烧开下入葱姜蒜末爆香。
6 下入豆腐块翻炒几下。
7 加入盐、生抽翻炒均匀。
8 倒入料汁烧开，下入木耳（图中没有准备）。
9 盖上锅盖关中小火炖5-10分钟。
10 下入斜切葱、灯笼椒丝翻炒至断生。
11 出锅装盘。"
662580,https://home.meishichina.com/recipe-662580.html,红烧小鸡腿,鸡腿：适量,葱姜蒜：适量,盐：适量 | 油：适量 | 酱：适量 | 白糖：适量 | 芝麻：适量 | 胡椒粉：适量 | 八角：适量 | 料酒：适量,"1 小鸡腿焯水备用。
2 入锅煎一下。
3 之前用??中间剪开。
4 两面焦黄放料酒。
5 一次性加满水。
6 酱油两勺。
7 来一点老抽上色。
8 香叶两片。
9 桂皮加点。
10 来一点盐（适可而止）。
11 大火烧开3分钟。
12 水快干了，收汁。
13 加点芝麻（少点葱花）。"
662567,https://home.meishichina.com/recipe-662567.html,胡萝卜白木耳炒蛋,胡萝卜：适量 | 白木耳：适量 | 鸡蛋：适量,干辣椒：适量 | 姜片：适量 | 蒜片：适量 | 小青椒：适量,盐：适量 | 油：适量,"1 鸡蛋煎起来备用。
2 热油放小青椒，干辣椒，姜片、蒜片炒香，然后放入胡萝卜。
3 白木耳泡好先焯水，待胡萝卜炒软后放入白木耳。
4 翻炒炒几分钟加入准备的鸡蛋，适量盐调味。
5 起锅啦！"
662262,https://home.meishichina.com/recipe-662262.html,白贝焗虾,虾：适量 | 白贝：适量,蒜头：适量 | 葱花：适量 | 姜片：适量,花生油：适量 | 蚝油：适量,"1 鲜虾剪去虾枪和去除虾线后洗净。
2 白贝清水洗净备用。
3 蒜头剁碎，生姜切片备用。
4 蒜蓉放入碗中，加入适量蚝油。
5 淋上热油激发出香味，搅拌均匀。
6 锅中热油放入姜片炒香。
7 放入白贝。
8 将虾均匀铺上。
9 淋上蒜蓉酱。
10 盖上中小火焗。
11 焗至白贝开口，虾变色，翻炒均匀，加入葱花即可。"
662536,https://home.meishichina.com/recipe-662536.html,辣子鸡丁,鸡脯肉：一块,干辣椒：一大把 | 花椒：适量 | 麻椒：适量 | 芝麻：适量,葱姜蒜：适量 | 料酒：适量 | 生抽：适量 | 老抽：适量 | 胡椒粉：适量 | 油：适量 | 盐：适量 | 蚝油：适量 | 白糖：适量 | 豆瓣酱：适量,"1 准备好小料。
2 辣椒剪成段，筛掉辣椒籽，籽容易焦。
3 鸡脯肉切成2厘米大小的丁，加入料酒，生抽，蚝油，胡椒粉，一小勺盐，一小勺淀粉，拌匀腌20分钟。
4 锅内烧油，油温五成热下入肉丁炸至金黄。
5 喜欢口感硬一点的下锅复炸一次。
6 鸡丁捞出来控油备用。
7 锅里留点油，下入葱姜蒜爆香。
8 下入干辣椒，花椒，加一勺豆瓣酱，小火炒香。
9 下入鸡丁，翻炒均匀。
10 来一点白糖提鲜。
11 撒入白芝麻，搅拌均匀。
12 麻麻辣辣，香辣鸡丁。"
662240,https://home.meishichina.com/recipe-662240.html,排骨油豆角,排骨：适量,土豆：适量 | 油豆角：适量 | 豆腐：适量 | 粉条：适量 | 白菜：适量 | 菠菜：适量,料酒：适量 | 生抽：适量 | 老抽：适量 | 十三香：适量 | 油：适量 | 盐：适量 | 八角桂皮：适量 | 香叶：适量 | 干辣椒：适量 | 花椒：适量 | 葱姜：适量 | 大酱：适量,"1 准备大料。
2 排骨下锅焯水，加入料酒，葱姜煮开后煮5分钟。
3 捞出来冲洗干净，控干水分。
4 锅内倒油，下入葱姜大料炒香，倒入排骨翻炒，倒入料酒去腥。
5 加入生抽，老抽，蚝油，十三香翻炒均匀。
6 加水没过排骨炖30分钟。
7 将所有蔬菜摘洗干净。
8 豆腐土豆切大块，油豆角掰成段。
9 排骨炖熟后，下入豆腐，土豆，油豆角。
10 加入一大勺大酱，根据咸淡加入适量盐。
11 最后下入白菜和粉条煮熟。
12 有肉有菜，一锅乱炖。
13 配点主食，小凉菜。"
655903,https://home.meishichina.com/recipe-655903.html,毛豆炒香干,毛豆：适量 | 香干：适量 | 肉末：适量,蒜苗：适量 | 青红椒：适量,生抽：适量 | 老抽：适量 | 蚝油：适量 | 糖：适量 | 盐：适量 | 油：适量 | 料酒：适量,"1 香干切丁。
2 青红椒切小块，蒜切末。
3 蒜苗切段。
4 水开下入毛豆煮2分钟。
5 倒入香干烫半分钟。
6 捞出来沥干备用。
7 准备料汁，生抽，老抽，蚝油，少许盐，糖，小半碗清水搅匀。
8 油热下入肉末炒至变色，加一点料酒去腥。
9 下入青红椒和蒜末炒香。
10 倒入料汁煮开。
11 倒入毛豆和香干翻炒1分钟。
12 加入蒜苗翻炒均匀，出锅。
13 毛豆炒香干。"
662520,https://home.meishichina.com/recipe-662520.html,西红柿炒鸡蛋,鸡蛋：三个 | 西红柿：两个,香葱：适量,猪油：适量 | 盐：适量 | 酱油：适量,"1 准备食材。
2 西红柿改十字刀。
3 开水烫皮。
4 西红柿剥皮（开水烫后更好剥皮或者用水煮一下）。
5 西红柿切小块备用。
6 鸡蛋打散备用。
7 放猪油。
8 猪油加热融化。
9 倒入鸡蛋液。
10 翻碎成小块。
11 装盘备用。
12 油热放番茄碎。
13 加一小勺盐，上锅盖焖一分钟。
14 倒入鸡蛋。
15 翻炒均匀，放一点点酱油。
16 完成，装盘即可。"
662524,https://home.meishichina.com/recipe-662524.html,青椒瘦肉丝炒厚千张丝,瘦肉丝：135克 | 青椒：2个 | 厚千张丝：140克,玉米淀粉：适量,料酒：适量 | 酱油：适量 | 盐：适量 | 味精：适量,"1 食材：瘦肉丝、青椒（已去蒂去籽清洗）、厚千张丝。
2 将青椒放在案板上切成丝。
3 在瘦肉丝里加适量的料酒。
4 加适量的酱油。
5 加适量的玉米淀粉。
6 加适量的玉米油。
7 拌匀腌制10分钟。
8 将厚千张丝下入沸水锅中焯开捞出。
9 起锅倒油烧热，下入瘦肉丝翻炒翻炒至变色。
10 接着，合入焯好的厚千张丝和切好的青椒翻炒翻炒。
11 然后，加适量的盐。
12 加适量的味精。
13 调味炒匀即成。"
662523,https://home.meishichina.com/recipe-662523.html,咸菜冬笋煮小素鸡,小素鸡：250克 | 咸菜：180克 | 冬笋：1株,,盐：适量 | 味精：适量,"1 食材：小素鸡、咸菜（已清洗）、冬笋。
2 将冬笋剥壳清洗清洗捞出。
3 放在案板上切开。
4 将咸菜放在案板上切成段。
5 将小素鸡拆开包装放在案板上切成片。
6 随后，将切好的冬笋下入沸水锅中焯开捞出。
7 起锅倒油烧热，下入切好的小素鸡两面煎一下。
8 接着，合入切好的咸菜和焯好的冬笋、加适量的清水。
9 加适量的盐。
10 调味翻动翻动煮上6到7分钟。
11 然后，加适量的味精。
12 翻匀即成。"
662499,https://home.meishichina.com/recipe-662499.html,青椒胡萝卜炒豆干丁,豆腐干：2块,胡萝卜：1根 | 青椒：1个 | 蒜蓉：适量,食用油：适量 | 生抽：适量 | 料酒：适量 | 盐：适量 | 鸡精：适量,"1 将食材切丁，胡萝卜切片并焯一下。
2 蒜蓉、淀粉水。
3 锅中放入食用油烧热，放食材炒制。
4 加入料酒、生抽、盐翻炒。
5 加入蒜蓉快速翻炒。
6 再加入鸡精翻炒出锅。
7 盛出装盘，颜色美观，口感清新。"
662090,https://home.meishichina.com/recipe-662090.html,洋葱炒猪肝,洋葱：适量 | 猪肝：适量,辣椒酱：适量 | 大蒜：适量 | 姜：适量 | 胡椒粉：适量 | 荆芥：适量,盐：适量,"1 猪肝切片。
2 洋葱切丝。
3 锅子烧热放入猪肝。
4 加入适量辣子。
5 放入洋葱大蒜。
6 加入荆芥。
7 翻炒调味即可。
8 开动了。"
662263,https://home.meishichina.com/recipe-662263.html,芋仔焖鸡肉,鸡腿：适量 | 芋仔：适量,葱花：适量,花生油：适量 | 玉米淀粉：适量 | 老抽：适量 | 蚝油：适量 | 盐：适量,"1 鸡腿洗净斩块。
2 鸡腿加入玉米淀粉，蚝油，老抽。
3 抓拌均匀腌制半小时左右。
4 芋仔洗净放入电饭锅里。
5 加入适量清水煮至断生。
6 煮好的芋仔去皮改刀切小块。
7 锅中热油放入鸡腿肉。
8 煎炒至两面金黄。
9 放入芋仔翻炒。
10 加入适量蚝油，盐调味。
11 加入适量清水。
12 大火煮开转小火焖至入味即可。"
662492,https://home.meishichina.com/recipe-662492.html,清炖乌鸡,乌鸡：1只,姜片：3片 | 红枣：4个,盐：适量,"1 乌鸡一只洗净。
2 剁块，取出鸡脖子气管，鸡肺子、剁掉鸡头、鸡屁股、鸡脚指甲（扔掉)，反复清洗至水清。
3 锅中水烧开，加入姜片、下入乌鸡块，反复打去浮沫，煮至微熟。
4 然后倒入高压锅中，再加入3片姜，适量盐、4个红枣，压制10分钟即可。
5 盛入碗中，放入自己在花盆里种的小香菜点缀一下（香菜味很浓，但还没长高呢)，桌子没开灯有些暗，看不出鸡油。
6 真正的纯鸡汤（刚从锅里盛出来的)，没加调料，只放盐、姜片、及红枣，真是太鲜了，鸡汤浓郁。"
662168,https://home.meishichina.com/recipe-662168.html,冬瓜焖鹅,鹅肉：适量 | 冬瓜：适量,葱花：适量 | 姜片：适量 | 八角：适量 | 桂皮：适量 | 香叶：适量,花生油：适量 | 蚝油：适量 | 老抽：适量 | 生抽：适量,"1 将鹅肉斩块。
2 鹅肉冷水下锅焯烫出血水后洗净。
3 姜片，八角，桂皮，香叶备用。
4 冬瓜去皮洗净切块。
5 锅中热油放入香料炒香。
6 放入鹅肉翻炒。
7 加入蚝油，老抽，生抽。
8 翻炒均匀上色入味。
9 加入适量清水。
10 大火煮开。
11 将鹅肉转入高压锅中，中火压15分钟左右即可。
12 压好的鹅肉倒一部分出来炒锅中。
13 放入冬瓜，继续焖15分钟左右。
14 焖至冬瓜断生即可出锅。"
662464,https://home.meishichina.com/recipe-662464.html,儿菜炒肉片,儿菜：适量 | 瘦肉：适量,生抽：适量 | 生粉：适量 | 胡椒粉：适量 | 姜：适量 | 糖：适量 | 大蒜：适量,盐：适量,"1 儿菜洗净切片。
2 瘦肉切片。
3 放入适量生抽胡椒粉生粉糖盐。
4 拌匀腌制15分钟。
5 儿菜飞水备用。
6 锅子烧热放入肉片煎香。
7 放入儿菜翻炒。
8 调味即可。
9 开动了。"
662454,https://home.meishichina.com/recipe-662454.html,山药胡萝卜鸡腿炖蘑菇,熟鸡腿：2个 | 榛蘑：适量,山药：适量 | 胡萝卜：适量 | 葱花：适量,食用油：适量 | 生抽：适量 | 料酒：适量 | 盐：适量 | 鸡精：适量,"1 将干榛蘑摘干净，稍泡一下洗干净，我用高压锅压了20分钟。
2 山药、胡萝卜去皮，再切滚刀块。
3 锅中先放入山药、胡萝卜煮至八分熟，同时加入适量的料酒、盐。
4 再加入榛蘑煮至熟透，再加入适量的鸡精搅拌均匀。
5 菜品出锅再撒入葱花，汤鲜味美又营养。"
662167,https://home.meishichina.com/recipe-662167.html,西葫芦煎蛋,西葫芦：适量,鸡蛋：适量,花生油：适量 | 盐：适量,"1 西葫芦去皮洗净切条。
2 加入适量盐腌出水份后再清洗干净。
3 腌出水洗净的西葫芦放入碗中，打入鸡蛋。
4 加入少量盐，搅拌均匀。
5 锅中热油，倒入蛋液。
6 煎至两面金黄即可。"
662439,https://home.meishichina.com/recipe-662439.html,剁椒鱼头,鱼头：半个,剁椒：适量,食用油：适量,"1 新鲜大鱼头半个，约1至2斤，处理干净，控水。
2 锅中加入足量水烧开（一定要足量）。
3 我用的是成品的蒸鱼头专用剁椒。
4 将剁椒铺满鱼头，均匀地淋上食用油，上锅，盖盖，大火蒸12分钟，关火焖1分钟。
5 开吃。"
662431,https://home.meishichina.com/recipe-662431.html,红烧鸡腿,鸡腿：6只,葱段：适量 | 姜片：适量,食用油：适量 | 大料：1个 | 桂皮：1小块 | 白芷：2片 | 香叶：2片 | 陈皮：适量 | 草果：1个 | 生抽：适量 | 红烧酱油：适量 | 红曲粉：少许 | 盐：适量 | 鸡精：适量,"1 鸡腿反复洗净，锅中水烧开，放入葱段、姜片、鸡腿焯水。
2 焯水至无血水至熟。
3 将鸡腿捞出。
4 锅中放入适量的食用油，放入各种调料炒香，再加入生抽、红烧酱油。
5 加入适量开水，放入葱段、姜片、及焯好的鸡腿煮制。
6 加入适量的盐使之入味。
7 加入少许红曲粉。
8 再放入1勺白糖，使口味更好。
9 烧至鸡腿已入味且上色。
10 停火即可。
11 红烧鸡腿颜色红润，肉香味美。"
662433,https://home.meishichina.com/recipe-662433.html,芥兰炒大地鱼,芥兰：400g,大地鱼：适量 | 猪肉：适量,猪油：适量 | 鸡精：适量,"1 大地鱼。
2 剪适量的大地鱼用猪油炸到焦糖色，捞起备用。
3 芥兰头切片，梗叶分离，用猪油猛火烧热，放入芥兰梗和大地鱼加水翻炒，约3分钟后放入菜叶同炒，2分钟放鸡精盐再加入包尾油即可。
4 完成。"
662429,https://home.meishichina.com/recipe-662429.html,酱油猪油渣豆干,豆干：4块 | 猪油渣：适量,廋肉：适量 | 葱：适量 | 芹菜：适量,沙茶：适量 | 海鲜酱：适量 | 鸡精：适量 | 冰糖：适量,"1 清水加酱油和冰糖，同时加沙茶和海鲜酱煮开。
2 沙茶和海鲜酱。
3 放入煎好的豆干，烧10分钟。
4 然后放入廋肉约3分钟。
5 最后放入葱和芹菜盖上锅盖约10秒即可。"
662421,https://home.meishichina.com/recipe-662421.html,避风塘炒虾,大虾：适量,面包糠：适量 | 蒜末：适量 | 姜片：适量 | 淀粉：适量 | 干辣椒：适量,料酒：适量,"1 大虾洗净，头部处理一下，开背去虾线，沥干水分，加适量盐、姜片和料酒淹制15分钟。
2 淹制好的虾用清水冲一下，沥干水分，撒些干淀粉，搅拌均匀。
3 应该准备较多的蒜末，用油炒香(注意小火炒，不要炒糊)，沥油备用，这里我没准备。
4 把虾用油炒到两面金黄，盛出备用。
5 锅里加入调料。
6 加入部分面包糠。
7 倒入虾翻炒，视面包糠多少，再次加入，如果前一步炒了蒜末，这时加进去。如果觉得盐味不够可适量添加。
8 翻炒均匀，出锅。可撒香菜、香葱点缀。"
662416,https://home.meishichina.com/recipe-662416.html,素炒豆腐泡,豆腐泡：适量,尖椒：1个 | 胡萝卜：1个 | 蒜蓉：适量,食用油：适量 | 生抽：适量 | 料酒：适量 | 蚝油：适量 | 盐：适量 | 鸡精：适量,"1 准备的蒜蓉。
2 尖椒切斜刀，胡萝卜切片（胡萝卜已焯水)。
3 刚购买的豆腐泡。
4 锅中加入适量的食用油烧热，下入尖椒、胡萝卜片、蒜蓉炒香。
5 加入适量的料酒，盐、生抽、蚝油翻炒。
6 再下入豆腐泡，加入适量的鸡精快速翻炒。
7 出锅装盘。"
662415,https://home.meishichina.com/recipe-662415.html,菜心炒肉片,瘦肉：适量 | 菜心：适量,大蒜：适量 | 姜：适量 | 生抽：适量 | 生粉：适量 | 胡椒粉：适量,盐：适量,"1 菜心洗净。
2 瘦肉切片。
3 加入适量生抽老抽胡椒粉糖盐拌匀。
4 锅子烧热放入肉片。
5 放入菜心翻炒。
6 加入适量盐。
7 调味即可。
8 开动了。"
662118,https://home.meishichina.com/recipe-662118.html,酸菜牛腩煲,牛腩：适量 | 酸菜：适量,八角：适量 | 桂皮：适量 | 香叶：适量 | 姜片：适量,花生油：适量 | 蚝油：适量 | 老抽：适量 | 盐：适量,"1 牛腩改刀切小块。
2 将牛腩冷水下锅焯烫出血水后洗净。
3 八角，桂皮，香叶，姜片备用。
4 锅中热油放入香料炒香。
5 放入牛腩翻炒。
6 蚝油，老抽，盐调味。
7 翻炒均匀上色。
8 加入适量清水。
9 将牛腩转入电高压锅中，选择牛羊肉功能。
10 酸菜清水洗净后切细。
11 锅中热油放入酸菜。
12 翻炒炒干水份。
13 加入提前焖过的牛腩。
14 加入牛腩的原汤煮开。
15 将酸菜牛腩转入珐琅锅里。
16 盖上中小火焖15分钟左右入味即可。"
662407,https://home.meishichina.com/recipe-662407.html,盐焗猪肝瘦肉,猪肝：250g | 猪肉：250g,香叶：5g | 八角：2颗 | 花椒：5g,食盐：400 | 料酒：适量,"1 猪肝清洗干净后，用水加入料酒泡上20分钟。
2 泡好的猪肝捞出，加几块瘦肉。
3 砂锅里倒入食盐，放入花椒、八角、香叶。
4 食盐炒至转变黄色，盛出一半的食盐。
5 把猪肝瘦肉放入锅内。
6 刚刚盛出的食盐盖入表面。
7 盖上锅盖，小火焗20分钟，关火焖5分钟即可。
8 时间到，把肉表面的盐清理干净。
9 成品，切盘上桌。"
662389,https://home.meishichina.com/recipe-662389.html,炖茄子,长茄子：3根,尖椒：1个 | 胡萝卜：1个 | 蒜蓉：适量,食用油：适量 | 料酒：适量 | 生抽：适量 | 盐：适量 | 鸡精：适量,"1 将准备的食材洗净。
2 茄子切斜刀块，锅里放适量的食用油小炒炒制。
3 将茄子炒蔫了。
4 加入适量的料酒、生抽、开水，放入胡萝卜片炖一会。
5 青椒切菱形块。
6 最后加入青椒片、蒜蓉中火炖5分钟收汁，加入适量的鸡精即可。
7 将炖茄子盛入盘中。"
662391,https://home.meishichina.com/recipe-662391.html,胡萝卜片炒菜花,菜花：1小棵,胡萝卜：1根 | 蒜蓉：适量,食用油：适量 | 料酒：适量 | 生抽：适量 | 盐：适量 | 鸡精：适量,"1 菜花洗净，切朵。
2 南方胡萝卜不是很大，粗细均匀、而且颜色美观，切成片。
3 菜花刚刚焯过水捞出备用。
4 胡萝卜也同时焯过水，捞出备用。
5 杭椒切片，蒜蓉适量。
6 锅里放适量的食用油，放入焯好的菜花、胡萝卜翻炒(我炒菜习惯了少放油)。
7 放入适量的料酒、生抽继续翻炒。
8 再加入杭椒，盐翻炒。
9 出锅加入蒜蓉、鸡精翻炒即可。
10 炒好的菜品盛入盘中，红、白绿、相间，既美观又营养。"
662129,https://home.meishichina.com/recipe-662129.html,生蚝煎蛋,鸡蛋：适量 | 生蚝：适量,葱花：适量,花生油：适量 | 盐：适量,"1 生蚝加入面粉轻轻抓洗几遍后沥干水份备用。
2 香葱洗净切葱花。
3 鸡蛋打入碗中，加入适量盐搅拌均匀。
4 放入生蚝。
5 放入葱花，搅拌均匀。
6 锅中热油倒入蛋液。
7 煎至两面金黄即可。"
662356,https://home.meishichina.com/recipe-662356.html,大白菜金针菇炖肉片,大白菜：适量 | 金针菇：适量 | 瘦肉：适量,胡椒粉：适量 | 生抽：适量,盐：适量,"1 大白菜切丝。
2 金针菇洗净。
3 粉条泡发。
4 瘦肉切片。
5 锅子烧热放入肉片翻炒。
6 放入大白菜。
7 放入粉条。
8 放入金针菇，调味即可。
9 开动了。"
662366,https://home.meishichina.com/recipe-662366.html,清蒸粉葛,粉葛：适量,猪板油：适量,盐：适量,"1 粉葛去皮。
2 切薄皮。
3 码盘。
4 加入适量猪板油。
5 加入适量盐。
6 蒸15分钟即可。
7 蒸好取出来。
8 开动了。"
662367,https://home.meishichina.com/recipe-662367.html,上海青炒回锅肉,肉片：适量 | 上海青：适量,腐竹：适量 | 大蒜：适量 | 生抽：适量,盐：适量,"1 上海青洗净。
2 锅子烧热放入开水放入上海青，飞水后备用。
3 肉片。
4 锅子烧热放入肉片。
5 放入上海青翻炒。
6 调味即可。
7 开动了。"
662368,https://home.meishichina.com/recipe-662368.html,蔬菜卷,豆腐皮：1张 | 生菜叶：少许 | 胡萝卜：丨根,豆芽：少许 | 鸡蛋：l棵,醋：1勺 | 盐：少许 | 香油：2滴,"1 生菜叶用开水焯一下捞出备用。
2 豆芽也焯水烫一下捞出来放入凉水里立即捞出备用。
3 胡萝卜切丝备用切碎。
4 放在大盘里。
5 把一颗鸡蛋一起搅匀。
6 放入面粉。
7 、把自制钙粉，花椒粉，盐及香油一起搅匀备用。
8 豆腐皮洗净平铺。
9 把馅料放在上面。
10 把它们卷紧。
11 这个样子。
12 放在蒸锅上蒸十分钟。
14 切成小段沾调料可以吃了。"
662365,https://home.meishichina.com/recipe-662365.html,牛肉炒番茄,牛肉：300g | 番茄：400g,生粉：适量,花生油：适量 | 鸡精：适量 | 糖：适量,"1 腌制牛肉，放入生粉加花生油鸡精搅拌均匀，可适当少许水，这样会使牛肉更加鲜嫩。
2 切好番茄被用。
3 先下牛肉，炒散牛肉后马上放番茄，约5分钟即可。"
662302,https://home.meishichina.com/recipe-662302.html,清蒸大白菜,大白菜：适量,胡椒粉：适量 | 生抽：适量,盐：适量,"1 大白菜切丝。
2 加入适量盐。
3 加入适量胡椒粉。
4 加入适量生抽拌匀。
5 放入大碗里。
6 铺平。
7 蒸屉上放上猪肉，蒸40分钟。
8 开动了。"
662115,https://home.meishichina.com/recipe-662115.html,西葫芦炒肉沫,西葫芦：适量 | 肉沫：适量,葱花：适量,花生油：适量 | 盐：适量,"1 适量绞绞碎好的肉沫备用。
2 西葫芦去皮洗净切薄片。
3 锅中热油放入肉沫。
4 将肉沫炒散开后炒干水份。
5 放入西葫芦翻炒。
6 少许盐调味翻炒。
7 加入适量清水。
8 焖至西葫芦断生即可。"
662321,https://home.meishichina.com/recipe-662321.html,素炒三丝,甘蓝：适量 | 胡萝卜：1根 | 尖椒：2个,蒜蓉：适量,食用油：适量 | 料酒：适量 | 盐：适量 | 鸡精：适量,"1 将甘蓝、尖椒切成丝，胡萝卜搓成丝、蒜切成末。
2 锅里放入适量的食用油烧热，先炒胡萝卜丝。
3 再下入甘蓝、尖椒丝翻炒(全程快炒，不然易出汤、口感不好吃)。
4 加入蒜蓉、盐鸡精快速翻炒出锅。
5 将炒好的素炒三丝装入盘中，颜色美观、不同蔬菜、不同营养。"
662325,https://home.meishichina.com/recipe-662325.html,葱姜梭子蟹,梭子蟹：3个,姜：小半块,葱：2颗,"1 梭子蟹切开。把蟹壳扒开，把蟹脚切成一块一块。装盘。
2 在装盘的梭子蟹上浇上淀粉。
3 切好葱和姜，备用。
4 热锅热油，把梭子蟹在油上煎一下，煎到有点焦，装盘。
5 热锅热油，把葱姜放入爆香。然后加入料酒和一碗水。焖煮2到3分钟。之后再加入水淀粉勾芡。再炒2分钟，装盘完成。"
662232,https://home.meishichina.com/recipe-662232.html,爆炒花蛤,花蛤：1斤,葱姜蒜：适量 | 青红椒：适量,生抽：适量 | 老抽：适量 | 蚝油：适量 | 料酒：适量 | 油：适量 | 盐：适量 | 五香粉：适量 | 糖：适量,"1 花蛤泡进水里，加一勺盐吐沙。
2 锅里加水烧开，倒入花蛤烫开口。
3 冲洗干净泥沙。
4 捞出来控干。
5 洗切好小料。
6 锅里烧油，下入小料爆香。
7 下入花蛤翻炒。
8 加入少量料酒去去腥。
9 依次加入各种调味料，大火翻炒均匀。
10 出锅，爆炒香辣花蛤。"
662305,https://home.meishichina.com/recipe-662305.html,萝卜干肉末煎鸡蛋,萝卜干：80g | 鸡蛋：4个 | 肉末：100g,,鸡精：适量,"1 自己剁肉末口感更好。
2 萝卜干，选低盐的。
3 搅拌均匀，加少许油。
4 完成。"
662290,https://home.meishichina.com/recipe-662290.html,爆炒猪肝,猪肝：适量,上海青杆：适量 | 荆芥：适量 | 辣子：适量 | 姜：适量 | 大蒜：适量,盐：适量,"1 猪肝切片泡水。
2 姜切片。
3 上海青杆洗净。
4 灼水备用。
5 猪肝飞水备用。
6 锅子烧热放入姜大蒜。
7 放入猪肝。
8 放入上海青杆翻炒。
9 加入适量辣子即可。
10 开动了。"
662065,https://home.meishichina.com/recipe-662065.html,大烩菜,白菜：适量 | 木耳：适量 | 油豆腐：适量 | 宽粉：适量,肉沫：适量,花生油：适量 | 老抽：适量 | 玉米淀粉：适量 | 蚝油：适量 | 盐：适量,"1 宽粉提前泡发备用。
2 木耳提前泡发。
3 白菜洗净切块备用。
4 前腿肉绞碎成肉沫。
5 肉沫加入适量玉米淀粉，老抽，蚝油，花生油。
6 抓拌均匀摔打，将肉泥搓成一个个丸子。
7 锅中热油放入丸子。
8 大火炸至定型再翻面，炸至金黄后捞出。
9 锅中热油放入白菜。
10 将白菜炒软。
11 加入适量蚝油，盐。
12 放入木耳，翻炒均匀。
13 加入适量清水。
14 放入油豆腐。
15 放入炸好的丸子。
16 大火煮开焖十分钟左右。
17 放入宽粉。
18 焖至断生后即可出锅。"
662047,https://home.meishichina.com/recipe-662047.html,芋仔蒸排骨,排骨：适量 | 芋仔：适量,葱花：适量 | 姜：适量,花生油：适量 | 玉米淀粉：适量 | 老抽：适量 | 蚝油：适量 | 盐：适量,"1 排骨用面粉抓洗干净。
2 加入玉米淀粉，老抽，蚝油，生姜，盐抓匀腌制半小时。
3 芋仔洗净去皮。
4 切小块备用。
5 切好的芋仔放入碗中。
6 将排骨均匀铺上。
7 将排骨上锅蒸。
8 中小火蒸30分钟左右即可。
9 出锅前少许葱花。"
662257,https://home.meishichina.com/recipe-662257.html,猪油渣炒油麦菜,油麦菜：适量,肥肉：适量 | 大蒜：适量,盐：适量,"1 油麦菜洗净分段。
2 锅子烧热放入开水后，放入油麦菜断生捞出来。
3 放入肥肉炸出油。
4 放入油麦菜。
5 放入适量盐。
6 加入少量底油即可。
7 开动了。"
662201,https://home.meishichina.com/recipe-662201.html,蒜香金针菇蒸肉片,金针菇：适量 | 瘦肉：适量,大白菜：适量 | 生粉：适量 | 生抽：适量 | 胡椒粉：适量 | 糖：适量 | 大蒜：适量 | 芝麻：适量,盐：适量,"1 白菜洗净切丝。
2 金针菇洗净。
3 瘦肉切片。
4 加入适量生抽老抽胡椒粉糖盐拌匀。
5 放入大碗里。
6 放入金针菇。
7 铺上肉片，放入蒜末，蒸20分钟。
8 放入芝麻，荆芥点缀一下。
9 开动了。"
662161,https://home.meishichina.com/recipe-662161.html,土豆丝炒肉片,土豆：适量 | 瘦肉：适量,洋葱：适量 | 姜：适量 | 生抽：适量 | 生粉：适量 | 胡椒粉：适量 | 糖：适量,盐：适量,"1 土豆切丝。
2 洋葱切丝。
3 瘦肉切片。
4 加入适量生抽胡椒粉糖盐。
5 拌匀腌制十分钟。
6 锅子烧热放入肉片。
7 放入土豆丝。
8 放入洋葱翻炒调味即可。
9 开动了。"
662112,https://home.meishichina.com/recipe-662112.html,腐竹蒸肉饼,腐竹：适量 | 瘦肉：适量,倒笃菜：适量 | 生抽：适量 | 生粉：适量 | 胡椒粉：适量 | 姜：适量 | 糖：适量,盐：适量,"1 腐竹泡发切段。
2 瘦肉剁碎。
3 加入适量生抽生粉胡椒粉糖盐。
4 加入适量倒笃菜拌匀。
5 铺在腐竹上。
6 蒸15分钟即可。
7 开动了。"
662250,https://home.meishichina.com/recipe-662250.html,黄瓜木耳炒虾滑,黄瓜：适量 | 木耳：适量 | 虾滑：适量,姜片：适量 | 大葱：适量,酱油：适量 | 蚝油：适量 | 味精：适量 | 油：适量 | 淀粉：适量,"1 虾滑过水。
2 捞出备用。
3 热油爆香姜片。
4 放入黄瓜和木耳，木耳我先焯水了一下。
5 放入备用的虾滑。
6 少许酱油蚝油和味精，加入少许淀粉和水先调味。
7 翻炒片刻起来啦！"
662190,https://home.meishichina.com/recipe-662190.html,红烧鳕鱼,鳕鱼：适量,姜：适量 | 大葱：适量 | 荆芥：适量 | 生抽：适量 | 胡椒粉：适量 | 糖：适量 | 生粉：适量,盐：适量,"1 鳕鱼解冻。
2 材料如下。
3 加入适量生粉。
4 锅子烧热放入鳕鱼煎两面后，放入适量开水放入姜片。
5 放入适量生抽老醋胡椒粉。
6 放入材料。
7 调味即可。
8 开动了。"
662238,https://home.meishichina.com/recipe-662238.html,小炒牛肉,牛里脊：适量 | 小苏达：少许(放牛肉中) | 啤酒：适量(腌牛肉用),尖椒：2个 | 小红椒：2个 | 蒜片：适量,食用油：适量 | 碗汁:生抽：适量 | 老抽：适量 | 料酒：适量 | 白糖：适量 | 蚝油：适量 | 胡椒粉：适量 | 盐：适量 | 鸡精：适量,"1 牛里脊肉洗净，稍冻一下好切。
2 将牛肉逆着纹理切成薄厚均匀的片状。
3 尖椒切菱形块，小红椒切片。
4 蒜切成片。
5 调个碗汁:生抽、老抽、料酒、白糖、胡椒粉、蚝油搅拌均匀。
6 啤酒准备加牛肉中。
7 牛肉片加入适量的啤酒抓匀，加入点的小苏达起到嫩肉的作用，再加入适量的淀粉搅拌均匀。
8 加入适量食用油搅拌均匀备用。
9 锅里不加油，干煸尖椒一分钟。
10 锅里放入适量的食用油烧热，放入牛肉煸炒。
11 煸熟即可盛入盘中。
12 锅中再加入适量的食用油烧热，下入蒜片炒香，再加入尖椒翻炒。
13 再放入牛肉快速煸炒。
14 加入碗汁翻炒，小红椒片、少许盐、鸡精翻炒出锅。
15 盛出装盘(没有锅里的颜色好看，锅里才是正常颜色)小炒牛肉味道不错，就是没拍出效果(没有实际效果好)。"
662242,https://home.meishichina.com/recipe-662242.html,宫保鸡丁,鸡腿：3个 | 花生：2把 | 黄瓜：小半根 | 胡萝卜：小半根,葱：4根 | 姜：4片 | 蒜：3瓣,豆瓣酱：1-2勺 | 盐：2g | 白胡椒粉：2g | 糖：3g | 蚝油：1勺 | 玉米淀粉：2勺,"1 准备：鸡腿肉、黄瓜、花生、胡萝卜、葱、姜、蒜。
2 鸡腿肉切块，放入盐、糖、白胡椒粉、生抽、老抽、玉米淀粉腌制。
3 炒生花生。开小火，花生冷锅下，注意火候，锅热后，不停翻炒（避免花生烧糊，变苦），直到花生像图片这样外皮轻按就掉皮，关火；利用余温继续翻按，边翻边按（这一步是给花生去皮）。
4 胡萝卜和黄瓜丁焯水。（黄瓜可根据个人口味不焯水）
5 调料水。2勺生抽、2勺水、1勺蚝油、1勺糖。
6 开大火，锅热后，加入3大勺油，待油烧热（手伸到上面感觉很烫时）加入鸡肉，不停翻炒（防粘锅），炒到两面焦黄（大约3-5分钟）盛出。
7 锅里加少许油，放葱、姜、蒜、2勺豆瓣酱，炒香后。
8 加入鸡丁、胡萝卜丁、黄瓜丁、花生翻炒。再倒入料水，炒2分钟关火。
9 老少皆宜的不辣版宫保鸡丁上桌。"
662241,https://home.meishichina.com/recipe-662241.html,干炸山药片,山药：3根,鸡蛋：1个 | 面粉：2勺,孜然面：0.5g | 辣椒面：0.5g | 盐：0.2g,"1 准备山药3个。
2 把山药去皮切片。
3 放入2勺面粉1个鸡蛋葱花少许。
4 加水把面糊搅拌。
5 放入油锅干炸。
6 炸好后放入盘中。"
662236,https://home.meishichina.com/recipe-662236.html,百合焗南瓜,百合：2整颗 | 南瓜（小）：1/2个,清水：少量,色拉油：1勺 | 盐：少许,"1 小南瓜洗净，对半切开，去瓤切片。百合一片片剥开洗净。
2 砂锅底部抹薄薄的一层油，铺上南瓜片，加少量水，盖上锅盖焖煮。
3 中小火焖煮至南瓜熟透。
4 倒入百合，加适量热水，盖上锅盖焖煮。
5 中小火焖煮，中途可以适量加水，防止干锅。
6 百合变软后，撒上适量盐。
7 关火，盖上锅盖焖5分钟左右。
8 食材本身的甜味中带一点点咸味。"
662216,https://home.meishichina.com/recipe-662216.html,油焖大虾,鲜虾：10只,葱：1根 | 姜：1块 | 香菜：2根,胡椒粉：1小勺 | 白糖：1小勺 | 盐：2g | 松鲜鲜：3g | 蚝油：1匙 | 料酒：1匙,"1 准备大虾。
2 剪去虾腔，虾脚，虾尾，虾开背去虾线。
3 准备葱段，葱花，香菜段，姜片。
4 起锅烧油下入虾。
5 一面煎至变色后翻另一面继续煎。
6 下入葱段，姜片。
7 放入胡椒粉，白糖，盐，松鲜鲜，倒入蚝油，料酒和少许水。
8 收汁后加入葱花和香菜段。
9 油焖大虾制作完成。"
662217,https://home.meishichina.com/recipe-662217.html,毛豆咸菜炒海白虾,毛豆：285克 | 咸菜：135克 | 海白虾：165克,,盐：适量 | 味精：适量,"1 食材：毛豆、咸菜（已清洗）、海白虾（已去虾须清洗）。
2 将毛豆剥壳淘洗干净。
3 将咸菜放在案板上切碎。
4 起锅倒油烧热，下入毛豆翻炒翻炒。
5 接着，加适量的清水煮上6到7分钟。
6 然后，合入切好的咸菜和海白虾翻炒翻炒。
7 最后，加适量的盐。
8 加适量的味精。
9 调味炒匀即成。"
662046,https://home.meishichina.com/recipe-662046.html,素烧白萝卜,白萝卜：适量 | 香菇：适量,八角：适量 | 葱花：适量,花生油：适量 | 生抽：适量 | 蚝油：适量 | 盐：适量,"1 香菇提前泡发备用。
2 白萝卜去皮洗净切片。
3 锅中热油放入白萝卜翻炒。
4 放入香菇。
5 放入八角。
6 加入适量蚝油，生抽。
7 加入泡香菇的水和适量清水。
8 大火煮开转小火焖。
9 焖至白萝卜断生即可。"
662214,https://home.meishichina.com/recipe-662214.html,鱿鱼炒鸡蛋,鱿鱼：2只 | 鸡蛋：4只,香葱：适量,料酒：适量 | 盐：适量,"1 食材：鱿鱼、鸡蛋、香葱。
2 将鱿鱼去内脏去皮洗净捞出。
3 随后，下入沸水锅中大概焯上30秒钟捞出。
4 晾凉。
5 再将晾凉好的鱿鱼放在案板上切成小块。
6 放入碗中。
7 接着，打入鸡蛋、加适量的料酒。
8 加适量的盐。
9 搁入香葱调味拌匀。
10 起锅倒入油烧热，下入鱿鱼蛋液。
11 翻炒翻炒成块即成。"
662213,https://home.meishichina.com/recipe-662213.html,鱿鱼炒西兰花,鱿鱼：2只 | 西兰花：345克,红椒：1只 | 姜片：适量,料酒：适量 | 盐：适量 | 味精：适量,"1 食材：鱿鱼、西兰花（已掰成小朵在盐水中浸泡30分钟清洗）、红椒（已去蒂去籽清洗）、姜片。
2 将鱿鱼去内脏去皮洗净捞出。
3 放在案板上切开。
4 将红椒放在案板上切开。
5 随后，在清水里加适量的盐。
6 加适量的油。
7 煮开。
8 搁入西兰花焯上2分钟。
9 再搁入切好的红椒焯开捞出。
10 接着，换锅清水搁入姜片煮开。
11 下入切好的鱿鱼、加适量的料酒。
12 焯上30秒捞出。
13 起锅倒油烧热，下入焯好的红椒和西兰花翻炒翻炒。
14 然后，合入焯好的鱿鱼翻炒翻炒。
15 最后，加适量的盐。
16 加适量的味精。
17 调味炒匀即成。"
662211,https://home.meishichina.com/recipe-662211.html,蒜香排骨,排骨：380克 | 蒜：2头,,料酒：适量 | 酱油：适量 | 盐：适量 | 味精：适量 | 零卡糖：适量,"1 食材：排骨（已浸泡并清洗干净）、蒜。
2 将蒜剥去蒜皮放入绞蒜机里。
3 盖上盖，绞碎。
4 开盖。
5 随后，在排骨里加适量的料酒。
6 加适量的酱油。
7 加适量的盐。
8 加适量的味精。
9 加适量的零卡糖。
10 搁入蒜末。
11 调味抓匀腌制3个小时左右。
12 接着，将腌制好的排骨放入铺有抹了油的铝箔纸开盘里。
13 在盖上铝箔纸。
14 烤箱预热，放入排骨220度，烤25分钟。
15 然后，将上面的铝箔纸去掉、把排骨翻个面。
16 再次进入烤箱里烤15分钟。
17 最后，开门取出。
18 装入盘中，上桌可以吃吃了。"
662210,https://home.meishichina.com/recipe-662210.html,毛蟹蒸肉末,猪肉：197克 | 毛蟹：2只,姜片：适量,料酒：适量 | 酱油：适量 | 盐：适量,"1 食材：猪肉（已清洗）、毛蟹（已清洗切开）、姜片。
2 将猪肉放在案板上切成小块。
3 随后，将切好的猪肉放入绞肉机里、加适量的料酒。
4 加适量的酱油。
5 加适量的盐。
6 加适量的清水。
7 调味绞成肉末。
8 接着，开盖取出。
9 放入碗中、合入毛蟹、搁入姜片。
10 然后，放入电饭煲里。
11 盖上盖、插上电源、按好蒸煮键功能进行工作。
12 最后，工作完毕跳的保温时。
13 开盖取出，上桌可以开吃了。"
662209,https://home.meishichina.com/recipe-662209.html,炒菜花,鲜菜花：适量,蒜蓉：适量,盐：适量,"1 菜市场买回新鲜的菜花。
2 清洗干净备用。
3 蒜蓉备好。
4 大火炒熟即可。
5 虽然简单，但很清爽。"
662208,https://home.meishichina.com/recipe-662208.html,炖牛排,鲜牛排骨：3斤 | 油豆腐果：适量 | 白萝卜：1个,八角：3粒 | 姜片：4片 | 白芷：2片 | 花椒：1g | 香菜：适量,盐：适量 | 黑胡椒粉：适量,"1 牛排在店里用电锯切成小块，用清水焯水后捞出备用。
2 地所有的配料放入锅中。
3 白萝卜切块备用。
4 把牛排放入电高压锅中。
5 加入白萝卜、豆腐油果，加入适量的清水和盐用电高压锅煮熟。
6 这样就可以沾酱汁吃了，还可以捞出排骨，用黑椒汁闷煮一下单吃。"
662203,https://home.meishichina.com/recipe-662203.html,油炸土豆片,土豆：2个,,孜然：05g | 辣椒面：0.5g,"1 准备两个土豆。
2 切出螺旋花纹。
3 放入盘中。
4 将土豆片放入8成油锅内煎炸。
5 10分钟后将炸好的土豆片盛入盘中。"
662199,https://home.meishichina.com/recipe-662199.html,红烧排骨,排骨：1斤,葱：1段 | 姜：1块 | 八角：1个,油：适量 | 冰糖：数粒 | 生抽：2勺 | 料酒：1勺 | 蚝油：1勺 | 盐：适量 | 鸡精：适量,"1 新鲜排骨冷水洗净。
2 放入锅中，加冷水、料酒焯水。
3 备葱、姜、八角，我刚好有小葱，可以用大葱的。
4 焯出血沫，用筷子将排骨拣出来备用。
5 锅中倒油，放入冰糖粒，小火烧化。
6 用锅铲轻轻敲击冰糖，适当搅拌，利于快速形成糖色。
7 倒入排骨，让每块排骨均匀裹上糖色。
8 放入葱姜八角，倒入生抽、蚝油，煸炒一下。
9 倒入开水，盖盖中小火烧一小时。
10 待收汁时放盐。
11 出锅时放入鸡精、葱花。
12 趁热开吃。"
662054,https://home.meishichina.com/recipe-662054.html,腐竹野菇蒸肉片,瘦肉：适量 | 腐竹：适量 | 野菇：适量,生粉：适量 | 生抽：适量 | 糖：适量 | 胡椒粉：适量 | 姜：适量,盐：适量,"1 腐竹泡发。
2 肉切片。
3 野菇泡发洗净。
4 瘦肉加入适量生抽胡椒粉糖盐拌匀。
5 肥肉放入锅里煎出油。
6 放入蘑菇和腐竹炒香。
7 码入大碗里。
8 铺上肉片，蒸15分钟即可。
9 开动了。"
662191,https://home.meishichina.com/recipe-662191.html,蒸牛肉饼,牛肉：适量,胡椒粉：适量 | 黑椒粉：适量 | 生粉：适量 | 生抽：适量 | 蛋清：适量 | 姜：适量 | 大葱：适量 | 糖：适量,盐：适量,"1 牛肉剁碎。
2 大葱和姜切末。
3 放入牛肉。
4 加入蛋清。
5 加入适量生抽胡椒粉糖盐生粉。
6 拌匀后摔打起胶。
7 铺入盘里。
8 蒸15分钟后放入黑胡椒粉和玫瑰花瓣。
9 开动了。"
662187,https://home.meishichina.com/recipe-662187.html,海带丝炖粉条,海带丝：300克 | 油豆皮：涨,红薯粉条：200克 | 保元汤：l碗,自制钙粉：适量 | 盐：少许 | 葱花：少许,"1 红薯粉条用温水泡10分钟。
2 泡发的海带丝锅里焯水。
3 油豆皮也清水洗净切丝备用。
4 锅里倒入一碗保元汤少了在加少量开水。
5 把所有的食材倒入锅里。
6 加入少许盐和自制钙粉搅匀。
7 可以盛出大碗里(成品图)。"
662170,https://home.meishichina.com/recipe-662170.html,陕西关中臊子排骨,排骨：2斤,醋：适量,料酒：适量 | 生抽：适量 | 老抽：适量 | 十三香：适量 | 盐：适量 | 八角：适量 | 小茴香：适量 | 干辣椒：适量 | 花椒：适量 | 葱：适量 | 姜：适量 | 桂皮：适量 | 香叶：适量,"1 葱姜摘洗干净切好，大料冲洗干净。
2 排骨冷水下锅，加入料酒，葱姜，烧开煮10分钟。
3 捞出来冲洗干净，控干。
4 锅内倒油，下入排骨炒干表面水分。
5 加入料酒去腥。
6 加入各色大料翻炒。
7 先加入一小碗醋，约50克，翻炒去腥。
8 加入生抽，老抽，十三香翻炒均匀，提香上色。
9 再加入一大碗醋，大概500克。煮开之后加水不用盖盖子进行炖煮。（陕西关中臊子肉，臊子排骨就是醋特别多，有的地方都不加水，纯醋炖。）
10 大火烧开后转小火炖煮一个小时。
11 肉熟后加少许盐，转大火收汁。
12 酸香不腻，臊子排骨。"
662171,https://home.meishichina.com/recipe-662171.html,香芹豆干炒腊肠,香芹：一小把 | 豆干：3片 | 腊肠：一根,红辣椒：适量 | 姜蒜：适量,油：适量 | 生抽：适量 | 蚝油：适量 | 盐：适量,"1 香芹摘洗干净切段，腊肠和豆干冲洗干净。
2 锅内烧开水，香芹稍微焯烫一下，捞出来控干。
3 其他食材切好备用。
4 辣椒摘洗干净切段，姜蒜切好备用。
5 锅内倒油，下入香肠翻炒至透明。
6 下入小料炒香。
7 倒入香芹和豆干翻炒。
8 依次加入料酒，蚝油，盐继续翻炒。
9 炒熟出锅。
10 香芹豆干炒腊肠。"
662183,https://home.meishichina.com/recipe-662183.html,酱焖老南瓜,老南瓜：适量,黄豆酱：适量 | 大蒜：适量,盐：适量,"1 老南瓜去皮。
2 切块。
3 锅子烧热放入大蒜蓉。
4 放入老南瓜。
5 放入适量黄豆酱。
6 调味即可。
7 开动了。"
662088,https://home.meishichina.com/recipe-662088.html,野生菇蒸鸡腿,野生菇：适量 | 鸡腿：适量,生抽：适量 | 胡椒粉：适量 | 糖：适量 | 姜：适量 | 生粉：适量 | 猪油：适量,盐：适量,"1 鸡腿斩件。
2 加入适量生抽胡椒粉糖盐拌匀。
3 野生蘑菇泡水洗净。
4 锅子烧热放入蘑菇。
5 加入一勺肥油。
6 放入大碗里。
7 放入鸡腿蒸20分钟。
8 开动了。"
662175,https://home.meishichina.com/recipe-662175.html,莲藕蒸肉饼,莲藕：200g,前夹肉（猪肉）：600g,胡萝卜：一小段 | 香菇：6个 | 鸡蛋：2个 | 盐：适量 | 鸡精：适量 | 酱油：1勺 | 蚝油：1勺 | 白糖：1小勺 | 葱：适量 | 姜：两片 | 淀粉：2勺,"1 首先先把材料准备，猪肉和莲藕我一起打碎搅拌在一起了，胡萝卜切丁，香菇泡发好后切丁，葱姜水准备好放一边备用。
2 把胡萝卜，香菇丁一起倒入莲藕猪肉里面，分几次加入葱姜水一起搅拌，搅打均匀。
3 接着加入调味料适量的盐，鸡精，一勺生抽，一勺蚝油，一小勺白糖，两勺淀粉，一起搅拌均匀。
4 搅拌均匀后平铺碟子，再在中间凹个窝进去。
5 打入两个鸡蛋，旁边用筷子搓几个小洞排气，蒸锅中水开上气后，蒸15分钟。
6 时间到了，取出来，撒点葱花再淋些许白灼汁，就可以开吃了??
7 上个莲藕蒸肉饼的全家福照片结束今天这道菜的介绍。"
662157,https://home.meishichina.com/recipe-662157.html,低脂餐,鸡蛋：两个 | 番茄：一个,塔菜：适量,油醋汁：适量,"1 锅中入水放入鸡蛋煮沸，关火焖五六分钟即可。
2 塔菜洗净控水。
3 锅另入水煮沸，放入塔菜焯断生即可。
4 番茄洗净切块备用。
5 塔菜炒好后摆入盘中。
6 鸡蛋改刀依次放入。
7 再放入切好的番茄盘。
8 淋入油醋汁即可享用。"
662153,https://home.meishichina.com/recipe-662153.html,煎土豆饼,面粉：2勺,土豆：1个 | 鸡蛋：1个,盐：0.3g | 鸡精：0.3g,"1 准备鸡蛋1个，大葱2根，土豆1个，面粉2勺。
2 加水将面粉和糊，鸡蛋打散小葱切末搅拌一起。
3 将和好的面糊，用铲子平铺在电饼铛内。
4 土豆饼做好后，用刀在电饼铛切8块。
5 切好后，将饼摆在盘中。"
661924,https://home.meishichina.com/recipe-661924.html,腐竹焖羊肉,羊肉：适量 | 腐竹：适量,八角：适量 | 桂皮：适量 | 香叶：适量 | 葱花：适量 | 生姜：适量,花生油：适量 | 蚝油：适量 | 老抽：适量 | 盐：适量,"1 腐竹提前泡发备用。
2 生姜，八角，桂皮，香叶备用。
3 羊肉冷水下锅焯烫出血水后洗净。
4 锅中热油炒香配料。
5 放入羊肉翻炒炒香。
6 加入适量蚝油，老抽。
7 翻炒均匀上色。
8 加入适量清水。
9 将羊肉转入高压锅中。
10 大火煮开转小火20分钟。
11 压软烂的羊肉倒入砂锅中。
12 放入泡发好的腐竹。
13 大火煮开，少许盐调味，稍微收汁即可。"
662123,https://home.meishichina.com/recipe-662123.html,清炖牛排骨,牛排骨：三斤,红辣椒：适量 | 大葱：适量 | 姜：适量 | 花椒：适量,水：适量 | 料酒：适量 | 盐：适量,"1 牛排骨洗净备用。
2 大葱和姜，红辣椒改刀备用。
3 锅中入水放入牛排骨，淋料酒放入花椒煮沸焯水。
4 另起锅放入焯水后的牛排骨，放入水适量即可，加入姜，葱和花椒。
5 大火煮沸，加盐调味。
6 盖上盖子小火炖一个半小时左右，口感根据自己喜欢可以调整时间。
7 牛排骨熟后可以搭配蘸料碟，也可搭配小菜同食。
8 好吃又简单的清炖牛排骨就可以享用啦。"
657293,https://home.meishichina.com/recipe-657293.html,红烧羊排,羊排：二斤,黄豆酱：二大勺 | 生抽：适量 | 冰糖：适量 | 葱姜料酒：适量 | 老抽：适量 | 炖肉料包：一个 | 红辣椒：几个,,"1 羊排洗净焯水。
2 加入豆瓣酱二勺，红辣椒和葱，姜，炖肉料包和适量冰糖，蚝油料酒适量开水莫过羊排开始炖。
3 加热水大??烧开小火慢炖1小时。
4 时间差不多就收汁。
6 家常做法仅供参考。"
658072,https://home.meishichina.com/recipe-658072.html,软炸虾仁,大虾：一斤,油：适量 | 土豆淀粉：适量 | 白胡椒：适量 | 盐：适量,,"1 大虾开背洗净去除虾线。
2 调一个淀粉糊，大虾用白胡椒和盐腌一下放到淀粉糊了让每一个大虾都挂上面糊，最后封食用油。
3 油锅五成热，加入虾仁，定型之后翻动。
4 二面炸至金黄色捞出。
5 成品上图。"
662113,https://home.meishichina.com/recipe-662113.html,胡萝卜鸡蛋饼,胡萝卜：2根 | 鸡蛋：3个,香葱：2棵,盐：0.2g | 鸡精：0.2g | 醋：0.2g,"1 准备胡萝卜2根鸡蛋2个香葱1根。
2 胡萝卜切丝鸡蛋打散放碗中香葱切末。
3 将调好的鸡蛋液倒入电饼铛中。
4 鸡蛋饼煎好后切8部分用刀。
5 装入盘中，摆好造型。"
661922,https://home.meishichina.com/recipe-661922.html,鸡肉蔬菜锅,鸡腿：2个 | 胡萝卜：适量 | 洋葱：适量 | 海鲜菇：适量 | 包菜：适量 | 西兰花：适量,蒜头：适量 | 葱花：适量,花生油：适量 | 玉米淀粉：适量 | 老抽：适量 | 蚝油：适量 | 盐：适量,"1 鸡腿肉斩块后洗净。
2 加入适量玉米淀粉，老抽，蚝油。
3 抓拌均匀后适量花生油锁住水份。
4 蒜头去皮衣后切片。
5 洋葱洗净切细备用。
6 海鲜菇清洗干净备用。
7 胡萝卜洗净去皮切片。
8 西兰花洗净备用。
9 包菜手撕成块洗净。
10 锅中热油放入蒜片炒香。
11 放入洋葱炒出香味。
12 放入胡萝卜。
13 翻炒均匀。
14 放入鸡腿肉。
15 放入西兰花和海鲜菇。
16 放入包菜。
17 盖上盖子小火煲。
18 中途勤翻动。
19 煲至所有配菜断生，少许盐调味即可。"
662028,https://home.meishichina.com/recipe-662028.html,清蒸大闸蟹,大闸蟹：4只,,,"1 刚买的大闸蟹，还活看呢，反复清洗干净。
2 锅中水烧开，再放笼屉入锅蒸15至20分钟(根据大闸蟹的个头大小而定)。
3 蒸熟取出，装盘中，大闸蟹大小均匀，出锅颜色真漂亮！
4 根据个人口味自调沾汁，大闸蟹味道鲜美（4只大闸蟹分两个盘子拍照)。
5 大闸蟹颜色太漂亮了，口味鲜美、个个有黄。"
662087,https://home.meishichina.com/recipe-662087.html,娃娃菜煎蛋,娃娃菜：适量 | 鸡蛋：适量,大葱：适量 | 胡椒粉：适量,盐：适量,"1 娃娃菜洗净。
2 切碎。
3 大葱切碎。
4 放入盆里。
5 打入鸡蛋。
6 加入适量盐拌匀。
7 锅子烧热放入蛋液煎熟。
8 开动了。"
661909,https://home.meishichina.com/recipe-661909.html,酸梅蒸五花肉,五花肉：适量,生姜：适量,花生油：适量 | 玉米淀粉：适量 | 潮汕咸梅：适量,"1 五花肉去皮洗净切薄片。
2 潮汕酸梅去核后切细备用。
3 生姜切细备用。
4 五花肉放入盘中。
5 加入玉米淀粉。
6 放入姜丝。
7 放入酸梅。
8 将五花肉揉抓均匀。
9 适量花生油抓匀锁住水份。
10 将五花肉平铺开。
11 上锅蒸20-30分钟，时间根据自己喜欢的口感。
12 出锅前加上适量葱花即可。"
662077,https://home.meishichina.com/recipe-662077.html,清蒸黄花鱼,黄花鱼：1条,葱丝：适量 | 胡萝卜丝：适量 | 元葱丝：适量 | 白熟芝麻：适量 | 葱段：适量,料酒：适量 | 盐：适 | 白灼汁：适量,"1 购买的黄花魚真空包装并且是收拾干净的魚，打开包装又反复清洗干净，切斜刀容易入味。
2 加入料酒，撒入适量的食用盐腌制20分钟。
3 将锅中水烧开，盘子中加入葱段、白灼汁、水开蒸6分钟，取出倒掉蒸魚汤、扔掉葱段，再加入适量熟油，白灼汁继续蒸6分钟(一共蒸12分钟即可)。
4 加入葱丝，胡萝卜丝、元葱丝、撒入白芝麻即可(因不想涉入太多的食用油，所以未洗热油)。"
662075,https://home.meishichina.com/recipe-662075.html,泡椒木耳土豆丝,土豆：适量 | 木耳：适量,葱：适量,干辣椒：适量 | 泡椒碎：适量 | 盐：适量 | 味精：适量 | 油：适量,"1 热油放入泡椒碎和干辣椒段炒香。
2 放入土豆丝。
3 放入土豆丝翻炒。
4 放入木耳丝，然后放入盐和味精调味。
5 最后放入葱花。
6 翻炒片刻即可出锅即可。"
661872,https://home.meishichina.com/recipe-661872.html,剁椒肉沫魔芋,魔芋：适量 | 肉沫：适量,葱花：适量,花生油：适量 | 老抽：适量 | 泡椒：适量 | 泡姜：适量 | 蒜末：适量 | 剁椒：适量 | 蚝油：适量,"1 肉沫提前剁碎备用。
2 泡椒泡姜清洗后切碎。
3 蒜头拍扁剁碎备用。
4 魔芋冲洗后改刀切块。
5 锅中热油放入肉沫，翻炒均匀炒干水份。
6 加入适量蚝油将肉沫炒香。
7 放入蒜末。
8 放入泡椒泡姜。
9 加入剁椒，翻炒均匀炒出香味。
10 放入魔芋。
11 翻炒均匀。
12 加入适量清水。
13 适量老抽上色，煮开后焖五分钟左右入味。
14 出锅前加入葱花即可。"
662076,https://home.meishichina.com/recipe-662076.html,三葱炒鲈鱼,鲈鱼：一条,洋葱：适量 | 大葱：适量 | 小葱：适量 | 老姜：适量,盐：适量 | 生抽：适量 | 黄酒：适量 | 淀粉：适量,"1 小半个洋葱切块，大葱斜切马耳朵，小葱切段。
2 再准备点大葱老姜切丝，加点黄酒和清水，下手抓出汁水，放一旁备用。
3 鲈鱼让老板帮忙剁成块，拿回来加盐反复搓一会儿，再冲洗干净挤干水份。
4 鱼肉加点盐和生抽，再将葱姜水倒进来，和匀备用。
5 鱼块腌制半小时后，捡去葱姜不要，滗去腌出来的水，加点淀粉。
6 和匀备用。
7 起锅烧热加油，油热关小火，依次下鱼块煎。
8 高手可用平底铁锅操作。
9 勤翻面，至表面定型微焦。
10 全程中小火。
11 表面微焦后加点开水，放入三葱。
12 加点生抽，用筷子和匀，盖上盖子焖一到两分钟，开盖大火收汁。
13 起锅。
14 葱香浓郁，十分美味。"
662020,https://home.meishichina.com/recipe-662020.html,红焖羊排,羊排：1扇,葱段：适量 | 姜片：适量,食用油：适量 | 大料：1个 | 花椒：10粒 | 草果：1个 | 桂皮：1块 | 白芷：2片 | 丁香：3个 | 陈皮：适量 | 老抽：适量 | 红烧酱油：适量 | 盐：适量,"1 将羊排反复清洗干净（今天买的羊排非常新鲜)。
2 羊排放入锅中。
3 水开后放入适量的料酒、葱段煮至元血水即可。
4 锅中放入适量的食用油，加入各种香料小火炒香。
5 再加入老抽、红烧酱油。
6 加入适量食用盐。
7 放入煮好的羊排，加入姜片、葱段煮10分钟入味。
8 再倒入高压锅中，压别30分钟（根据自己所需要的口感而定)。
9 红焖羊排肉质鲜嫩，羊肉味浓郁。"
661907,https://home.meishichina.com/recipe-661907.html,红润卤猪皮,猪肉皮：适量,葱段：适量 | 红菜头：半个,大料：1个 | 花椒：10粒 | 桂皮：1小块 | 香叶：2片 | 食用油：适量 | 生抽：适量 | 红烧酱油：适量 | 盐：适量 | 鸡精：适量 | 冰糖：适量,"1 将猪皮洗净，放入锅中煮软，取出反复次刮猪皮，再将内皮油脂去掉，放于清水中(这是每次买肉剃下来的猪皮)。
2 锅中放入花椒、大料、生抽、红烧酱油、冰糖、葱段、放入猪皮煮15分钟。
3 捞出后将猪皮卷成卷，用线绳三道固定。
4 锅中放入适量食用油，再加入适量的大料、花椒、桂皮香叶小火炒香调料。
5 加入开水，生抽、红烧酱油、盐。
6 红菜头洗净去皮，擦成丝状。
7 将红菜头丝放入锅中，做为增色是我的个人创意（多数人用炒糖色的方法增色)。
8 再放入猪皮，水要落过猪皮煮制。
9 将猪皮煮35分钟过滤出渣料（根据猪皮的成熟度，及猪皮的颜色)，因为颜色比较漂亮，我也没再继续浸泡，马上取出来了。
10 猪皮卷凉了，颜色也逐渐稍深的颜色，但猪皮卷颜色非常漂亮。
11 这是过了两个小时，颜色又加深了些。"
662037,https://home.meishichina.com/recipe-662037.html,豆干焖五花肉,豆干：4块 | 五花肉：400g,香菇：6颗 | 虾米：适量,五香粉：适量 | 蚝油：适量 | 沙茶酱：适量 | 葱：适量 | 香菜：适量,"1 豆干4块，切片。
2 五花肉切片。
3 先下锅煎焦，去油，又能使日更香。
4 豆干下锅煎到二面金黄。
5 成型。
6 香菇切絲。
7 香菇絲爆香。
8 加入虾米炒香。
9 先下加五花肉，放水焖15分钟，再加豆干，焖15分钟完成。
10 完成。"
662031,https://home.meishichina.com/recipe-662031.html,鱿鱼炒萝卜,鱿鱼：2只 | 萝卜：2只,姜片：适量 | 香葱：适量,料酒：适量 | 酱油：适量 | 盐：适量 | 味精：适量 | 零卡糖：适量,"1 食材：鱿鱼、萝卜（已清洗）、姜片、香葱。
2 将鱿鱼去内脏去皮洗净捞出。
3 放在案板上切开。
4 将萝卜放在案板上切成片。
5 将姜片搁入清水锅中煮开。
6 随后，合入切好的鱿鱼、加适量的料酒。
7 焯上30秒捞出。
8 起锅倒油烧热，下入萝卜翻炒翻炒。
9 接着，加适量的清水煮至萝卜熟软。
10 然后，合入焯好的鱿鱼翻炒翻炒。
11 最后，加适量的酱油。
12 加适量的盐。
13 加适量的味精。
14 加适量的零卡糖。
15 调味炒匀，搁入香葱即成。"
661960,https://home.meishichina.com/recipe-661960.html,彩椒炒黑椒肉片,梅花肉：适量,圆青椒：适量 | 红椒：适量,花生油：适量 | 玉米淀粉：适量 | 老抽：适量 | 黑椒酱：适量 | 盐：适量,"1 梅菜瘦肉洗净切片。
2 加入玉米淀粉，老抽，黑椒酱抓拌均匀。
3 再适量抓匀锁住水份备用。
4 青黑椒洗净切小块。
5 红椒同样洗净切小块。
6 锅中热油放入肉片。
7 翻炒至七八成熟后盛出。
8 锅中热油放入彩椒翻炒。
9 放入炒过的黑椒肉片。
10 翻炒均匀。
11 少许盐调味。
12 成品翻炒均匀至断生即可。"
661975,https://home.meishichina.com/recipe-661975.html,丝瓜炒青椒,粗丝瓜：1根,蒜片：适量 | 小红椒片：适量,食用油：适量 | 料酒：适量 | 生抽：适量 | 盐：适量 | 鸡精：适量,"1 丝瓜洗净去皮，切成片状。
2 青椒切成丝，蒜切片，小红椒切片。
3 锅中放入适量食用油烧热，下入蒜片翻炒出香味。
4 再加入丝瓜片加入料酒、生抽、食用盐翻炒至八分熟，再加入青椒丝翻炒。
5 加入小红椒片，鸡精快速翻炒。
6 停火出锅。
7 将菜品盛入盘中，颜色青翠，口感清新可口。"
662022,https://home.meishichina.com/recipe-662022.html,蕃茄牛肉丸,牛肉：适量 | 蕃茄：适量,黑胡椒：适量 | 生抽：适量 | 鸡清：适量 | 生粉：适量 | 糖：适量,盐：适量,"1 蕃茄切块。
2 牛肉剁碎。
3 分别加入适量生粉生抽胡椒粉糖盐拌匀。
4 摔打成胶。
5 分成牛肉丸。
6 锅子烧热放入蕃茄。
7 加入肉丸。
8 煮熟调味即可。
9 开动了。"
661785,https://home.meishichina.com/recipe-661785.html,肉沫川粉,肉沫：适量 | 川粉：适量,葱花：适量,花生油：适量 | 蚝油：适量 | 老抽：适量 | 盐：适量,"1 前腿肉洗净切片剁碎备用。
2 川粉备用。
3 锅中热油放入肉沫。
4 将肉沫炒散开炒干水份。
5 加入适量蚝油，老抽，盐，鸡精。
6 翻炒均匀上色入味。
7 加入适量清水。
8 大火煮开两三分钟。
9 放入川粉。
10 煮开至川粉断生即可出锅。"
662012,https://home.meishichina.com/recipe-662012.html,烤牛排,牛里脊肉：800g,玉米淀粉：1勺,蚝油：2勺 | 黑椒汁：2勺,"1 小牛里脊切成2厘米厚的片。
2 用刀背轻轻拍打均匀。
3 加入蚝油、淀粉水抓匀，加入适量食用油拌匀腌制一晚。
4 直接放入空气炸锅200度8分钟全熟即可食用。
5 如果敢吃生一点的口感可以8分熟即可。
6 切好淋入黑椒汁即可，味道和牛排店里一样的呢。"
662008,https://home.meishichina.com/recipe-662008.html,猴头菇小炒,猴头菇：2个,猪里脊：150g | 鸡蛋：3个,大葱：半根 | 盐：适量 | 生抽：适量 | 食用油：适量 | 胡椒：适量,"1 食材按图准备好。
2 鸡蛋，肉片滑炒，备用。
3 猴头（干货要泡一晚，反复清洗，至水清，要不会苦）中火炒，放水，盖锅盖，小火焖5～8分钟。
4 焖好，下肉片和葱，大火炒，同时加盐和生抽。
5 葱变软，加之前炒好的鸡蛋，翻炒几下，放点香油和胡椒，起锅装盘。
6 不用放鸡精，耗油之类的，这菜清淡，有营养，配白粥比较合适。"
662006,https://home.meishichina.com/recipe-662006.html,豉汁蒸凤爪,鸡爪：500 克,南瓜：100 克 | 陈皮碎：20 克 | 洋葱碎：20 克 | 蒜碎：30 克 | 青红椒粒：20 克 | 豆豉：30 克,海鲜酱：50 克 | 柱候酱：50 克 | 蒜蓉辣酱：50 克 | 糖：100 克 | 松茸鲜：10 克 | 香油：20 克,"1 鸡爪子洗干净关节处切开挤出积液。剪掉指甲。改刀。用盐水泡出血水。
2 泡好的鸡爪放葱、姜、大料、桂皮。煮20分钟。里面（水开撇去浮沫）。捞出控干水分。
3 柱候酱、海鲜酱、蒜蓉辣酱加三陈皮的水调成酱汁。炒锅上火放底油。洋葱末、蒜末，陈皮碎爆香。倒入酱汁。小火炒制粘稠出香味。
4 控干水的鸡爪炸至金黄色，捞出。开水浸泡半小时。控水。放入炒好的酱汁拌均匀。盘儿点南瓜丁。放上拌好的鸡爪上整过蒸30分钟。"
662004,https://home.meishichina.com/recipe-662004.html,猪油渣炒菜心,菜心：适量 | 肥肉：适量,糖：适量 | 大蒜：适量,盐：适量,"1 菜心洗净。
2 切段。
3 肥肉切片。
4 锅子烧热放入肉片煎出油。
5 放入大蒜和菜心。
6 大火翻炒，调味即可。
7 开动了。"
662003,https://home.meishichina.com/recipe-662003.html,辣椒炒牛肉,牛肉：适量 | 辣椒：适量,姜：适量 | 大蒜：适量 | 生抽：适量 | 生粉：适量 | 胡椒粉：适量 | 糖：适量,盐：适量,"1 牛肉切片。
2 辣椒切圈。
3 加入适量生抽老抽胡椒粉糖盐生粉。
4 拌匀腌制15分钟。
5 锅子烧热一起放入。
6 加入适量白酒。
7 调味即可。
8 开动了。"
662000,https://home.meishichina.com/recipe-662000.html,五香脆皮豆干炒大葱,五香脆皮干：125克 | 大葱：2根,,酱油：适量 | 盐：适量 | 味精：适量,"1 食材：五香脆皮干、大葱。
2 将大葱去根清洗清洗捞出。
3 放在案板上切成片。
4 随后，取五香脆皮干放在案板上。
5 切成片。
6 起锅倒油烧热，下入切好的大葱翻炒翻炒。
7 接着，合入切好的五香脆皮干翻炒翻炒至大葱断生。
8 然后，加适量的酱油。
9 加适量的盐。
10 加适量的味精。
11 调味炒匀即成。"
661735,https://home.meishichina.com/recipe-661735.html,香菜炒牛肉,牛肉：适量 | 香菜：适量,洋葱：适量 | 姜丝：适量 | 生抽：适量 | 生粉：适量,盐：适量,"1 牛肉切片。
2 加入适量生抽老抽胡椒粉糖盐生粉。
3 拌匀腌制15分钟。
4 姜切丝。
5 洋葱切丝。
6 香菜切碎。
7 锅子烧热放入肉片。
8 放入洋葱姜丝。
9 放入香菜翻炒，调味即可。
10 开动了。"
661969,https://home.meishichina.com/recipe-661969.html,爆炒猪肝,猪肝：适量,洋葱：适量 | 姜丝：适量 | 辣椒：适量 | 荆芥：适量 | 生抽：适量 | 胡椒粉：适量,盐：适量,"1 洋葱切丝。
2 辣椒切丝。
3 猪肝切片洗去血水。
4 锅子烧热放入猪肝。
5 放入材料翻炒。
6 加入荆芥。
7 调味即可。
8 开动了。"
661968,https://home.meishichina.com/recipe-661968.html,蒜香水白菜,水白菜：适量,大蒜：适量 | 糖：适量,盐：适量,"1 水白菜洗净。
2 切段。
3 大蒜备好。
4 锅子烧热放入大蒜。
5 放入水白菜翻炒。
6 放入适量糖。
7 加入适量盐炒匀。
8 开动了。"
661970,https://home.meishichina.com/recipe-661970.html,瘦肉蒸蕉芋粉丝,蕉芋粉丝：适量 | 瘦肉：适量,娃娃菜：适量 | 上海青：适量 | 秋葵：适量 | 猪油：适量 | 生抽：适量 | 胡椒粉：适量 | 生粉：适量,盐：适量,"1 粉丝泡软。
2 娃娃菜切长条。
3 瘦肉切片加入适量生抽老抽胡椒粉糖盐生粉拌匀。
4 粉丝铺底码上娃娃菜。
5 铺上肉片蒸15分钟。
6 竹葵上海青飞水备用。
7 码盘即可享用了。"
661979,https://home.meishichina.com/recipe-661979.html,清炒菜花,菜花：500g,辣椒：0.2g,盐：0.2g | 鸡精：0.2g | 米醋：0.5g,"1 将菜花切成若干小块。
2 用水焯熟后捞出。
3 加辣椒盐鸡精放锅内翻炒。
4 盛入盘中。"
661957,https://home.meishichina.com/recipe-661957.html,干煸菜花,花椰菜：半个,姜片：适量 | 蒜片：适量 | 干辣椒：适量 | 青蒜：1棵,食用油：适量 | 豆酱：1勺 | 生抽：适量 | 蚝油：1勺 | 鸡精：适量,"1 花椰面反复洗净。
2 切成小朵。
3 姜、蒜切成片。
4 干红椒切段，用厨房用纸擦干净。
5 将花椰菜炒去水份。
6 已去除水份的状态。
7 锅里加入适量食用油烧热，放入姜、蒜片、及干红椒炒香。
8 炒出香味。
9 再放入一勺豆酱、一勺蚝油。
10 将料炒香。
11 放入花椰菜翻炒，加入青蒜、小红椒片、鸡精快速翻炒。
12 将菜品盛入盘中。"
661953,https://home.meishichina.com/recipe-661953.html,麻辣香锅大炖菜,毛白莱：300克 | 菠莱：_200克,油豆腐皮：2张 | 红枣：3棵 | 桂圆：3棵 | 上海青：2棵 | 银耳：适量,麻辣香锅料：1袋 | 保元汤：1大碗 | 盐：少许 | 枸杞子：6粒 | 大葱：少许,"1 锅里加水和保元汤烧开。
2 放入葱红栆桂圆小火煮。
3 放入发好的银耳碎。
4 海带丝。
5 油豆皮准备好。
6 把油豆皮撕成大块。
7 也下入锅里煮。
8 放入香锅料调味。
9 山药切成大三角。
10 把上海青也切成三角型。
11 也放到锅里。
12 拌匀。
13 尝一下味道还轻-些在少加一些。
14 半个小时好了。"
661732,https://home.meishichina.com/recipe-661732.html,排骨炖川粉,排骨：适量 | 川粉：适量,生姜：适量 | 葱花：适量,花生油：适量 | 生抽：适量 | 老抽：适量 | 蚝油：适量 | 盐：适量,"1 排骨冷水下锅焯烫出血水后洗净。
2 锅中热油放入姜片炒香。
3 放入排骨翻炒均匀。
4 加入适量蚝油，老抽，盐，翻炒均匀上色入味。
5 加入适量清水。
6 大火煮开转小火焖40分钟左右。
7 排骨焖入味软烂。
8 放入川粉。
9 煮开将川粉煮断生即可。"
661942,https://home.meishichina.com/recipe-661942.html,魔芋结炒五号菜,魔芋结：260克 | 五号菜：410克,小苏打：适量,酱油：适量 | 盐：适量 | 味精：适量,"1 食材：魔芋结、五号菜。
2 将五号菜掰开，加适量的小苏打。
3 放入清水浸泡片刻。
4 随后，将浸泡好的五号菜清洗清洗捞出。
5 放在案板上切开。
6 将魔芋结拆开包装，下入沸水锅中焯开捞出。
7 起锅倒油烧热，下入切好的五号菜翻炒翻炒。
8 接着，合入焯好的魔芋结翻炒一下。
9 然后，加适量的酱油。
10 加适量的盐。
11 加适量的味精。
12 调味炒匀即成。"
661941,https://home.meishichina.com/recipe-661941.html,番茄煮油面筋塞肉,猪肉：210克 | 油面筋：8个 | 番茄：3个,番茄沙司：适量,料酒：适量 | 酱油：适量 | 盐：适量 | 零卡糖：适量,"1 食材：猪肉（已清洗）、油面筋、番茄（已清洗）、番茄沙司。
2 将猪肉放在案板上切成块。
3 放入绞肉机里，加适量的料酒。
4 加适量的酱油。
5 加适量的盐。
6 盖上盖、调味搅成肉末。
7 开盖取出。
8 放入盘中。
9 随后，将油面筋戳一个洞，把肉末塞进去。
10 放入盘中。
11 将番茄清洗清洗捞出。
12 放在案板上划个十字刀。
13 放入盆里，用开水泡一会儿，去皮。
14 放在案板上切成块。
15 起锅倒油烧热，下入切好的番茄翻炒翻炒。
16 接着，合入油面筋塞肉加适量的清水。
17 翻动翻动煮上8到10分钟。
18 然后，加适量的番茄沙司。
19 加适量的盐。
20 加适量的零卡糖。
21 调味翻匀即成。"
661940,https://home.meishichina.com/recipe-661940.html,芋丝烙,芋头：500g,糯米粉：55g | 粘米粉：65g,蚝油：适量 | 鸡精：适量 | 五香粉：适量 | 糖：适量 | 葱：适量 | 虾米：适量 | 冬菇：6个 | 腊肠：适量,"1 芋头刨丝。
2 冬菇切粒。
3 腊肠切粒。
4 虾米切粒。
5 冬菇爆香后加入虾米和腊肠炒匀，放入刨好的芋丝里面。
6 带上手套抓匀。
7 下锅煮成饼状，上碟即可。"
661931,https://home.meishichina.com/recipe-661931.html,蒸芹菜叶,芹菜叶：适量,包谷面：适量 | 水：700毫升,牛肉酱：适量,"1 芹菜叶洗净放在盆里，放少许包谷面。
2 搅拌均匀。
3 上锅蒸12分钟备用。
4 小碗里加入祘米和牛肉酱。
5 倒入适量开水搅匀。
6 配一碗米饭吃美味。"
661908,https://home.meishichina.com/recipe-661908.html,醋溜豆芽,绿豆芽：适量,蒜头：适量 | 小米辣：适量,花生油：适量 | 盐：适量 | 陈醋：适量,"1 蒜头拍扁去皮衣备用。
2 小米辣切小备用。
3 绿豆芽洗净沥干水备用。
4 锅中热油放入蒜头和小米辣煸炒。
5 放入豆芽。
6 大火翻炒。
7 少许盐调味。
8 快速翻炒至断生。
9 少许陈醋炒匀后即可出锅。"
661920,https://home.meishichina.com/recipe-661920.html,泡椒炒西葫芦,西葫芦：适量,泡椒：适量 | 小洋葱：适量,盐：适量 | 味精：适量 | 油：适量,"1 热油放入泡椒。
2 炒香后放入切好的西葫芦。
3 翻炒片刻加入适量盐和味精调味。
4 出锅啦！"
661918,https://home.meishichina.com/recipe-661918.html,姜葱鱼片,鱼片：适量,姜片：适量 | 大葱圈：适量,酱油：适量 | 蚝油：适量 | 油：适量 | 淀粉：适量 | 花雕酒：适量 | 味精：适量,"1 先炒葱姜。
2 炒香放鱼片，鱼片先用淀粉和料酒腌一下。
3 放入调好的酱汁，蚝油和酱油少许味精。
4 翻炒均匀。
5 大火收汁。
6 起锅啦！"
661730,https://home.meishichina.com/recipe-661730.html,剁椒肉沫鸡蛋,鸡蛋：适量 | 肉沫：适量,香菜：适量 | 蒜末：适量,花生油：适量 | 老抽：适量 | 剁椒：适量 | 蚝油：适量,"1 肉沫提前绞碎备用。
2 蒜头拍扁剁碎。
3 香菜洗净切段。
4 锅中热油打入鸡蛋。
5 煎至两面金黄后盛出。
6 锅中底油放入肉沫炒散。
7 肉沫炒干水份后放入蚝油炒香。
8 放入蒜末。
9 放入剁椒翻炒炒香。
10 加入适量清水。
11 放入煎好的荷包蛋，煮开焖五分钟左右入味。
12 出锅前放入香菜即可。"
661912,https://home.meishichina.com/recipe-661912.html,清炖豆腐,豆腐：250g,青红椒：5g,盐：0.2g | 味精：0.2g | 醋：0.2g | 酱油：0.2g,"1 准备一块家里爸爸买来的豆腐。
2 将豆腐切成小块。
3 锅内放放蒜片青红尖椒炒香。
4 将切好的豆腐放锅里加水没过豆腐进行烹调。
5 煮熟后的豆腐盛入盘中。"
661911,https://home.meishichina.com/recipe-661911.html,芹菜叶拌木耳,芹菜叶：50克,木耳：适量 | 皮芽子：少许,盐：少许 | 醋：少许 | 香油：适量,"1 锅里加水烧开放油。
2 木耳油白菜邦子备用。
3 锅里倒入油白菜邦子木耳煮熟。
4 捞出备用。
5 把芹菜叶倒入锅里煮熟捞出来。
6 皮芽子倒在芹菜叶上。
7 加入盐香油醋调味拌匀。"
661904,https://home.meishichina.com/recipe-661904.html,双色蔬菜,丝瓜：1根,胡萝卜：1根 | 蒜蓉：适量,食用油：适量 | 料酒：适量 | 生抽：少许 | 盐：适量 | 鸡精：适量,"1 丝瓜洗净去皮，头一次买这种短粗的丝瓜。
2 将丝瓜去瓤，切菱形片状。
3 胡萝卜洗净去皮，切菱形片。
4 电热锅中放适量的食用油烧热，放入胡萝卜炒制。
5 加入料酒、生抽少许、盐、翻炒。
6 准备好的蒜蓉。
7 将蒜蓉放入锅中翻炒，加入适量鸡精翻炒即可。
8 成品出锅，颜色美观、碧绿的丝瓜与桔红色胡萝卜搭配既养眼，又营养。"
661697,https://home.meishichina.com/recipe-661697.html,烤贝贝南瓜,贝贝南瓜：适量,玉米淀粉：适量,花生油：适量 | 烧烤料：适量 | 盐：适量,"1 贝贝南瓜洗净去籽切块。
2 切好的南瓜放入盆中。
3 加入烧烤料。
4 加入少量盐。
5 加入玉米淀粉。
6 加入适量花生油。
7 翻拌均匀。
8 将南瓜放入烤盘中。
9 烤箱空气烤230度20分钟即可。"
661689,https://home.meishichina.com/recipe-661689.html,牛肉肥肠锅,牛肉：适量 | 卤大肠：适量 | 莲藕：适量 | 火锅川粉：适量,蒜末：适量 | 干辣椒：适量 | 葱花：适量,花生油：适量 | 火锅底料：适量 | 盐：适量 | 玉米淀粉：适量 | 老抽：适量 | 蚝油：适量,"1 牛肉洗净切薄片。
2 加入玉米淀粉，老抽，蚝油抓匀。
3 适量花生油抓拌均匀锁住水份备用。
4 莲藕洗净去皮切薄片。
5 卤好的肥肠改刀切块。
6 蒜末，葱花干辣椒和火锅川粉备用。
7 锅中热油放入火锅底料炒香。
8 加入适量清水，大火煮开。
9 放入莲藕。
10 放入肥肠煮十分钟左右。
11 放入川粉。
12 放入牛肉。
13 大火煮开至牛肉断生。
14 煮好后盛入碗中。
15 放入蒜末和干辣椒。
16 淋上热油，放入葱花即可。"
661650,https://home.meishichina.com/recipe-661650.html,豆豉蒜蓉蒸鸡爪,鸡爪：适量,小米辣：适量 | 蒜末：适量 | 豆豉：适量 | 葱花：适量,花生油：适量 | 蚝油：适量 | 老抽：适量 | 生抽：适量,"1 鸡爪洗净对半切开备用。
2 蒜头，小米辣和豆豉处理好备用。
3 锅中热油放入蒜蓉炒出香味。
4 放入小米辣和豆豉。
5 翻炒均匀炒香。
6 放入鸡爪翻炒均匀。
7 适量蚝油，老抽和生抽。
8 翻炒均匀上色入味。
9 炒过的鸡爪盛入碗里。
10 电高压锅隔水压蒸20分钟左右即可。"
661899,https://home.meishichina.com/recipe-661899.html,黑木耳茭白炒面筋,面筋：1根 | 茭白：2株 | 黑木耳：10克,,酱油：适量 | 盐：适量 | 零卡糖：适量,"1 食材：面筋、茭白（已剥壳清洗）、黑木耳（已泡发清洗）。
2 将面筋撕开。
3 将茭白放在案板上切成片。
4 接着，将切好的茭白和面筋、黑木耳下入沸水锅中焯上2分钟后捞出。
5 起锅倒油烧热，下入焯好的面筋、茭白和黑木耳翻炒翻炒。
6 然后，加适量的酱油。
7 加适量的盐。
8 加适量的零卡糖。
9 调味炒匀即成。"
661897,https://home.meishichina.com/recipe-661897.html,蘑菇虾味球炒西葫芦,蘑菇：4个 | 西葫芦：半根 | 虾味球：4个,,盐：适量,"1 食材：蘑菇（已清洗）、西葫芦（已清洗）、虾味球。
2 取虾味球4个放在案板上。
3 再切成片。
4 将蘑菇放在案板上切成片。
5 将西葫芦放在案板上切开撇去中间的瓤。
6 再切成片。
7 起锅倒油烧热，下入切好的蘑菇翻炒翻炒。
8 接着，合入切好的虾味球和西葫芦、加适量的清水。
9 翻炒翻炒。
10 然后，加适量的盐。
11 调味炒匀即成。"
661895,https://home.meishichina.com/recipe-661895.html,咸菜魔芋结炒西葫芦,西葫芦：半根 | 咸菜：135克 | 魔芋结：230克,,盐：适量 | 味精：适量,"1 食材：西葫芦（已清洗）、咸菜（已清洗）、魔芋结。
2 将咸菜放在案板上切碎。
3 将西葫芦放在案板上切开撇去中间的瓤。
4 再切成片。
5 将魔芋结拆开包装，下入沸水锅中焯开捞出。
6 起锅倒油烧热，下入切好的咸菜、西葫芦和焯好的魔芋结翻炒翻炒。
7 然后，加适量的盐。
8 加适量的味精。
9 调味炒匀即成。"
661868,https://home.meishichina.com/recipe-661868.html,野生蘑菇炒腊肠,野生蘑菇：适量 | 腊肠：适量,洋葱：适量 | 黄豆酱：适量 | 胡椒粉：适量,盐：适量,"1 蘑菇洗净。
2 洋葱切丝。
3 腊肠切片。
4 锅子烧热放入腊肠。
5 放入蘑菇。
6 加入适量黄豆酱。
7 翻炒调味即可。
8 开动了。"
661617,https://home.meishichina.com/recipe-661617.html,干煸豆角,豆角：适量,蒜末：适量,花生油：适量 | 盐：适量 | 孜然烧烤料：适量,"1 蒜头拍扁剁碎。
2 豆角摘洗干净备用。
3 锅中热油放入豆角。
4 将豆角摊开煸炒。
5 煸炒至起虎皮，加入适量蚝油炒匀。
6 放入蒜末。
7 加入孜然烧烤料翻炒均匀即可。"
661867,https://home.meishichina.com/recipe-661867.html,黄豆炖猪蹄,猪蹄：2个,黄豆：一小把,葱姜：适量 | 料酒：适量 | 生抽：适量 | 老抽：适量 | 蚝油：适量 | 十三香：适量 | 盐：适量 | 油：适量 | 八角桂皮香叶：适量 | 干辣椒：适量 | 花椒：适量 | 冰糖：适量,"1 黄豆提前泡软。
2 猪蹄凉水下锅，加入料酒，葱姜煮开去腥。
3 捞出来冲洗干净。
4 准备好调料。
5 锅里倒油，下入调料炒香。
6 倒入猪蹄翻炒至表面微黄，加入料酒翻炒。
7 加入生抽老抽，十三香炒匀。
8 倒入压力锅，加入蚝油和盐，压熟。
9 再倒入炒锅，加入黄豆炖煮，大火收汁。
10 香浓软糯～"
661847,https://home.meishichina.com/recipe-661847.html,油菜丝煎蛋,鸡蛋：3个,油菜叶：适量,食用油：适量 | 盐：适量,"1 油菜叶洗净。
2 再切成细丝。
3 2个鸡蛋打散，再加入适量的盐。
4 鸡蛋液中放入油菜丝。
5 鸡蛋好像不多，再加一个。
6 搅拌均匀，再倒入碗中。
7 锅中放入适量的食用油烧热，倒入鸡蛋液，小火煎制两面金黄。
8 盛入盘中鸡蛋饼，金黄色的鸡蛋，与丝丝绿色油菜搭配，使菜品纹理美观，口感鲜香。"
661869,https://home.meishichina.com/recipe-661869.html,山药胡萝卜炖丝瓜,山药：1根,胡萝卜：1根 | 丝瓜：1根 | 葱花：适量,食用油：适量 | 生抽：适量 | 料酒：适量 | 鸡精：适量,"1 胡萝卜洗净去皮切块。
2 丝瓜洗净去皮切滚刀块。
3 山药洗净去皮切滚刀块。
4 锅中放入食用油，料酒、盐、先放入胡萝卜及山药块炖煮。
5 八成熟再加入丝瓜。
6 炖煮5分钟即可，加入适量的鸡精。
7 盛入碗中，三色蔬菜不仅颜色美观，而且营养鲜美。"
661873,https://home.meishichina.com/recipe-661873.html,拔丝地瓜,地瓜：500g,绵白糖：100g | 玉米淀粉：适量 | 油：适量,,"1 地瓜去皮，切滚刀块，尽量扁一些容易熟。
2 水开了以后，地瓜煮1分钟。
3 看出来过冷水。
4 滤干水分，外面裹上薄厚适中的一层玉米淀粉。
5 油加热到筷子插进去冒泡，转中小火。
6 下地瓜不要翻动等定型，炸半分钟多。
7 半分钟多以后，偶尔翻动地瓜炸到熟透，全程中小火。我这个地瓜块大小大概用了7分钟。
8 熟透的标准是边缘有微微变色+筷子轻松可以穿透。
9 锅里喷点油，根据口味加80-130g糖，以及看起来比糖少的水，先大火煮。
10 全都融化以后转中小火，并全程不停搅拌防止糊底。
11 到这种琥珀色，马上关火，并把锅移走防灶台底温余热。
12 糖冷静半分钟多，下地瓜翻炒均匀。
13 出锅啦。"
661615,https://home.meishichina.com/recipe-661615.html,干锅花菜,花菜：适量 | 五花肉：适量,香葱：适量,花生油：适量 | 干锅酱：适量,"1 花菜清洗干净备用。
2 五花肉洗净切片。
3 香葱洗净切段。
4 锅中热油放入花菜煸炒。
5 炒至七八成熟后成出。
6 热锅放入五花肉。
7 煸炒出油脂。
8 放入干锅酱。
9 翻炒均匀入味。
10 放入花菜。
11 继续煸炒入味至花菜断生。
12 出锅前加入葱段即可。"
661834,https://home.meishichina.com/recipe-661834.html,松茸土豆片,松茸：适量 | 土豆：1个,葱花：适量 | 玉米淀粉：适量,欧芹海盐大蒜粉：适量,"1 鲜松茸洗净晾干。
2 土豆洗净去皮，切成片。
3 土豆中放入适量的玉米淀粉。
4 拌至均匀。
5 锅中食用油烧热，下入土豆片炸制。
6 炸制好的土豆片呈黄色，捞出控油。
7 将松茸也同样撒一点的水，加入玉米淀粉，入锅炸制。
8 炸制微黄，捞出控油。
9 将油炸松茸及土豆片盛入盆中，撒入欧芹海盐大蒜粉即可食用，脆香可口。"
661760,https://home.meishichina.com/recipe-661760.html,焖牛肉,牛里脊：适量,葱段：适量 | 美片：适量,食用油：适量 | 花椒：适量 | 大料：适量 | 白芷：适量 | 桂皮：1小块 | 草果：1个 | 冰糖：1块,"1 牛肉反复洗净，浸泡多次去血水，锅中冷水放入牛肉，加入料酒、葱段、姜片焯水。
2 焯水至熟，反复撤沫子。
3 锅中加入适量的食用油，加入调料慢慢炒出香味。
4 再加适量红烧酱油、老抽及开水烧开。
5 放入已焯好的牛肉煮10分钟。
6 再放入高压锅中，加入葱段、姜片压制20分钟。
7 压制好的牛肉已入味，浓郁的牛肉味道。
8 焖牛肉出锅，颜色红润、香气四溢。"
661589,https://home.meishichina.com/recipe-661589.html,千张结焖龙骨,千张：适量 | 龙骨：适量,姜：适量 | 生抽：适量 | 老抽：适量 | 黄豆酱：适量 | 糖：适量 | 洋葱：适量 | 荆芥：适量,盐：适量,"1 龙骨飞水后放入锅里炒糖色。
2 加入适量黄豆酱生抽老抽。
3 千张叠加打结。
4 洋葱切斜刀。
5 放入千张结焖熟。
6 放入洋葱翻炒。
7 加入适量荆芥。
8 调味即可。
9 开动了。"
661493,https://home.meishichina.com/recipe-661493.html,韭菜花炒小虾,韭菜花：适量 | 红椒：适量,小虾：适量,花生油：适量 | 盐：适量,"1 韭菜花摘去老根部分后洗净。
2 再改刀切小段。
3 蒸熟过的小虾备用。
4 红椒洗净切细备用。
5 锅中热油放入小虾。
6 煸炒至微焦。
7 放入线椒翻炒。
8 放入韭菜花。
9 翻炒均匀。
10 少许盐调味。
11 大火快速翻炒至断生即可。"
661828,https://home.meishichina.com/recipe-661828.html,酸菜炒鸡,嫩鸡：半只,酸菜或酸萝卜：少许 | 葱段：少许,胡椒粉：适量,"1 鸡半只，切小块，加盐料酒，姜丝，酱油，胡椒粉，油腌一个小时。
2 准备好蒜粒，花椒粒，红辣段。
3 准备好泡椒，切段。
4 泡姜切丝。
5 酸萝卜片，酸菜切段。
6 油烧热，下入姜片与鸡肉块翻炒。
7 一直炒至出油缩水，铲出。
8 锅里留余油，倒酸菜与大蒜粒翻炒。
9 倒入炒好的鸡肉，泡椒与泡姜丝，加蚝油，酱油。
10 倒开水焖一焖，水烧干，放葱段出锅即可！
11 酸辣开味的一盘菜就炒好上桌了！我可以连干三碗饭！"
661826,https://home.meishichina.com/recipe-661826.html,避风塘炒虾,基围虾：2斤,青红椒：各一个,糊椒粉：少许 | 料酒：少许 | 避风塘调料：1瓶,"1 虾去须与脚，头部斜切一刀，挤去虾肠，加盐姜与料酒，胡椒粉。
2 腌制一小时，倒去汁水，加入淀粉将其拌匀，让虾均匀的裹上粉。
3 锅里放油烧热，倒入虾煎，让其煎出虾油。
4 姜切粒，蒜切粒，青红辣椒切碎。
5 网上购买避风塘调料。
6 金黄色的，色泽诱人。
7 将煎好的虾铲出，下入煎，蒜，青红椒炒香。
8 倒入煎好的虾，倒半瓶避风塘调料，不用在加任何调料了。
9 把虾装盘，在洒上点避风塘料，就可以开吃了！"
661830,https://home.meishichina.com/recipe-661830.html,红烧肉小南瓜,小南瓜：1个 | 五花肉：适量,,葱：适量 | 姜：适量 | 蒜：适量 | 八角：适量 | 桂皮：适量 | 香叶：适量 | 辣椒：适量 | 生抽：少许 | 老抽：少许 | 冰糖：少许,"1 小南瓜一个洗净。
2 切块。
3 放入盆中加盐拌匀，目的是腌出水分。
4 准备好焯过水的五花肉。
5 调料：葱姜蒜、八角、香叶、桂皮、干辣椒少许。
6 热锅冷油加几粒冰糖。
7 冰糖化开起泡后，放入五花肉翻炒出焦糖色。
8 再加入所有调料。
9 再加生抽老抽适量翻炒均匀。
10 加热水末过食材，水加宽点，加盖小火慢炖。
11 大概十几分钟，汤汁渐收。
12 捞出不爱吃和不能吃的调料。
13 腌出水分的小南瓜冲洗一下盐分。
14 再将小南瓜用手攥出水分，放入盘中。
15 倒入锅中。
16 小南瓜同五花肉翻炒均匀。
17 再加盖文火慢炖。
18 收汁，喜欢汤汁拌饭的可以不收干。
19 装盘。
20 香喷喷的大米饭配上香喷喷的红烧肉小南瓜可以多吃一碗饭??"
661462,https://home.meishichina.com/recipe-661462.html,酱汁猪肠粉,猪肠粉：适量,香菇：适量 | 萝卜干：适量 | 蒜头：适量 | 葱花：适量,花生油：适量 | 生抽：适量 | 蚝油：适量 | 盐：适量,"1 香菇提前泡发后切小丁。
2 萝卜干洗净切小粒状。
3 蒜头拍扁剁碎。
4 锅中热油放入香菇炒出香味。
5 放入萝卜干翻炒炒香。
6 放入蒜末，翻炒均匀炒出香味。
7 加入适量清水。
8 加入蚝油，生抽，适量盐。
9 大火煮开转小火煮十分钟左右。
10 最后淀粉水勾芡。
11 大火煮开至浓稠后关火备用。
12 猪肠粉改刀切小段。
13 冷水上锅蒸热。
14 蒸好的猪肠粉盛入盘中，淋上提前炒好的酱油，加入葱花即可。"
661460,https://home.meishichina.com/recipe-661460.html,排骨贴饼,排骨：适量,面粉：适量 | 清水：适量 | 盐：适量 | 葱花：适量 | 姜片：适量,花生油：适量 | 生抽：适量 | 蚝油：适量 | 老抽：适量,"1 排骨冷水下锅焯烫出血水洗净。
2 锅中热油放入姜片翻炒。
3 放入排骨翻炒。
4 加入适量蚝油，生抽，老抽，盐。
5 炒过的排骨转入珐琅锅。
6 加入适量清水。
7 大火煮开后转小火焖40分钟左右。
8 适量面粉备用。
9 多次少量加入清水，搅拌成面絮。
10 揉成面团盖上醒发备用。
11 醒发好的面团揪成小面剂放入水中，静置20分钟左右以上。
12 开盖检查排骨是否焖软烂。
13 将小面剂按压在掌心后前后推开推薄。
14 放入锅中，盖上焖至贴饼断生。
15 出锅前加入葱花即可。"
661808,https://home.meishichina.com/recipe-661808.html,小银鱼葱花煎蛋,小银鱼：适量 | 鸡蛋：3个,绿葱花：适量 | 胡萝卜花：1片,食用油：适量 | 盐：适量,"1 小银魚干。
2 洗净，放入温水中浸泡10至15分钟。
3 打3个鸡蛋（竟有一个是双簧蛋呢）。
4 将鸡蛋打散，加入适量的盐、葱花、再加入小银魚搅拌均匀。
5 将鸡蛋液倒入锅中，用小火煎制。
6 小火慢煎，使鸡蛋液慢慢凝固，小银魚清晰可见。
7 上面鸡蛋液凝固，立马翻个面继续小火煎。
8 小银魚煎鸡蛋出锅装盘，胡萝卜花点缀。
9 小银魚煎鸡蛋既香，又有营养。
10 颜色美观，诱人食欲（正常拍照)。"
661801,https://home.meishichina.com/recipe-661801.html,白菜炖豆腐,白菜：适量 | 豆腐：200克,粉条：适量,油：少许 | 盐：少许,"1 豆腐买回来清洗干净备用。
2 切成三角块备用。
3 白莱叶子和邦子用手撕成大块。
4 放入盆里备用。
5 粉条用温水泡10分钟发好的。
6 加入味极鲜调味.
7 拌匀备用。
8 锅里倒油烧热。
9 倒入豆腐。
10 两面煎成金黄色。
11 装大碗里备用。
12 另起锅倒油烧热。
13 倒入白菜翻炒加盐调味。
14 加豆腐翻炒。
15 倒入粉条一起合炒。
16 拌匀即可。出锅。"
661678,https://home.meishichina.com/recipe-661678.html,板栗蒸土鸡,土鸡：适量 | 板栗：适量,生抽：适量 | 老抽：适量 | 胡椒粉：适量 | 姜：适量,盐：适量,"1 板栗去皮。
2 土鸡斩件。
3 加入适量生抽老抽。
4 加入适量胡椒粉糖盐拌匀。
5 放入大碗里。
6 放入鸡肉。
7 蒸35分钟即可。
8 开动了。"
661747,https://home.meishichina.com/recipe-661747.html,倒笃菜炒千张丝,千张：适量 | 倒笃菜：适量,黑木耳：适量 | 生抽：适量,盐：适量,"1 千张切丝。
2 倒笃菜。
3 黑木耳泡发后飞水。
4 锅子烧热放入倒笃菜炒香。
5 放入黑木耳。
6 放入千张丝。
7 加入适量生抽胡椒粉翻炒。
8 调味即可。
9 开动了。"
661788,https://home.meishichina.com/recipe-661788.html,姜丝炒公鸡鸡杂,鸡杂：适量,姜：适量 | 大蒜：适量 | 胡椒粉：适量,盐：适量,"1 公鸡鸡杂洗净。
2 大蒜压扁去皮。
3 嫩姜切丝。
4 锅子烧热放入鸡杂。
5 放入适量生抽。
6 放入姜丝大蒜胡椒粉。
7 调味即可。
8 开动了。"
661758,https://home.meishichina.com/recipe-661758.html,土豆炖红南瓜,南瓜：适量,土豆：1个 | 蒜蓉：适量 | 葱花：适量,食用油：适量 | 料酒：适量 | 五香粉：适量 | 鸡精：适量,"1 红色南瓜洗净去瓤。
2 将红色南瓜，土豆均切成块状，锅中加入适量食用油，五香粉小火炸香，加入生抽开水炖制。
3 炖至使其熟透，再加入盐、蒜蓉。
4 加入葱花并快速收汁即可。
5 将红南瓜炖土豆盛入盘中，不仅颜色美观，而且口感又面又糯很好吃。。"
661776,https://home.meishichina.com/recipe-661776.html,蔬菜松茸炖粉条,鲜松茸：适量,胡萝卜片：适量 | 圆白菜：适量 | 红薯粉条：适量 | 葱花：适量,生抽：少许 | 料酒：适量 | 鸡精：适量,"1 圆白菜洗净。
2 胡萝卜洗净去皮，切菱形片。
3 松茸处理干净。
4 将锅中放入适量的食用油、五香油、加入开水、料酒、生抽、放入泡好的地瓜粉，胡萝卜片、盐。
5 再加入鲜松茸煮制。
6 按程序最后放入圆白菜，稍煮。
7 放入适量鸡精。
8 撒入葱花即可。"
661795,https://home.meishichina.com/recipe-661795.html,快炒猪肝,猪肝：500克,水：500毫升,干辣椒：适量 | 盐：少许 | 料酒：适量 | 葱：2节 | 大祘：5头,"1 猪肝卖回来切成小薄片清洗干净。
2 加胡椒粉和姜粉腌制10分钟。
3 干辣椒祘姜放在小碗里。
4 料酒倒入小碗盘备用.
5 锅里倒入油烧热。
6 下入碗料及猪肝快速翻炒。
7 5分钟后即可关火。
8 装盘(成品图)。"
661766,https://home.meishichina.com/recipe-661766.html,辣椒炒肉,熟大肉：50克,红辣椒：丨个 | 青辣椒：2个,盐：少许 | 油：少许,"1 青红椒洗净备用。
2 熟大肉备用。
3 锅里倒油烧热。
4 下入葱和红椒和青辣椒。
5 下入熟大肉一起炒香。
6 加入盐调味。
7 装盘(成品图)。"
661235,https://home.meishichina.com/recipe-661235.html,瘦肉粉条炖山豆角,山豆角：适量 | 瘦肉：适量 | 粉条：适量,胡椒粉：适量 | 姜：适量 | 大蒜：适量,盐：适量,"1 瘦肉切片。
2 山豆角洗净分段。
3 材料如下。
4 粉条粉皮泡软。
5 锅子烧热放入肉片。
6 加入适量生抽。
7 放入山豆角加开水焖熟。
8 放入粉条煮熟后调味即可。
9 开动了。"
661676,https://home.meishichina.com/recipe-661676.html,青豆角炒腊肉,腊肉：适量 | 青豆角：适量,生抽：适量 | 胡椒粉：适量 | 姜：适量 | 大蒜：适量,盐：适量,"1 青豆角切段。
2 腊肠泡水后煮15分钟。
3 切片。
4 锅子烧热放入腊肉。
5 放入青豆角翻炒。
6 调味即可。
7 开动了。"
661787,https://home.meishichina.com/recipe-661787.html,娃娃菜炒千张丝,千张：适量 | 娃娃菜：适量,大蒜：适量 | 生抽：适量,盐：适量,"1 千张切丝。
2 娃娃菜切丝。
3 大蒜切碎。
4 锅子烧热放入娃娃菜。
5 放入千张丝。
6 加入适量生抽胡椒粉炒熟。
7 调味即可。
8 开动了。"
661789,https://home.meishichina.com/recipe-661789.html,豆豉炒辣椒,豆豉：适量 | 辣椒：适量,大蒜：适量 | 生抽：适量,盐：适量,"1 辣椒切丝。
2 大蒜压扁。
3 豆豉洗净。
4 锅子烧热放入辣椒。
5 放入豆豉翻炒。
6 放入大蒜炒熟调味。
7 开动了。"
661771,https://home.meishichina.com/recipe-661771.html,毛豆酸菜烧蛏子,毛豆：适量 | 蛏子：适量,腌菜：少许 | 姜：适量 | 蒜：适量,盐：少许 | 豆瓣酱：1勺 | 料酒：适量,"1 准备食材：毛豆剥皮冲洗干净沥干水份备用；蛏子用盐水浸泡半小时。
2 锅中将水烧开，放入蛏子，放入姜片，倒入料酒，煮至壳完全开，然后捞出蛏子过凉水，去壳备用。
3 锅内倒入适量油，放入蒜末和姜末，再倒入酸菜，加一勺豆瓣酱翻炒均匀。
4 随后放入毛豆，翻炒至变色。
5 再倒入蛏子，加少许生抽，盐调味。
6 再倒入半碗清水，煮至5分钟即可。
7 一道简单又下饭的美味小炒就可以开吃了。"
661395,https://home.meishichina.com/recipe-661395.html,板栗蒸鸡,鸡腿肉：适量 | 板栗：适量,生姜：适量 | 葱花：适量,花生油：适量 | 生抽：适量 | 蚝油：适量 | 玉米淀粉：适量 | 盐：适量,"1 斩块的鸡腿洗净备用。
2 生姜切细备用。
3 板栗冷水下锅煮开。
4 鸡腿加入姜丝。
5 加入生抽，蚝油，盐，玉米淀粉，花生油抓拌均匀腌制半小时左右。
6 煮开的板栗去皮备用。
7 鸡腿肉放入板栗拌匀。
8 将鸡腿肉和板栗均匀的铺在盘中。
9 锅中水开上锅蒸15-20分钟左右。
10 出锅前再加入适量葱花即可。"
661757,https://home.meishichina.com/recipe-661757.html,辣炒鸡胗酸豆角,鸡胗子：250g,酸豆角：1把 | 青蒜苗：1颗,小米辣：5个 | 葱姜蒜：适量 | 花椒粉：半勺,"1 鸡胗子洗净焯水切片。
2 酸豆角切末。
3 葱，姜，蒜，小米辣，切末。
4 青蒜苗切段。
5 姜，蒜，小米辣，爆锅后放入鸡胗翻炒。
6 加入生抽，蚝油，花椒粉，一点点盐调味。
7 入葱花。
8 酸豆角。
9 青蒜苗配色。
10 翻炒均匀。
11 上桌。"
661763,https://home.meishichina.com/recipe-661763.html,五香花生,生花生：150克,水：、6OO毫升,盐：少许 | 花椒：少许,"1 锅里水烧开。
2 倒入花生米煮开加入花椒大料。
3 盐调料慢火煮20分钟。
4 出锅捡去调料即可。"
661699,https://home.meishichina.com/recipe-661699.html,肉沫虾米焖冬瓜,冬瓜：适量,肉沫：适量 | 虾米：适量,花生油：适量 | 蚝油：适量 | 盐：适量,"1 前腿肉洗净切片后剁碎备用。
2 虾米清水洗净备用。
3 冬瓜去皮洗净切块备用。
4 锅中热油放入肉沫翻炒。
5 将水份炒干后加入蚝油炒香。
6 放入虾米。
7 翻炒均匀炒出香味。
8 放入冬瓜。
9 翻炒均匀。
10 加入适量清水。
11 将冬瓜转入珐琅锅里。
12 大火煮开焖至冬瓜断生，出锅前再酌情加盐调味。"
661749,https://home.meishichina.com/recipe-661749.html,空气炸锅小土豆,小土豆：500g,,辣椒面：20g,"1 选择大约一斤新鲜小土豆，洗干净。
2 放冷水里，烧开煮5分钟左右半熟，不要煮太熟了。
3 捞出放凉水里，去皮，放高压锅里。
4 空气炸锅200℃，最大火，20分钟。
5 直接吃，软糯。
6 也可以配合其他调料一起吃，比如烧烤料，蘸水等，我喜欢蘸水。"
661602,https://home.meishichina.com/recipe-661602.html,香麦杆炒腊肠,香麦杆：适量 | 腊肠：适量,大蒜：适量 | 生抽：适量,盐：适量,"1 香麦杆切斜刀。
2 腊肠切片。
3 大蒜切碎。
4 锅子烧热放入腊肠。
5 放入香麦杆翻炒。
6 加入大蒜蓉。
7 调味即可。
8 开动了。"
661731,https://home.meishichina.com/recipe-661731.html,肉沫焖白萝卜,白萝卜：适量 | 肉沫：适量,葱花：适量,花生油：适量 | 蚝油：适量 | 盐：适量,"1 肉沫提前绞碎备用。
2 白萝卜去皮洗净切滚刀块。
3 锅中热油放入肉沫，翻炒炒干水份。
4 适量蚝油炒匀。
5 放入白萝卜。
6 翻炒均匀。
7 加入适量清水。
8 大火煮开转小火焖。
9 焖至白萝卜断生，少许盐调味即可。"
661737,https://home.meishichina.com/recipe-661737.html,大烩菜,长豆角：50克 | 西红柿：|个,豆腐：适量,红辣椒：少许 | 盐：少许 | 香油：3滴,"1 把洗净的西红柿洋葱切成小块。
2 长豆角也切成小段备用。
3 豆角切成长条备用。
4 锅里放水烧开倒入配菜拌匀。
5 加入自家种的青菜。
6 翻炒均匀。
7 加入盐调味，到点香油出锅。"
661736,https://home.meishichina.com/recipe-661736.html,马蹄炒肉丝,瘦肉：适量 | 马蹄：适量,生粉：适量 | 生抽：适量 | 胡椒粉：适量 | 大蒜：适量,盐：适量,"1 马蹄去皮切片。
2 瘦肉切丝。
3 加入适量生抽胡椒粉糖盐生粉拌匀。
4 锅子烧热放入肉丝。
5 放入马蹄片。
6 放入适量生抽。
7 调味即可。
8 开动了。"
661727,https://home.meishichina.com/recipe-661727.html,肉丝蒜苔,蒜苔：一小把,里脊肉：适量 | 木耳：五六朵,,"1 洗干净。
2 木耳焯水三五分钟。
3 菜和肉切丝摆盘，里脊肉用了1/3。
4 葱姜爆香，放入肉丝翻炒变色，倒点酱油上色。
5 盛出备用。
6 另起锅，葱姜蒜爆香，放入蒜苔翻炒到变色。
7 加点盐，倒入木耳，炒好的肉丝。
8 翻炒一下，淋上香油。
9 上桌。"
661726,https://home.meishichina.com/recipe-661726.html,干炸大虾,新鲜活虾：10～20只,油：适量,盐：适量 | 白胡椒粉：适量 | 黄酒：1勺,"1 新鲜大虾。
2 处理干净去虾头虾线须子。
3 控干水份。
4 开背，加盐和白胡椒粉。腌2小时以上，这样炸货会入味。
5 厨房纸吸掉多余水。
6 油加热，八成热，油有点冒烟后，把虾放到锅中，开炸，小心爆锅，盖上盖子。
7 炸到表皮变脆就出锅。
8 控油。
9 摆盘。"
661717,https://home.meishichina.com/recipe-661717.html,羊肉炖胡萝卜,羊肉：一斤 | 胡萝卜：一个,枸杞：六颗 | 香菜：少许 | 当归：一条 | 姜片：五片,白酒：1匙 | 盐：1勺 | 白胡椒粉：1勺,"1 羊肉冷水下锅，倒入白酒浸泡半小时，去除羊肉的臊味。
2 点火，焯水五分钟，撇开浮沫捞出。
3 烧锅至冒烟，直接倒入羊肉，小火煸炒。
4 然后将羊肉移到入电压力锅。加入胡萝卜，姜片，当归，撒点盐。
5 开启羊肉模式炖煮40分钟左右。
6 开锅后撒入白胡椒粉，枸杞，香菜，出锅。"
661719,https://home.meishichina.com/recipe-661719.html,蒸红薯,红薯：4个 | 贝贝南瓜：2个,水：1000ml,,"1 当季新鲜小红薯。
2 在加两个贝贝南瓜一起蒸。
3 洗干净放到蒸锅。
4 开锅后20分钟。
5 用筷子能扎动，就好啦。"
661306,https://home.meishichina.com/recipe-661306.html,番茄排骨,排骨：适量,番茄：适量 | 葱花：适量,花生油：适量 | 生抽：适量 | 蚝油：适量 | 盐：适量 | 老抽：适量,"1 适量肋排备用。
2 将排骨改刀切块清水泡发洗净。
3 番茄去皮切块备用。
4 锅中热油，放入排骨煎至微焦，生抽，蚝油，老抽炒均匀上色。
5 锅中热油放入番茄，炒出茄汁。
6 放入煎炒过的排骨。
7 加入适量清水。
8 大火煮开转小火。
9 盖上煲45-60分钟左右。
10 排骨焖至软烂入味后大火收汁即可。"
661706,https://home.meishichina.com/recipe-661706.html,皮蛋青椒焖茄子,茄子：2根 | 皮蛋：2个 | 青椒：100g,小米椒：1个 | 蒜：6瓣,食用油：适量 | 盐：1匙 | 酱油：1勺 | 小磨香油：少许,"1 食材：茄子、皮蛋、青椒、小米椒、蒜。
2 先把茄子和皮蛋放蒸锅，蒸15分钟。
3 青椒去根，蒜剁碎、小米椒切粒。
4 锅烧干水分，放入青椒。
5 中小火炕干。
6 茄子蒸好了取出。
7 皮蛋剥去壳、青椒和茄子撕成条。
8 锅中热油，小米椒和蒜末爆香。
9 倒入皮蛋。
10 用锅铲切成小块，炒香。
11 倒入茄子，加盐翻炒入味。
12 倒入青椒。
13 最后倒入酱油上色调味，出锅前淋入一圈小磨香油即可。"
661657,https://home.meishichina.com/recipe-661657.html,土豆烧牛肉,熟牛肉：适量,土豆：50克,保元汤：适量 | 小肥羊：1包 | 小葱：适量,"1 小肥羊骨汤1包备用。
2 士豆洗净去皮。
3 熟牛肉备用。
4 保元汤一碗倒在锅里开后倒入土豆块。
5 将熟牛肉倒在锅里一起炖。
6 小葱切碎放在上面5分钟。
7 出锅了(成品图)。"
661677,https://home.meishichina.com/recipe-661677.html,茼蒿杆炒腊肠,茼蒿杆：适量 | 腊肠：适量,大蒜：适量 | 生抽：适量,盐：适量,"1 茼蒿子秆。
2 切段。
3 腊肠切片。
4 放入腊肠和茼蒿子秆。
5 翻炒加入适量生抽。
6 加入适量大蒜蓉。
7 调味即可。
8 开动了。"
661694,https://home.meishichina.com/recipe-661694.html,青椒胡萝卜炒鸡蛋,鸡蛋：3个,青椒：1个 | 胡萝卜：适量,料酒：适量 | 食盐：适量,"1 青椒洗净切丝。
2 胡萝卜擦成丝。
3 将鸡蛋洗净外皮，再打碗中。
4 将鸡蛋打散，加入适量料酒盐搅拌均匀。
5 将切丝的青椒打成碎。
6 不粘锅中加入适量食用油（我不加很多油，鸡蛋煎好油也正好，吃起来只香不腻。
7 将鸡蛋液倒入锅中，转小火煎制。
8 小火慢煎，再翻另一面继续小火煎制。
9 煎制双面金黄色，盛入盘中、青椒胡萝卜碎炒鸡蛋，颜色美观，营养丰富。"
661702,https://home.meishichina.com/recipe-661702.html,面豉蒸鱼头,鳙鱼头：一边（半只）,姜：1块 | 蒜：1粒,黄豆酱：1匙 | 油：适量 | 料酒：半匙,"1 鱼头让商家砍小块，处理干净，回家再洗一下。
2 姜蒜剁碎，黄豆酱，油，料酒拌匀。
3 把调理倒进鱼头。
4 充分拌匀。
5 摆到蒸盘里，腌十分钟入味。
6 水开后入锅蒸10分钟。
7 出锅前撒上葱花点缀。"
661226,https://home.meishichina.com/recipe-661226.html,黑白木耳炒肉片,瘦肉：100g | 黑木耳（干）：20g | 白木耳（干）：20g | 蒜苗：3棵,姜：两片 | 蒜：1粒,油：适量 | 盐：适量 | 生抽：适量,"1 黑白木耳泡发，洗净；瘦肉切片，用油盐生粉腌一下；蒜苗切小段；姜蒜剁碎。
2 热锅下油，爆香姜蒜沫。
3 倒入肉片滑炒至变色。
4 倒入黑白木耳。
5 翻炒片刻。
6 倒入蒜苗翻炒片刻。
7 倒入些许开水翻炒，盖上盖子焖煮。
8 3分钟后开盖，加入盐和酱油再翻炒片刻。
9 出锅享用美味，我家孩子超爱吃。"
661298,https://home.meishichina.com/recipe-661298.html,梅菜烧鸡爪,鸡爪：适量 | 梅干菜：适量,小米辣：适量 | 蒜末：适量 | 葱花：适量,花生油：适量 | 生抽：适量 | 老抽：适量 | 蚝油：适量 | 盐：适量,"1 梅菜干清水泡发一下。
2 鸡爪去甲后洗净。
3 将鸡爪冷水下锅焯烫至洗净备用。
4 锅中热油放入姜片炒香。
5 放入鸡爪翻炒。
6 加入适量蚝油，生抽，老抽，盐。
7 翻炒均匀上色。
8 将鸡爪转入高压锅。
9 加入适量清水，盖上煮开中小火压15分钟左右。
10 蒜头小米辣洗净切细。
11 锅中热油放入蒜末和小米辣。
12 放入梅菜干炒香。
13 放入焖好的鸡爪。
14 适量老抽翻炒上色。
15 加入适量鸡爪原汤，焖15分钟左右入味即可。"
571699,https://home.meishichina.com/recipe-571699.html,香煎鸡胸肉,鸡胸肉：10块,葱：4段 | 姜：4片,,"1 将鸡胸肉化冰。
2 鸡肉化开后，将厚的鸡胸肉切成两半，并将外层化成花刀。
3 然后依次放入葱，姜，五香粉，盐，生抽，味精，料酒，黑胡椒。
4 搅拌均匀腌制30分钟以上。
5 起锅烧油，小火，将鸡肉放进锅内煎至。
6 找个碗，放上料汁（料汁是两块鸡胸肉的量）。
7 煎至一面不粘锅，熟了，接着翻面继续煎。
8 煎的时候，可以将料汁涂抹在鸡肉上，上色。
9 最后把料汁都到进锅里，盖好盖儿，中小火炖至熟透就可以了。
10 完成。"
661673,https://home.meishichina.com/recipe-661673.html,清蒸黄花鱼,黄花鱼：1条,料酒：适量 | 白灼汁：适量 | 葱段：3段 | 胡萝卜丝：适量,盐：适量,"1 将黄花魚洗净去膛、去鳃、去磷、洗净均匀的斜刀，放入适量的料酒、盐腌制10分钟入味。
2 锅中有烧开，放入蒸魚盘子，5分钟后倒掉蒸魚的盘中水，放入葱段、再加入白灼汁继续蒸8分钟（可以去腥，根据魚的大小调制时间)。
3 蒸好的黄花魚肉质鲜嫩，汤鲜味美。
4 黄花魚口感细嫩，口味鲜美。"
661273,https://home.meishichina.com/recipe-661273.html,荷糖小炒,莲藕：适量 | 胡萝卜：适量 | 荷兰豆：适量,木耳：适量,花生油：适量 | 玉米淀粉：适量 | 盐：适量 | 鸡精：适量,"1 木耳提前泡发。
2 荷兰豆摘洗干净备用。
3 莲藕去皮洗净切片后泡在清水备用。
4 胡萝卜洗净去皮切薄片。
5 锅中水开，适量花生油后放入荷兰豆焯烫。
6 放入莲藕和胡萝卜焯烫断生捞出。
7 木耳下锅焯烫后捞出。
8 碗中适量玉米淀粉，盐和鸡精，加入清水搅拌均匀。
9 锅中热油放入焯过水的蔬菜。
10 放入木耳。
11 大火快速翻炒。
12 倒入提前调好的味汁，翻炒均匀勾芡即可。"
661664,https://home.meishichina.com/recipe-661664.html,脆皮炸丸子,后腿肉：500g,葱：块 | 姜：块,生抽：15g | 盐：15g | 淀粉：20g | 香油：10g,"1 肉馅搅打上劲。
2 汆丸子大火下锅转小火炸。
3 炖20分钟小火。"
661655,https://home.meishichina.com/recipe-661655.html,素炒菜花,菜花：半个,西红柿：1个,番茄酱：适量,"1 菜花切成小朵西红柿切片少量葱花。
2 热油，葱花爆香。
3 加入西红柿翻炒。
4 西红柿变粘稠，加入菜花。
5 翻炒均匀，加盐，挤点番茄酱。
6 如果干加少量水，不干锅就不用加水了，一会会出汤。
7 翻炒。盖上锅盖，闷墩五分钟，中途翻一次。
8 中途翻一次，大火煮就可以。
9 待汤干后，翻炒出锅。
10 淋上香油，上桌。"
661258,https://home.meishichina.com/recipe-661258.html,豆泡炒娃娃菜,娃娃菜：适量 | 豆泡：适量,小米辣：适量 | 蒜头：适量,花生油：适量 | 盐：适量 | 蚝油：适量 | 老抽：适量,"1 娃娃菜洗净，将叶子和梗部分分开。
2 蒜头和小米辣切碎备用。
3 豆泡对半切开。
4 锅中热油放入蒜末和小米辣。
5 放入菜梗翻炒。
6 加入适量清水。
7 加入豆泡。
8 放入菜叶子。
9 加入适量蚝油，盐，老抽，盖上焖炒至断生。"
661641,https://home.meishichina.com/recipe-661641.html,炖蔬菜,鲜蘑菇：适量,胡萝卜：适量 | 小油菜：适量,料酒：适量 | 生抽：少许 | 盐：适量 | 鸡精：适量 | 食用油：适量,"1 锅中水烧开加入少许食用油，放入胡萝卜煮一下，再放入整棵油菜烫一下捞出。
2 锅刷洗干净放入适量食用油，加入焯好的蘑菇、胡萝卜、及油菜段翻炒后加入适量开水，料酒、生抽、盐最后出锅前加少许鸡精。
3 将菜盛入大碗中，将小油菜依次摆放在一侧，一碗营养又有食欲的炖蔬菜端上餐桌。
4 再搭配一碗红白米饭做为早餐。"
661644,https://home.meishichina.com/recipe-661644.html,老萝卜干蒸肉饼,肉：250g | 老萝卜干：60g,生粉：若干 | 蛋清：一个 | 葱：若干,鸡精：若干 | 鱼露：若干,"1 肉切块，老萝卜干切粒和肉一起剁成肉泥。
2 取鸡蛋清，加入肉泥中。
3 加入调味料，然后在碗中摔打，使它起胶，能使口感更加爽口。
4 水开入锅8分钟，成。"
661619,https://home.meishichina.com/recipe-661619.html,家常熏鲅鱼,鲅鱼：两条3斤,,生抽：适量 | 味极鲜：适量 | 冰糖：适量 | 白酒：适量 | 料酒：适量,"1 将鱼洗净去除鱼鳃内脏。
2 切成厚片放入盆中。
3 放入葱段、姜片、料酒腌制。
4 准备一锅放入香料。
5 添加调料及少许水烧开，在小伙煮5分钟备用。
6 锅中放油，将鱼中葱姜挑去不要，放锅中中火慢炸。
7 炸好捞出。
8 放入香料锅里烧开关火，泡半小时后就可以啦。
9 美味下饭。"
661636,https://home.meishichina.com/recipe-661636.html,河南大烩菜,白菜：适量 | 红薯粉条：1把 | 老豆腐：200g | 肉丸：20个 | 五花肉片：少许,生姜：2片,盐：3g | 生抽：1勺 | 老抽：1勺 | 蚝油：1勺 | 白胡椒粉：2g | 料酒：0.5勺,"1 准备主要食材：老豆腐，红薯粉条，白菜，炸的肉丸。
2 豆腐提前切块煎一下，五花肉切薄片炝锅用，粉条泡软。
3 锅中放适量有，放姜片，五花肉煸炒出油，微焦黄，放料酒去腥。
4 加白菜翻炒变软。
5 一次性加足温水，放粉条，豆腐，肉丸。
6 根据口味放盐，白胡椒粉，生抽，老抽，蚝油，大火煮开转中火，炖10-15分钟。
7 汤汁不要收干，留一些更好吃。
8 大烩菜制作完成，一人一大碗，配馍，米饭，好吃得很！中！"
661608,https://home.meishichina.com/recipe-661608.html,红焖脊骨肉,脊骨肉：适量,料酒：适量 | 葱段：3段 | 姜片：3片,大料：2个 | 花椒：10颗 | 白芷：4个 | 丁香：2个 | 草果：1个 | 干辣椒：1个 | 盐：适量 | 老抽：适量 | 红烧酱油：适合 | 冰糖：1块,"1 购买的脊骨反复洗净，入锅焯水，加入料酒、葱段、姜片焯至熟(刚捞出)。
2 锅中放入适量的食用油，加入大料、花椒、白芷、丁香、草果将其炒香。
3 炒出香味再下入脊骨肉翻炒。
4 脊骨肉炒至上色后，加入适量的开水，再放入盐、葱段、姜片、冰糖、干红椒煮5分钟入味。
5 然后倒入高压锅中，压制10分钟。
6 香喷喷的脊骨肉出锅了。
7 又收了一下汁，颜色红润、香气四溢。"
661224,https://home.meishichina.com/recipe-661224.html,黄油煎虾,虾：适量,洋葱：适量,花生油：适量 | 黄油：适量,"1 虾洗净剪去虾枪。
2 适量洋葱洗净切细备用。
3 锅中底油放入虾。
4 煎至两面金黄微焦。
5 放入黄油。
6 煎炒至黄油融化，虾均匀入味。
7 放入洋葱大火翻炒炒香即可。"
661625,https://home.meishichina.com/recipe-661625.html,家乡炸猪肉丸子,前腿肉馅：600g | 剩馒头：4个,大葱：1段 | 鸡蛋：1个,盐：少许 | 十三香：2g | 花椒粉：2g | 生抽：1勺 | 老抽：1勺 | 淀粉：2勺 | 蚝油：1勺,"1 准备主要食材：猪前腿肉馅600克，剩的凉馒头打碎，大葱一段，鸡蛋一个。
2 肉馅中加盐，十三香，花椒粉，鸡蛋，淀粉，生抽，老抽，蚝油，大葱切碎。
3 朝着一个方向搅打上劲。
4 加入干馒头，肉馅如果太干可加一点清水。
5 这是制作好的肉馅。
6 锅中放适量油，油温6成热放入团好的丸子，刚开始中火炸定型，转小火炸到丸子飘起来，最后转大火炸出焦壳。
7 大约需要6-8分钟左右，控油捞出。
8 趁热吃外焦里软，放凉了别有一番风味。
9 炸多些存放起来，可做大烩菜，蒸扣碗，还是小时候的味道……"
661618,https://home.meishichina.com/recipe-661618.html,青豆角炒回锅肉,青豆角：适量 | 回锅肉：适量,大蒜：适量,盐：适量,"1 回锅肉切片。
2 青豆角洗净切段。
3 锅子烧热放入肉片。
4 放入青豆角翻炒。
5 放入蒜蓉。
6 调味即可。
7 开动了。"
661601,https://home.meishichina.com/recipe-661601.html,麻酱拌香麦菜,香麦菜：适量,麻酱：适量 | 生抽：适量 | 醋：适量 | 花生油：适量,盐：适量,"1 香麦菜洗净。
2 锅子加水煮沸，加入适量盐和猪油。
3 放入香麦菜。
4 材料如下。
5 加入适量生抽老醋。
6 加入适量芝麻酱。
7 拌匀即可。
8 开动了。"
661209,https://home.meishichina.com/recipe-661209.html,紫菜鱿鱼肉饼,肉丸酱：适量 | 鱿鱼：适量,紫菜：适量,花生油：适量,"1 紫菜下锅小火煎。
2 煎至两面变色后装袋子里捏碎。
3 市场买的新鲜肉丸酱。
4 鱿鱼处理干净后切小粒。
5 肉丸酱放入切好的鱿鱼和花生油。
6 放入紫菜碎。
7 搅拌均匀。
8 将肉饼搓小球后按压成小饼状。
9 操作完成的肉饼下锅小火煎，煎至两面金黄即可。"
661613,https://home.meishichina.com/recipe-661613.html,咸菜毛豆煮油豆腐,毛豆：250克 | 油豆腐：110克 | 咸菜：196克,,盐：适量 | 味精：适量,"1 食材：毛豆、油豆腐、咸菜（已清洗）。
2 将毛豆剥壳淘洗干净。
3 将油豆腐放在案板上切开。
4 将咸菜放在案板上切碎。
5 起锅倒油烧热，下入毛豆翻炒翻炒。
6 接着，合入切好的油豆腐和咸菜、加适量的清水。
7 翻动翻动煮上6到7分钟。
8 然后，加适量的盐。
9 加适量的味精。
10 调味翻匀即成。"
661612,https://home.meishichina.com/recipe-661612.html,青红椒炒鱿鱼,鱿鱼：420克 | 青椒：1个 | 红椒：1个,姜片：适量,料酒：适量 | 酱油：适量 | 盐：适量,"1 食材：鱿鱼、青红椒（已去蒂去籽清洗）、姜片。
2 将鱿鱼去内脏去皮洗净捞出。
3 放在案板上切开。
4 将青椒和红椒放在案板上切开。
5 将姜片搁入清水锅中煮开。
6 随后，合入切好的鱿鱼、加适量的料酒。
7 焯上30秒捞出。
8 起锅倒油烧热，下入切好的青红椒翻炒翻炒。
9 接着，合入焯好的鱿鱼翻炒翻炒。
10 然后，加适量的酱油。
11 加适量的盐。
12 调味炒匀即成。"
661599,https://home.meishichina.com/recipe-661599.html,大头菜丝炒毛豆,毛豆：410克 | 干大头菜丝：60克,,盐：适量 | 味精：适量,"1 食材：毛豆、干大头菜丝。
2 将毛豆剥壳淘洗干净。
3 将干大萝卜丝用清水浸泡5到10分钟。
4 接着，将浸泡好的萝卜丝捞出控干水分。
5 将毛豆下入沸水中焯上5到6分钟捞出。
6 起锅倒入油烧热，下入焯好的毛豆和大头菜丝翻炒翻炒。
7 然后，加适量的盐。
8 加适量的味精。
9 调味炒匀即成。"
661598,https://home.meishichina.com/recipe-661598.html,小黄鱼煮百叶,小黄鱼：2条 | 厚百叶：163克,姜片：适量 | 香葱：适量,料酒：适量 | 酱油：适量 | 盐：适量 | 零卡糖：适量,"1 食材：小黄鱼（已洗净）、厚百叶、姜片、香葱。
2 将厚百叶放在案板上切开。
3 随后，将切好的厚百叶下入沸水锅中焯上1到2分钟捞出。
4 起锅倒油烧热，下入小黄鱼两面煎一下。
5 接着，搁入姜片、加适量的料酒。
6 加适量的开水。
7 加适量的酱油。
8 加适量的盐。
9 加适量的零卡糖。
10 调味烧煮5到6分钟。
11 然后，合入焯好的厚百叶翻动翻动烧煮1到2分钟。
12 最后，搁入香葱即成。"
661596,https://home.meishichina.com/recipe-661596.html,瘦肉咸菜炒魔芋结,魔芋结：230克 | 瘦肉：95克 | 咸菜：120克,,料酒：适量 | 盐：适量 | 味精：适量,"1 食材：魔芋结、瘦肉（已清洗）、咸菜（已清洗）。
2 将瘦肉放在案板上切成丝。
3 将咸菜放在案板上切碎。
4 将魔芋结拆开包装，下入沸水锅中焯开捞出。
5 起锅倒油烧热，下入切好的瘦肉翻炒翻炒，加适量的料酒。
6 加适量的盐。
7 调味翻炒翻炒。
8 接着，合入切好的咸菜和焯好的魔芋结翻炒翻炒。
9 然后，加适量的味精。
10 炒匀即成。"
661206,https://home.meishichina.com/recipe-661206.html,红烧狮子头,五花肉：适量,马蹄：适量 | 鸡蛋：适量 | 大葱：适量,花生油：适量 | 玉米淀粉：适量 | 老抽：适量 | 生抽：适量 | 蚝油：适量 | 盐：适量,"1 马蹄去皮洗净备用。
2 将马蹄剁碎。
3 五花肉绞碎或者剁碎备用。
4 加入适量蚝油，盐，生抽，老抽。
5 加入马蹄碎。
6 加入玉米淀粉和鸡蛋。
7 摔打搅拌均匀至粘稠状。
8 加入适量花生油拌匀锁住水份。
9 揪一肉馅搓成圆球。
10 锅中热油放入狮子头。
11 大火将狮子头炸至金黄定型我盛出。
12 大葱洗净切细。
13 锅中热油放入大葱炒出香味。
14 加入适量清水。
15 加入适量老抽，生抽。
16 放入炸好的狮子头。
17 大火煮开转中小火焖20分钟左右。
18 狮子头焖入味后适量淀粉水勾芡即可。"
661593,https://home.meishichina.com/recipe-661593.html,蒜香剥皮鱼,新鲜的剥皮鱼：半斤,蒜米：25克,盐：适量 | 鸡精：适量 | 姜：适量,"1 蒜米和姜加适量的盐、鸡精搅拌盖保鲜膜放冰箱冷藏6小时。
2 把剥皮鱼从冰箱拿出来，腌制好的剥皮鱼摆在空气炸锅中，刷上猪油，用腌制的蒜和姜蒲在剥皮鱼的上面，用200度20分钟烤第一次，然后翻过来再烤20分钟，记得要刷上一次油。
3 完成。
4 “功德圆满”。"
661401,https://home.meishichina.com/recipe-661401.html,可乐鸡翅,鸡中翅：5个,葱段：若干,生抽：1匙 | 老抽：半匙 | 冰糖：4颗 | 百事可乐：1罐 | 白芝麻：少许,"1 在鸡翅两面划刀，以便入味。
2 把鸡翅放入冷水中焯水，倒入料酒去腥。
3 煮开后捞去浮沫。
4 把鸡翅捞出。
5 锅内倒入油并撒盐，以防粘锅。
6 小火慢煎至鸡翅两面金黄。
7 加入葱白，生抽，老抽，冰糖。
8 倒入可乐淹没鸡翅。
9 盖上锅盖小火慢熬。
10 大火收汁并撒上白芝麻。
11 最后撒上葱花，出锅。"
661586,https://home.meishichina.com/recipe-661586.html,大肉炒笋丝,熟大肉：少许 | 笋子：一根,红辣椒：|个,盐：少许,"1 笋子去皮备用。
2 笋叶剥下后放盆里加盐杀菌另外用。
3 把笋子擦丝备用。
4 锅里放油下葱段炒香。
5 红辣椒切丝。
6 放入熟大肉和辣椒丝翻炒勻。
7 炒匀后出锅。"
661585,https://home.meishichina.com/recipe-661585.html,炒红烧肉,大肉：3OO克,保元汤：一碗,花椒：适量 | 冰糖：3块 | 辣皮子：3个 | 山楂：适量 | 味极鲜：适量,"1 大肉切成小块备用。
2 锅里烧水开后下入大肉块焯水。
3 捞出来过一下开水控水。
4 大葱切段备用。
5 干红辣椒切段备用。
6 生姜片备用。
7 放入山楂片。
8 剩下调料备用。
9 碗里放入味极鲜和盐备用。
10 保元汤一碗备用。
11 锅里放入及所有调料味及大肉块。
12 开大火煮上20分钟后改小火。
13 炒熟后收汁干。
14 2小时后(成品图)。"
661577,https://home.meishichina.com/recipe-661577.html,素炒青菜,青菜：200克,红辣椒：少许,盐：少许,"1 青菜去老叶放在盆里洗净备用。
2 青菜切成段，锅里放油热后下入青菜段。
3 红辣椒切丝改小丁备用。
4 锅里放油倒入青菜和红辣椒丁。
5 炒熟加盐调味。"
661162,https://home.meishichina.com/recipe-661162.html,干锅鸡翅虾,鸡中翅：适量 | 虾：适量,土豆：适量 | 洋葱：适量 | 香菜：适量 | 白芝麻：适量,花生油：适量 | 玉米淀粉：适量 | 老抽：适量 | 蚝油：适量 | 孜然烧烤料：适量 | 干锅酱：适量,"1 鸡中翅洗净备用。
2 加入蚝油，老抽，孜然烧烤料。
3 抓拌均匀腌制入味。
4 虾剪去虾枪后去除虾脑虾线。
5 洋葱洗净切细备用。
6 土豆去皮洗净切条。
7 不粘锅将鸡翅下锅煎。
8 煎至两面金黄后夹出。
9 土豆均匀的裹上土豆淀粉。
10 锅中热油放入土豆。
11 中小火炒至金黄后盛出。
12 虾也均匀裹上一层玉米淀粉。
13 锅中底油放入虾，中小火慢慢煸炒，炒至金黄焦脆。
14 锅中底油放入洋葱。
15 加入干锅酱。
16 放入煎好的鸡翅。
17 放入炸好的土豆。
18 放入虾。
19 大火快速翻炒均匀入味即可。
20 最后加上白芝麻和香菜即可。"
661549,https://home.meishichina.com/recipe-661549.html,京酱肉丝,猪里脊：一根,大葱白：一段 | 干豆皮：2张,甜面酱：一盒,"1 材料准备齐全。
2 里脊切丝。
3 白胡椒粉淀粉生抽一个鸡蛋清抓均匀，淹一会。
4 大葱切丝，干豆皮切方块，摆盘中。
5 甜面酱加糖少量盐水，稀释一下。
6 热锅底油，葱爆香，倒入肉丝炒变色，盛出盘中。
7 再次起锅，热锅底油，下入甜面酱也炒粘稠，倒入肉丝。
8 翻炒出锅，摆拍。
9 上桌。"
661560,https://home.meishichina.com/recipe-661560.html,荷塘小炒,荷兰豆：200g,木耳：5朵 | 藕：半根,水淀粉：半碗,"1 准备好食材，洗净。
2 木耳煮一下。
3 木耳切丝藕切片。
4 葱蒜爆锅下入食材迅速翻炒。
5 水淀粉盐香油水勾芡，倒入锅中。
6 上桌。"
661551,https://home.meishichina.com/recipe-661551.html,孜然鸭架,鸭架：1个,油：适量,孜然半碎：一把 | 辣椒：3个,"1 烤鸭架一个。
2 掰成大块，鸭屁股切掉。
3 油八成热，过油炸一下。
4 炸到微干。
5 捞出控油。
6 底油，葱辣椒爆香，放入鸭架扒拉两下。
7 调入盐，孜然半碎，喜欢辣椒粉的放些辣椒粉也行。
8 出锅。"
661558,https://home.meishichina.com/recipe-661558.html,鸡蛋双西红柿,黄西红柿：1个 | 青西红柿：1个,鸡蛋：2个,,"1 青西红柿酸味重些，吃着爽口，黄西红柿颜色好看拌饭下饭。
2 西红柿切块。
3 鸡蛋打散，炒好，盛入碗中。
4 再次底油热锅，半勺猪油半勺植物油，热后倒入西红柿爆炒。
5 快速翻炒一下，就调入盐，酱油，炒好的鸡蛋，出锅。
6 成品上桌，西红柿不能炒太久。"
661552,https://home.meishichina.com/recipe-661552.html,干炸肉丸子,猪肉馅：500g,藕：半根,油：500ml,"1 肉馅加入鸡蛋，胡椒粉，盐，老抽，生抽，蚝油，姜末，葱花，莲藕丁。
2 拌匀。
3 少半锅油，油温六成热。
4 左手带手套，右手拿饭勺子一舀，开炸。
5 中火油温自己调节，不能太大，满满一锅。
6 95成上色就捞出。
7 上桌啦。"
661556,https://home.meishichina.com/recipe-661556.html,茄子秋葵炒洋葱,秋葵：适量 | 茄子：适量 | 洋葱：适量 | 腊肠：适量,大蒜：适量 | 生抽：适量,盐：适量,"1 茄子切斜刀。
2 洋葱切丝。
3 腊肠切片。
4 秋葵飞水切段。
5 锅子烧热放入腊肠。
6 放入茄子。
7 放入洋葱。
8 放入秋葵翻炒入味。
9 开动了。"
661545,https://home.meishichina.com/recipe-661545.html,油渣,猪板油：适量,水：半碗,,"1 肥肉切小丁，加点水，大火。
2 出油后就不粘锅了。
3 小火慢慢铐。
4 颜色泛黄了。
5 金黄色就好啦。
6 凉一点后，过滤，油可以炒菜。
7 油渣撒点盐，下酒菜。"
661543,https://home.meishichina.com/recipe-661543.html,姜母鸭,鸭肉：600g,小黄姜：150g,芝麻油：半碗 | 米酒：1碗 | 盐：2g | 酱油：2勺 | 老抽：半勺 | 冰糖：30g,"1 小黄姜。
2 切片备用。
3 鸭肉凉水入锅，放入姜片和料酒焯水。
4 撇去浮沫后捞出。
5 起锅热油，鸭肉入锅炒。
6 炒至表面焦黄，铲出备用。
7 取砂锅，倒入香油。
8 放入姜片翻炒。
9 炒至干香。
10 把炒好的鸭肉倒入。
11 加入盐、酱油、老抽、米酒和冰糖调味。
12 小火煲25分钟。
13 水分收干即可。"
661540,https://home.meishichina.com/recipe-661540.html,水煮肉丸子,肉馅：500g | 香葱：一把,鸡蛋：2 | 青菜类：适量 | 菌菇类：适量 | 豆制品类：适量,,"1 准备喜欢的菜，白豆腐今天没买到，可惜了。
2 菜洗干净。
3 做肉丸子：一斤五花肉馅+2个鸡蛋。
4 搅拌均匀，上劲。
5 上劲的肉中+盐，鸡精，香葱，香油，油，酱油，生抽，蚝油，一定是香葱才好吃。
6 搅拌均匀。
7 多半锅饮用水煮开，开始攥丸子往锅里放。
8 左手带个一次性手套，右手拿个小勺一舀就是一个丸子。
9 满满一锅。
10 撇去浮沫。
11 加喜欢的菜，煮熟，有人说加个西红柿也好吃，先放蘑菇耐煮。
12 最后放青菜，我再加块方便面就不用做主食了。
13 蘸辣椒水吃，棒棒的.真香。
14 奉上辣椒水做法：辣椒面，酱油，醋，胡椒粉，鸡精，香葱，盐。
15 秀一下。"
661537,https://home.meishichina.com/recipe-661537.html,梅菜扣肉,五花肉：1000g | 梅干菜：500g,,,"1 准备主要食材：五花肉两条约1000克，梅干菜500克用水泡上。
2 煮肉配料：去腥三件套葱姜料酒，花椒桂皮香叶八角少许。
3 把肉皮朝下，在锅中来回摩擦烧一下，可去腥，如图。
4 把肉皮刮干净，五花肉凉水下锅，放入煮肉配料加少许底盐，3勺料酒，大火煮开后转中小火煮30分钟，筷子能扎透肉即可。
5 捞出来趁热用叉子反复扎肉皮，擦去多余水分。
6 抹上老抽，晾20分钟（可反复抹2-3遍）。
7 锅中放少许油，肉皮朝下中小火炸到肉皮上色，记得盖上盖子，防砰溅。
8 炸好放入凉水中浸泡20-30分钟，泡出虎皮。
9 制作料汁：5勺生抽，1勺老抽，2勺米酒，少许白胡椒粉，1勺白糖混合均匀。
10 梅干菜清洗几遍，放适量油，姜丝，翻炒出香味（可把抹肉皮流出来的汁倒进去）。
11 肉皮泡好是这个样子，表面褶皱出虎皮状。
12 切成等大的片。
13 肉片蘸料汁，肉皮朝下放入碗中。
14 放上梅干菜，多余的料汁倒进去，本方可做5-6碗。
15 上火蒸2个半小时，期间记得添加水，防止干锅，这是蒸好的（如图）。
16 扣在盘子里，梅干菜扣肉制作完成。
17 咸香软糯，肥而不腻，配米饭，夹荷叶馍，怎么吃都好吃。"
661532,https://home.meishichina.com/recipe-661532.html,洋葱炒香菇,洋葱：1个,香菇：50克 | 小葱：2根 | 水：500毫升,盐：适量 | 味极鲜：少许 | 油：适量,"1 香菇用凉水泡发洗净。
2 小葱洗净备用。
3 洋葱洗净去老皮。
4 切一半。
5 在切成小块。
6 大祘切成末。
7 小葱切成小段。
8 锅里烧开水下入香菇烫1分钟捞出。
9 捞出来过凉水。
10 对半切开。
11 开火锅里放油下祘末炒香。
12 下入香菇和小葱段炒匀。
13 倒入味极鲜炒匀。
14 加入盐调味。"
661526,https://home.meishichina.com/recipe-661526.html,清炒佛手瓜,佛手瓜：适量,蒜蓉：适量,花生油：适量 | 盐：适量,"1 佛手瓜去皮洗净。
2 改刀切薄片。
3 蒜头拍扁剁碎。
4 锅中热油放入蒜末炒香。
5 放入佛手瓜。
6 大火快速翻炒。
7 少许盐调味。
8 加入少量清水。
9 炒至佛手瓜断生即可。"
661146,https://home.meishichina.com/recipe-661146.html,胡萝卜焖羊腿,羊腿：适量 | 胡萝卜：适量,黄豆酱：适量 | 生抽：适量 | 香菜：适量 | 小葱：适量 | 姜：适量 | 胡椒粉：适量,盐：适量,"1 羊腿加入适量盐酒漫泡出血水。
2 胡萝卜切斜刀。
3 香菜切段。
4 锅子烧热放入羊腿肉翻炒。
5 放入适量黄豆酱。
6 放入适量生抽胡椒粉翻炒加开水焖40分钟。
7 加入胡萝卜焖20分钟。
8 调味即可。
9 开动了。"
661528,https://home.meishichina.com/recipe-661528.html,姜葱鸡丝,鸡腿：适量,西兰花：适量,姜末：适量 | 葱末：适量 | 酱油：适量 | 油：适量,"1 鸡腿洗净上锅蒸。
2 姜葱切末。
3 西兰花洗净焯水。
4 备用。
5 鸡腿撕成丝。
6 鸡汤留着。
7 热油淋在姜葱末上。
8 加入蒸鸡腿的汤和适量的酱油搅拌均匀。
9 撕好准备。
10 淋上即可。"
661139,https://home.meishichina.com/recipe-661139.html,豆豉蒸五花肉,五花肉：适量,豆豉：适量 | 蒜末：适量 | 葱花：适量 | 小米辣：适量,花生油：适量 | 蚝油：适量 | 生抽：适量 | 老抽：适量,"1 五花肉洗净切小块。
2 蒜头剁碎备用。
3 小米辣和豆豉备用。
4 锅中热油放入五花肉。
5 煸炒出油脂后盛出部分油。
6 放入蒜末，豆豉和小米辣。
7 加入适量蚝油，生抽，老抽。
8 翻炒均匀上色入味。
9 炒过的五花肉盛入碗中，电高压锅煮饭模式即可。"
661522,https://home.meishichina.com/recipe-661522.html,红烧牛排骨,牛排骨：1000g,水：400ml,,"1 牛排骨泡去血水。
2 葱姜料酒冷水下锅，焯水。
3 撇去浮沫。
4 浮沫去完了，汤看着清亮了。
5 放到压力锅中。
6 酱油醋黄酒盐葱姜大料半个7颗冰糖小茴香一点，开水（到锅1/3的位置）。
7 压45分钟。
8 牛排骨捡到碗中，漏勺滤去调料渣，过滤完的汤和牛排骨一起收收汤。
9 完美上桌。
10 吃不完的炖菜不要反复加热，总吃啥也不香，不如冻起来一半，做个牛排骨面，盖饭啥的，吃多少热多少，看起来更有食欲。"
661215,https://home.meishichina.com/recipe-661215.html,娃娃菜粉条煮土鸡,土鸡：适量 | 娃娃菜：适量 | 粉条：适量,胡椒粉：适量 | 姜：适量,盐：适量,"1 土鸡飞水。
2 娃娃菜洗净。
3 粉条浸软。
4 锅子烧热放入鸡肉。
5 略煎香后加入适量开水煮半小时。
6 放入娃娃菜煮熟。
7 放入粉条煮熟。
8 调味即可。
9 开动了。"
661490,https://home.meishichina.com/recipe-661490.html,蒸猪肉丸,猪肉：适量,姜：适量 | 生抽：适量 | 生粉：适量 | 胡椒粉：适量 | 糖：适量 | 荆芥：适量,盐：适量,"1 猪肉剁碎。
2 加入适量盐生抽胡椒粉生粉拌匀。
3 揉成丸子。
4 蒸15分钟。
5 点缀一下。
6 开动了。"
661518,https://home.meishichina.com/recipe-661518.html,秋葵炒蛋,秋葵：适量 | 鸡蛋：适量,大蒜：适量 | 水：适量,盐：适量,"1 鸡蛋打散。
2 秋葵洗净。
3 秋葵切片放入蛋液。
4 加入适量盐和水。
5 锅子烧热放入蛋液。
6 炒熟即可。
7 开动了。"
661128,https://home.meishichina.com/recipe-661128.html,年糕炒螃蟹,三眼蟹：适量 | 年糕：适量,香葱：适量 | 姜片：适量,花生油：适量 | 蚝油：适量 | 盐：适量 | 玉米淀粉：适量,"1 年糕备用。
2 三眼蟹处理好洗净。
3 姜片和葱段备用。
4 螃蟹均匀沾上一层淀粉。
5 沾过淀粉的螃蟹下锅煎。
6 煎至金黄。
7 放入姜片翻炒。
8 把蟹腿和蟹姜一起下锅翻炒。
9 放入年糕片。
10 加入适量蚝油，盐。
11 加入适量清水。
12 大火煮开转小火焖5至10分钟左右。
13 焖入味后放入葱段收汁即可。"
661513,https://home.meishichina.com/recipe-661513.html,木耳胡萝卜炒皮芽子,胡萝卜：1根,皮芽子：l个 | 木耳：50克,自制钙粉：适量,"1 木耳用谅水泡发洗净备用。
2 皮芽子去老皮备用。
3 切成小块。
4 胡萝卜1根去皮。
5 一切两拌。
6 斜切成小块。
7 埚里倒保元汤少许下入胡萝卜。
8 下入黑木耳和白皮芽子。
9 翻炒均匀放入少许盐。"
661476,https://home.meishichina.com/recipe-661476.html,羊蝎子火锅,半肉羊蝎子：一根,娃娃菜：2棵 | 豆腐：1块 | 白萝卜：一根 | 香菜：2颗 | 玉米：2个,,"1 半肉羊蝎子一根，今天是六个人吃饭，哈哈。
2 冷水下锅，葱姜料酒焯水。
3 香料：带根香菜，葱，姜，花椒，桂皮，小茴香，白胡椒，干辣椒，孜然，香叶，冰糖，红枣。
4 三勺油，放入调料炒到微干，大个的先放，小个的后放，香菜一定擦干，防止爆锅。
5 倒入焯过水的羊蝎子，调入老抽，盐。
6 加入热水，没过羊蝎子，小火炖1.5～2小时。
7 炖了1.5个小时后。
8 移到火锅锅中，边吃边炖，先移羊蝎子，再把汤过滤一下倒入火锅锅中，吃完羊蝎子，涮菜也很棒。
9 如果汤少可以加些水，这汤底，绝对顶配，可以涮白萝卜，娃娃菜，豆腐，非常好吃，搭配一碗米饭，一群知心好友围在一起，聊聊天喝喝酒，美极了。
10 上桌。
11 棒棒的。"
661281,https://home.meishichina.com/recipe-661281.html,麻酱手撕茄子,茄子：适量 | 麻酱：适量,生抽：适量 | 醋：适量 | 荆芥：适量,盐：适量,"1 茄子洗净。
2 蒸20分钟后取出来放凉。
3 手撕成条。
4 加入适量麻酱。
5 放入适量生抽老醋。
6 点缀一下。
7 开动了。"
661452,https://home.meishichina.com/recipe-661452.html,韭菜炒土豆丝,韭菜：适量 | 土豆：适量,大蒜：适量 | 生抽：适量,盐：适量,"1 土豆切丝。
2 韭菜切段。
3 大蒜切碎。
4 锅子烧热放入蒜蓉爆香。
5 放入土豆丝。
6 放入适量生抽。
7 放入韭菜翻炒入味。
8 调味即可。
9 开动了。"
661469,https://home.meishichina.com/recipe-661469.html,酱香豆腐,豆腐：适量 | 肉酱：适量,胡椒粉：适量 | 大蒜：适量 | 生抽：适量,盐：适量,"1 豆腐泡水。
2 大蒜切碎。
3 肉酱。
4 加入适量肉酱。
5 放入豆腐。
6 捣成小块。
7 小火焖15分钟。
8 加入适量蒜蓉，调味即可。
9 开动了。"
661464,https://home.meishichina.com/recipe-661464.html,青红土豆片,土豆：1个,青红辣椒：适量 | 牛肉：一小块,,"1 青红椒掰成小块。
2 土豆切片，控干水。
3 姜丝葱花牛肉片。
4 两片葱花爆香，牛肉片翻炒。
5 变色，盛出来。
6 再次热锅，葱姜爆香。
7 下入土豆片翻炒。
8 土豆片变色后加入青红椒。
9 断生后加入蚝油盐生抽。
10 翻炒一下，加入炒好的牛肉。
11 香油，鸡精出锅。"
661457,https://home.meishichina.com/recipe-661457.html,香菇蒸鸡翅根,鸡翅根：500g | 干香菇：8朵 | 豆皮：少许 | 葱：少许,生粉：少许,盐：1匙 | 蚝油：1勺 | 生抽：少许 | 生姜粉(生姜)：少许,"1 鸡翅根洗净，肉厚的地方用刀划开备用。
2 干香菇泡发，对半切开备用。
3 豆皮泡发备用。
4 葱洗净切段备用。
5 鸡翅根加入盐、生抽。
6 还有蚝油。
7 因为没生姜了，就放了点姜粉，有生姜的就切几片就好。
8 最后加点生粉以及少许水，抓拌均匀。
9 腌制两个小时。
10 腌好的鸡翅根加入香菇、葱，抓拌均匀。
11 盘子底铺上豆皮。
12 再铺上鸡翅根。
13 隔水上锅蒸，水开后中火蒸25分钟即可。"
661445,https://home.meishichina.com/recipe-661445.html,腐乳辣椒炒空心菜,空心菜：适量,蒜：适量 | 腐乳：一块 | 辣椒：适量,油：适量 | 盐：适量,"1 空心菜摘洗干净，要是老的话就摘去不要。我喜欢摘断，不喜欢切。
2 拍点蒜，准备一块腐乳，一点辣椒或者辣椒酱，看你喜欢哪种或者哪种辣方便。
3 热锅下油，蒜、腐乳、辣椒一起下锅炒出香味。
4 倒入空心菜，大火迅速翻炒。一定要大火，要不然容易炒出来褐色。
5 大部分空心菜断生后放一点盐，因为腐乳是咸的，所以盐的量适当比正常炒菜时放少一点。
6 翻炒均匀盐，空心菜也全部熟了。
7 关火出锅。空心菜很容易熟，这个菜基本是翻炒均匀就可以出锅了。"
661442,https://home.meishichina.com/recipe-661442.html,炸九子,保元汤的渣子：适量 | 面粉：IO克 | 发酵粉：3N | 保元汤：一碗,小酥肉粉：50起 | 石磨全麦粉：少许,自剩钙粉：少许,"1 保元汤的渣子加入面粉少许。
2 加入小酥肉粉。
3 加入石磨全麦粉。
4 加入自制钙粉加入发酵粉搅匀等待发。
5 面发后用小勺沾油磋成丸子生坯。
6 锅里倒油热后下入丸子生坯。
7 丸子炸好后复炸更好吃。"
661434,https://home.meishichina.com/recipe-661434.html,木耳肉条炒莲藕,莲藕：400g | 木耳：适量 | 肉条：200g,葱：少许,盐：1匙 | 生抽：1匙 | 胡椒粉：少许 | 鸡粉：少许,"1 肉条切片备用。
2 莲藕去皮，切薄片备用。
3 干木耳泡发，洗净备用。
4 葱洗净切段备用。
5 锅中倒入适量油，下肉条煸炒一下。
6 再把藕片、木耳、葱倒入，翻炒一下。
7 加入盐、鸡粉。
8 撒入胡椒粉。
9 然后滴入生抽，翻炒均匀。
10 最后倒入一碗清水，中火盖锅盖焖煮10分钟即可。"
661143,https://home.meishichina.com/recipe-661143.html,鸡蛋洋葱炒蕉芋粉丝,粉丝：适量 | 鸡蛋：适量 | 洋葱：适量,小葱：适量 | 生抽：适量,盐：适量,"1 洋葱切丝。
2 鸡蛋打散。
3 粉丝泡发。
4 锅子烧热放入蛋液。
5 放入洋葱。
6 放入粉丝翻炒。
7 调味即可。
8 开动了。"
661263,https://home.meishichina.com/recipe-661263.html,素焖青茄,青茄：适量,黄豆酱：适量 | 大蒜：适量,盐：适量,"1 青茄洗净。
2 切片。
3 大蒜切碎。
4 锅子烧热放入青茄。
5 加入适量黄豆酱。
6 焖熟即可。
7 开动了。"
661200,https://home.meishichina.com/recipe-661200.html,滑肉片,瘦肉：适量,红薯叶：适量 | 生粉：适量 | 胡椒粉：适量 | 糖：适量 | 生抽：适量,盐：适量,"1 瘦肉切片，加入生粉胡椒粉糖盐拌匀(生粉要多些)。
2 红薯叶灼熟做配菜。
3 码盘里。
4 肉片放入水里，保持5秒定型。
5 小火慢慢漫熟。
6 铺在叶子上。
7 另起锅爆香蒜蓉，加入适量水，生抽，胡椒粉煮沸。
8 淋在肉片上。
9 点缀一下。
10 开动了。"
661346,https://home.meishichina.com/recipe-661346.html,改版白肉血肠酸菜,酸菜：500g,五花：250g,血肠：500g,"1 五花肉放葱姜花椒水煮20分钟。
2 晾凉备用。
3 五花肉切薄片。
4 血肠事先处理好，开水闷五分钟，然后泡凉水一分钟，切的时候不爱碎。
5 这个菜越炖越好吃，好多人爱吃嫩的血肠，给他们留下一半烫一下就吃。
6 酸菜洗干净后切丝。
7 底油多放些，酸菜吃油，葱姜爆香，炒酸菜，炒干水份。
8 就是用油把酸菜煎煎，再加水或骨头汤，咕嘟40分钟。
9 放五花肉，加半块浓汤宝，盐，白胡椒.再咕嘟40分钟。
10 移到火锅锅中，加血肠，边吃边咕嘟，我爱吃煮老的血肠，觉得有嚼劲。
11 蒜泥+味极鲜做成蒜酱，血肠，白肉蘸着吃，嘎嘎香。
12 配上一碗大米饭，一盘花生米，一口小酒，我是东北媳妇，这个菜按自己口味改版，和我一样喜欢吃老血肠的吃货不要错过啊。"
661368,https://home.meishichina.com/recipe-661368.html,鱼心草炒煎豆腐,豆腐：适量 | 鱼心草：适量,干辣椒：适量 | 花椒：适量 | 姜片：适量 | 蒜片：适量 | 小红椒：适量,盐：适量 | 油：适量 | 味精少许：适量,"1 豆腐煎一下。
2 煎至金黄。
3 放入干辣椒，花椒，还有小红椒，蒜片姜片爆香。
4 然后再放入备好的鱼心草，加入适量盐和味精调味即可。
5 起锅啦。"
661405,https://home.meishichina.com/recipe-661405.html,血肠,血肠：500g,蒜：1头,香菜：1颗,"1 血肠一斤。
2 半锅水烧开。
3 血肠用水洗一下。
4 放到开水锅里。
5 盖盖焖五分钟。
6 定时五分钟。
7 准备蒜泥，几粒蒜洗干净。
8 用夹子压成蒜泥。
9 上味极鲜。
10 烫完的血肠，捞出，放凉水中浸泡一分钟。
11 刀磨快，肠衣才好切断。
12 上下锯着切，才好切，切好摆盘。
13 点缀点香菜。
14 粘上蒜酱，开吃吧。"
661312,https://home.meishichina.com/recipe-661312.html,洋葱炒肉丝,肉片：适量 | 洋葱：适量,小葱：适量 | 生抽：适量,盐：适量,"1 肉切小块。
2 洋葱切丝。
3 锅子烧热放入肉片。
4 放入洋葱翻炒。
5 调味即可。
6 开动了。"
661387,https://home.meishichina.com/recipe-661387.html,手撕线茄,线茄：适量,生抽：适量 | 醋：适量 | 麻酱：适量,盐：适量,"1 线茄洗净。
2 码入锅里蒸熟。
3 取出来放凉。
4 手撕长条。
5 加入适量生抽。
6 加入适量醋。
7 码盘后淋上麻酱。
8 开动了。"
661331,https://home.meishichina.com/recipe-661331.html,红烧鱼块,草鱼鱼腩：适量,蒜苗：适量 | 葱：适量 | 小米辣：适量 | 蒜头：适量 | 姜片：适量,盐：勺 | 白糖：勺 | 胡椒粉：勺 | 生抽：ml | 老抽：ml | 耗油：ml | 味精：勺,"1 鱼块先用料酒腌制好。锅中放油，撒点盐，再放入鱼块小火慢煎。
2 将煎好的鱼块盛出。
3 在锅里剩下的油里加入蒜，姜，小米辣，花椒等爆香。
4 加入生抽，老抽，耗油，盐，鸡精，白糖，胡椒粉。大火煮五分钟。
5 加入蒜苗，烹陈醋大火收汁。再洒入葱花就可以出锅了。"
661347,https://home.meishichina.com/recipe-661347.html,牛肉萝卜盅,绿色萝卜：一节,牛肉：适量 | 胡萝卜块：适量 | 绿萝卜块：适量 | 小红枣：适量,牛肉汤：适量,"1 绿萝卜洗净去皮切一节。
2 用去核器在萝卜中心转动。
3 去除萝卜成桶状。
4 准备适量的胡萝卜丁，萝卜丁、小红枣。
5 做好的牛肉块。
6 将各种食材放入萝卜桶中，加入牛肉汤，锅中水烧开蒸15分钟。
7 蒸好的牛肉萝卜盎，绿萝卜颜色碧绿，汤鲜味美。"
661370,https://home.meishichina.com/recipe-661370.html,炖牛肉粒,牛肉：3斤,水：250ml,,"1 洗干净后切丁，大一些，一炖就缩了。
2 切大丁。
3 凉水下锅，葱姜料酒，去血水浮沫。
4 撇出不少浮沫。
5 放入高压锅中，煎入葱，姜，花椒，大料，桂皮，香叶，盐，老抽，一米饭碗水。
6 高压锅90帕，45分钟。
7 压好拌饭或者再加点土豆啥的炖炖都好吃。"
661372,https://home.meishichina.com/recipe-661372.html,醋溜土豆丝,土豆：100克,青辣椒：1个,醋：适量 | 葱叶：适量 | 祘：一头 | 盐：少许 | 油：适量,"1 一个土豆去皮用擦子擦成细丝。
2 用水泡在大盆里倒点醋。
3 大葱叶子洗净备用。
4 大祘去皮备用。
5 辣子洗净去籽备用。
6 祘切末姜切末备用。
7 锅里放油烧热下青辣椒煸炒。
8 下入土豆丝及葱丝姜末翻炒加入、醋少许及味极鲜。
9 翻炒均匀。
10 加入祘末翻炒。
11 炒匀。"
661010,https://home.meishichina.com/recipe-661010.html,肉沫焖海参,梅花肉：适量 | 海参：适量 | 胡萝卜：适量 | 香菇：适量 | 虾米：适量,葱花：适量,花生油：适量 | 生抽：适量 | 蚝油：适量 | 盐：适量,"1 泡发好的海参备用。
2 香菇提前泡发洗净。
3 干虾米清水泡发一下。
4 梅花肉洗净切小块后再剁碎备用。
5 香菇切小丁。
6 胡萝卜去皮洗净切小块。
7 海参清洗后切小块。
8 锅中热油放入肉沫。
9 将肉沫炒散开炒干水份。
10 放入香菇和虾米炒出香味。
11 加入适量蚝油，生抽，盐。
12 翻炒均匀入味。
13 放入海参。
14 继续翻炒均匀。
15 加入适量清水。
16 大火煮开转入砂锅焖20分钟左右即可。"
661311,https://home.meishichina.com/recipe-661311.html,鸡蛋菜心炒粉丝,粉丝：适量 | 鸡蛋：适量 | 菜心：适量,生抽：适量 | 洋葱：适量,盐：适量,"1 鸡蛋打散。
2 菜心切碎。
3 粉丝泡软。
4 洋葱切丝。
5 锅子烧热放入蛋液，煎熟取出来。
6 放入粉丝。
7 放入菜心。
8 放入洋葱。
9 放入蛋碎翻炒。
10 加入适量红油。
11 开动了。"
661326,https://home.meishichina.com/recipe-661326.html,肉丝炒青椒,肉丝：适量,青椒：2个 | 拇指萝卜：2个 | 蒜蓉：适量,食用油：适量 | 料酒：适量 | 生抽：适量 | 盐：适量 | 鸡精：适量,"1 拇指胡萝卜去洗净去皮，切片状。
2 青椒切成丝状。
3 蒜蓉。
4 里脊肉丝加入料酒，一会再加点生抽拌匀。
5 锅中放入适量的食用油烧热，先煸胡萝卜片。
6 取出胡萝卜片，放入里脊肉丝煸炒。
7 放入青椒丝翻炒，再放入胡萝卜片翻炒。
8 放入盐、蒜蓉、鸡精快速翻炒。
9 即可出锅，保持肉质的嫩，青椒颜色碧绿。
10 此道菜肉丝鲜嫩，蔬菜脆爽适口。"
661329,https://home.meishichina.com/recipe-661329.html,美味蒸鸡蛋羹,鸡蛋：3个,淀粉水：适量 | 胡萝卜丝：适量 | 生菜丝：适量,盐：适量 | 料汁：适量,"1 打入3个鲜鸡蛋。
2 擦胡萝丝。
3 将胡萝卜丝焯半分钟捞出过凉。
4 鸡蛋打散过细筛。
5 淀粉水适量，未过称是多少量。
6 全部倒入方型器皿中，加入适量盐搅拌均匀。
7 锅中水烧开，放入锅中。
8 蒸20分钟，中小火即可，大火蒸出来不细腻。
9 取出切块，浇入料汁、生菜丝点缀即可上桌，不仅颜值高，而且营养美味，老少皆宜。"
660969,https://home.meishichina.com/recipe-660969.html,土豆焖牛排骨,牛排骨：适量 | 土豆：适量,葱花：适量 | 姜片：适量,花生油：适量 | 生抽：适量 | 老抽：适量 | 蚝油：适量 | 盐：适量,"1 牛排骨备用。
2 冷水下锅焯烫出血水后洗净。
3 姜片和蒜头备用。
4 锅中炒香蒜头姜片。
5 放入牛排骨翻炒。
6 加入适量蚝油，生抽，老抽和盐。
7 翻炒均匀上色入味。
8 将炒过的牛排骨转入高压锅中，盖上中小火压30分钟左右。
9 土豆洗净去皮切滚刀块。
10 压好的牛排骨备用。
11 锅中热油放入土豆。
12 中小火煎炒至微微金黄。
13 炒过的土豆放入牛排骨中。
14 高压锅五分钟左右即可。"
660968,https://home.meishichina.com/recipe-660968.html,干锅肥肠,卤肥肠：适量,彩椒：适量 | 洋葱：适量 | 葱花：适量,花生油：适量 | 干锅酱：适量,"1 卤肥肠买的现成的。
2 将肥肠改刀切小块。
3 洋葱洗净切小块。
4 彩椒同样洗净切块备用。
5 锅中热油放入肥肠。
6 翻炒均匀炒至微焦。
7 放入彩椒翻炒均匀。
8 加入两勺干锅酱。
9 大火快速翻炒均匀。
10 放入洋葱。
11 大火快速翻炒均匀至洋葱断生。"
660865,https://home.meishichina.com/recipe-660865.html,红烧肉,大肉：200克,保元汤：|碗,陈皮：‘2片 | 挂皮：2片 | 辣皮子：2个 | 山楂：7片 | 花椒：适量,"1 准备好调料。
2 山楂，干辣椒，生姜切成小丁备用。
3 大肉切块备用。
4 锅里烧开水。
5 下大肉开水焯水。
6 捞出备用。
7 另起锅放油少许，把冰糖及调料先炒一下。
8 放大葱炒。
9 倒入保元汤一碗。
10 将大肉块下入锅里与调味料拌匀。
11 在放几块陈皮开大火煮IO分钟转小火炖2小时。
12 收汁。"
661304,https://home.meishichina.com/recipe-661304.html,话梅排骨,排骨：860g,九制话梅：8个,葱姜：适量 | 耗油：1匙 | 冰糖：8块 | 酱油：3匙 | 八角：1-2个 | 桂皮：1片 | 香叶：1片 | 料酒：适量 | 白芝麻：适量,"1 话梅提前泡水。排骨冷水下锅加葱姜料酒和“没有就不放系列”。
2 水开撇去浮沫后捞出排骨温水清洗，控水后煎至变色。
3 净锅下冰糖和热水/油炒糖色（水糖比例1:1，火焰高度不超过锅中糖水液面。）
4 炒糖色：慢慢的搅拌，让冰糖快速的融化就可以了，密集的冒很多的大泡并且汤汁非常的稀，说明里面还有水，不要着急，慢慢的来就可以了，挂霜，随着时间的推移，锅里的颜色会变得越来越深，高度的减少，火要调的小一点，不停的搅拌，变为香油的颜色，这样就是拔丝，拔丝地瓜，拔丝山药，糖色炒到这一步就可以来做了，随着锅里的温度的升高，颜色也会越来的越深，拔丝这一步过了，炒糖色，可以拿来做冰糖葫芦，糖色炒到这一步凉了之后，糖色会变得非常的脆，当琉璃这一步过了之后转为小火，当锅里开始冒大泡的时候，沿着锅边倒入热水，半斤的白糖倒进半斤的热水之后，再开30秒，熬的时间千万不要太长，一份糖色就炒好了。
5 加入排骨上色，放入葱姜八角香叶，加入少量料酒/黄酒，加入耗油酱油翻炒均匀。
6 出香后加开水没过排骨，加入泡话梅（水一起）。水开后中小火40分钟成菜。撒上芝麻。"
661292,https://home.meishichina.com/recipe-661292.html,烤南瓜,南瓜：一块,,黑胡椒粉：适量 | 蒜末：少许 | 盐：1勺 | 淀粉：2勺 | 植物油：1勺,"1 南瓜切块，放入所有调料和匀。
2 放入空气炸锅中。
3 180℃烤25分钟左右。
4 烤好了。"
661260,https://home.meishichina.com/recipe-661260.html,番茄金针菇肥牛,番茄：适量 | 金针菇：适量 | 肥牛：适量,葱花：适量,花生油：适量 | 生抽：适量 | 蚝油：适量 | 盐：适量,"1 肥牛卷惠州解冻备用。
2 金针菇洗净备用。
3 番茄去皮洗净切片备用。
4 锅中热油放入番茄。
5 翻炒出茄汁。
6 加入适量清水，大火煮开转小火煮十分钟左右。
7 放入肥牛卷。
8 放入金针菇，加入适量蚝油，生抽，盐。
9 大火煮开至断生即可。"
661290,https://home.meishichina.com/recipe-661290.html,鱼香肉丝,里脊肉：200-300g（猪肉）,,蛋清：适量（不超过半个蛋清） | 豆瓣酱：1平匙 | 胡椒粉：0.3g（一点点） | 盐：0.3g（一点点） | 白糖：30g | 白醋：30g | 酱油（碗芡）：10g | 酱油（腌制）：一平匙 | 土豆淀粉：5g | 黄酒：少许（半匙） | 葱姜蒜：适量 | 泡辣椒：1匙（二荆条） | 油：少许,"1 备菜:里脊肉切成火柴棍粗细，配菜切丝备用。葱姜蒜切末，泡少量水淀粉备用。
2 肉丝腌制：加入胡椒粉，黄酒，酱油，盐，蛋清，抓匀上浆到黏手。加入适量水淀粉，少量封油。
3 碗芡:米醋，白糖，酱油，土豆淀粉，半碗水，搅拌均匀。
4 初熟:热锅冷油，待油温5成（150℃）下肉炒至变色。配菜焯水，水开后30秒捞出控水。
5 成菜:热锅凉油（5匙左右少太多不方便炒豆瓣酱），中火下葱姜蒜炒香，大火放入豆瓣酱，泡辣椒，炒出红油。加入肉丝，配菜，翻炒均匀，加入1/3碗芡（加入不要倒在锅边，每次加入都要搅拌均匀）翻炒，均匀后再加入剩下碗芡的一半，翻炒后看到肉丝颜色变深，配菜挂色后加入剩余碗芡，大火翻炒芡汁粘稠后，出锅。"
661279,https://home.meishichina.com/recipe-661279.html,腊肉薄皮灯笼椒,薄皮灯笼辣椒：2个,腊肉：4～5片,姜：1片 | 蒜：3颗,"1 薄皮灯笼辣椒两个。
2 洗净，掰成小块。
3 姜丝，蒜粒，葱丝，几片煮好的腊肉（之前煮过切片冻冰箱里的）。
4 一勺油，葱姜蒜爆香，放辣椒腊肉翻炒均匀+盐+白胡椒粉+蚝油+少量味极鲜酱油，爆炒。
5 变色后出锅，淋上香油，鸡精，漂亮上桌。"
661278,https://home.meishichina.com/recipe-661278.html,怪味土豆丝,土豆：1个,小米椒：1个,老抽：1勺 | 陈醋或老醋：1勺,"1 大土豆一个先切片，再把切口放平，这样土豆稳，切均匀的片更容易。
2 先切片。
3 再切成丝，耐心点都能切的好好哒。
4 过三遍水，让水变清澈，（淀粉洗干净，炒好的土豆丝不粘糊）。
5 控干水分，这点很重要。
6 葱花小米椒备用。
7 两勺油烧热，爆香辣椒葱花，油要多放些，炒出来不发干。
8 爆炒，倒入土豆丝+半勺盐+一勺糖+一小勺老抽+一勺陈醋，我觉得陈醋和老醋炒这个菜更好吃，米醋拌凉菜好吃。
9 炒均匀，加点鸡精，香油出锅，不用炒太久，断生就行。
10 小米辣看个人口味，糖稍多点。这个土豆丝咸鲜甜辣，颜色浓厚。"
661268,https://home.meishichina.com/recipe-661268.html,白菜蒸滑肉片,白菜心：少量 | 口蘑：2颗 | 里脊肉片：100g,姜片：2片 | 枸杞：8粒,盐：2g | 糖：1g | 生抽：0.5勺 | 淀粉：0.5勺,"1 准备少量白菜心，口蘑2朵，猪里脊肉100克，姜片，枸杞。
2 肉中加盐，糖，生抽，土豆淀粉混合腌制，表面喷食用油，腌制10分钟。
3 盘子底部铺白菜，口蘑，肉片，蒸25分钟，出锅前十分钟放枸杞。
4 出锅啦。
5 肉片鲜嫩营养丰富。
6 清淡的美食也可以很好吃。"
661267,https://home.meishichina.com/recipe-661267.html,番茄牛肉蒸豆腐,番茄：1个 | 牛肉馅：100g | 嫩豆腐：150g,小葱：1颗,盐：少许 | 糖：2g | 白胡椒粉：1g | 生抽：1勺 | 玉米淀粉：0.5勺,"1 嫩豆腐切块，西红柿去皮切丁，牛肉馅100克。
2 牛肉馅中加盐，糖，白胡椒粉，一点生抽，玉米淀粉，混合均匀，腌制15分钟。
3 锅中喷少许底油，肉馅翻炒变色。
4 放番茄炒软，加清水，生抽调味。
5 豆腐铺底部，把炒好的番茄牛肉放进盘子。
6 水开蒸二十分钟，撒小葱，酸、甜、香、嫩。
7 一口下去超满足，可拌米饭哦。
8 酸甜可口，肉嫩鲜香。"
660927,https://home.meishichina.com/recipe-660927.html,叉烧鸡腿肉,鸡腿肉：适量,蜂蜜：适量,花生油：适量 | 生抽：适量 | 蚝油：适量 | 叉烧酱：适量,"1 鸡腿肉去骨洗净沥干水份。
2 加入叉烧酱，生抽，蚝油，蜂蜜。
3 揉抓均匀腌制数小时入味。
4 腌入味的鸡腿肉铺在烤盘中。
5 烤箱230度烤30分钟，中途翻面。
6 烤好后晾凉切块即可。"
661217,https://home.meishichina.com/recipe-661217.html,鲜香牛腩,牛肉：适量,开水：适量,大料：2个 | 花椒：15个 | 桂皮：1块 | 白芷：2片 | 姜：3片 | 草果：1个 | 红烧酱油：适量 | 盐：适量,"1 牛腩肉反复洗净，多次反复换清水（泡出血水)。
2 将牛腩切成小方块。
3 锅中放入水，凉水下入牛肉、加适量的料酒，煮至熟。
4 将牛肉块捞出（汤倒掉)。
5 锅中加适量的食用油，加入香料大料、桂皮、花椒（煸出香味，将料渣捞出倒掉)。
6 将牛肉块倒入料油中翻炒，加入开水，再加入调料白芷、草果、陈皮丝、姜片、红烧酱油煮10分钟。
7 将炒锅中的牛肉倒入高压锅中，加入适量的食用盐压制20分钟。
8 焖好的牛腩肉鲜香扑鼻，肉质鲜嫩、有肉有筋、百吃不厌。"
661210,https://home.meishichina.com/recipe-661210.html,芋仔牛肉,牛肉：适量 | 芋仔：适量,蒜末：适量 | 小米辣：适量 | 葱花：适量,花生油：适量 | 玉米淀粉：适量 | 老抽：适量 | 蚝油：适量 | 盐：适量 | 生抽：适量,"1 芋仔清洗干净备用。
2 将芋仔上锅蒸熟。
3 牛肉洗净切薄片。
4 加入适量玉米淀粉，生抽，老抽，蚝油。
5 抓拌均匀后加入适量花生油抓匀。
6 蒜头剁碎，小米辣切细备用。
7 蒸好的芋仔去皮切块。
8 锅中热油倒入牛肉。
9 炒至七八成熟后盛出。
10 锅中热油放入蒜末和小米辣。
11 放入芋仔翻炒。
12 加入适量蚝油，生抽，盐。
13 加入适量清水。
14 大火煮开。
15 放入炒过的牛肉。
16 焖煮几分钟入味即可出锅。"
661211,https://home.meishichina.com/recipe-661211.html,豆豉蒜末蒸排骨,排骨：适量,豆豉：适量 | 蒜末：适量,花生油：适量 | 生抽：适量 | 蚝油：适量 | 老抽：适量,"1 排骨斩块洗净备用。
2 蒜头拍扁剁碎。
3 将排骨冷水下锅焯烫出血水后捞出再洗净。
4 锅中热油放入蒜末炒香。
5 放入豆豉一起炒出香味。
6 放入排骨翻炒均匀。
7 加入适量蚝油，生抽，老抽。
8 翻炒均匀上色入味。
9 炒过的排骨盛入碗中，电高压锅蒸20分钟。"
661230,https://home.meishichina.com/recipe-661230.html,豆腐与马铃薯的火热爱情,豆腐：1块 | 土豆：3个,大葱：1根 | 香菜：1小把 | 小米椒：2个 | 蒜：6瓣,烧烤料：1勺 | 孜然粉：1匙 | 白芝麻：1把 | 生抽：1匙 | 香醋：1匙 | 蚝油：1匙,"1 将豆腐、土豆清洗后切块，放在烤盘中喷一点点葵花籽油，蒸烤一体机选强烧烤220度20分钟，中途翻面。
2 将蒜、小米椒切碎备用，碗中放入烧烤料、孜然粉、白芝麻备用。
3 起锅烧油淋入调料碗中，再加入蚝油、生抽、香醋搅拌均匀。
4 将葱和香菜切碎备用。
5 将调料和葱、香菜倒入烤好的豆腐、土豆中搅拌均匀！美味香辣的烤豆腐和土豆就完成了?像极了豆腐与马铃薯的火热爱情??"
660929,https://home.meishichina.com/recipe-660929.html,板栗焖五花肉,五花肉：适量 | 板栗：适量,生姜：适量 | 葱花：适量,花生油：适量 | 生抽：适量 | 蚝油：适量 | 老抽：适量 | 盐：适量,"1 五花肉洗净改刀切小块。
2 姜片备用。
3 锅中热油放入姜片炒香。
4 放入五花肉煸炒。
5 炒出油脂后盛出多的油。
6 加入适量蚝油，生抽，老抽和盐。
7 翻炒均匀上色入味。
8 五花肉转入高压锅，加入适量清水高压锅大火压5分钟。
9 锅中水烧开后放入板栗，大火煮开后捞出剥皮。
10 焖好的五花肉放入板栗。
11 继续将板栗焖至断生即可。"
660928,https://home.meishichina.com/recipe-660928.html,百香果排骨,肋排：适量 | 百香果：适量,姜片：适量,花生油：适量 | 生抽：适量 | 蚝油：适量 | 冰糖：适量,"1 肋排改刀切块。
2 排骨冷水下锅焯烫出血水后洗净。
3 生姜切片备用。
4 锅中热油放入姜片炒香。
5 放入排骨翻炒。
6 加入适量蚝油，生抽，老抽。
7 翻炒均匀上色入味。
8 加入适量清水和几颗冰糖，大火煮开转中小火焖1小时左右。
9 百香果备用。
10 1小时后排骨收一下汁。
11 放入百香果。
12 要焖十分钟左右入味即可。"
661189,https://home.meishichina.com/recipe-661189.html,南瓜蒸鸡腿肉,老南瓜：260g | 鸡大腿肉：1个,大葱：1段 | 生姜：1块 | 小葱：1个,盐：1g | 糖：2g | 白胡椒粉：1g（可不放） | 蚝油：少许 | 米酒：1勺 | 土豆淀粉：1勺,"1 准备主要食材：南瓜260克，大鸡腿一个（去皮去骨）大葱段，小葱（点缀）姜片。
2 南瓜、鸡腿肉切块。
3 鸡腿肉中放底盐，蚝油，白糖，白胡椒粉（小月龄不放）大葱，生姜，米酒，一勺土豆淀粉，抓拌均匀。
4 喷上少许玉米油，腌制三十分钟。
5 水开后蒸20-25分钟。
6 撒小葱，南瓜蒸鸡腿肉制作完成。
7 南瓜软糯，鸡肉香嫩。
8 一口下去超满足巨下饭。
9 美味蒸菜营养不上火。"
661188,https://home.meishichina.com/recipe-661188.html,鲜虾鱼板炒花菜,鲜虾：237克 | 花菜：377克 | 鱼板：85克,,料酒：适量 | 盐：适量 | 酱油：适量,"1 食材：鲜虾（已清洗）、花菜（已掰成小朵在盐水浸泡30分钟清洗）、鱼板。
2 将鲜虾剥去虾壳。
3 放在案板上背部划开去虾线。
4 将鱼板放在案板上切成片。
5 将花菜下入沸水中焯开2——3分钟后捞出。
6 起锅倒油烧热，下入虾仁、加适量的料酒。
7 翻炒翻炒。
8 接着，合入焯好的花菜和切好的鱼板翻炒翻炒。
9 然后，加适量的盐。
10 加适量的酱油。
11 调味炒匀即成。"
660869,https://home.meishichina.com/recipe-660869.html,百香果牛肉,牛肉：适量,百香果：适量 | 番茄：适量 | 葱花：适量,花生油：适量 | 盐：适量 | 白砂糖：1勺,"1 牛肉切薄片，加入老抽，玉米淀粉，蚝油抓拌均匀，再适量花生油抓匀。
2 百香果汁备用。
3 番茄去皮洗净切片。
4 锅中热油放入番茄。
5 炒出番茄汁。
6 放入百香果。
7 加入适量清水。
8 大火煮开再中小火煮5分钟左右。
9 放入牛肉。
10 煮开至牛肉断生，再少许盐和白砂糖调味即可。"
661173,https://home.meishichina.com/recipe-661173.html,窝瓜炖土豆,窝瓜：适量 | 土豆：2个,食用油：适量 | 料酒：适量 | 葱花：适量 | 开水：适量,盐：适量 | 鸡精：适量,"1 土豆窝瓜洗净，切块。
2 锅入放适量食用油，下入土豆窝瓜块，加适量料酒、盐、开水炖煮。
3 煮制土豆窝瓜熟透，放适量鸡精，撒入葱花。
4 窝瓜炖土豆盛出来，汤竟也干了，非常好吃，又甜又面(好久没做这道菜了)。"
661170,https://home.meishichina.com/recipe-661170.html,香辣里脊丝,猪里脊：1根,香菜：200g,豆豉：20颗 | 小米辣：1个,"1 里脊切大丝后放入盐，糖，白胡椒粉，生抽，蚝油。
2 抓均匀。
3 一勺水淀粉+一点水，解开，放肉丝里抓均匀。
4 放一大勺油，一点香油，抓均匀，这一步是为了防止炒的时候肉丝成团，腌半小时。
5 香菜切段，葱段，姜片，蒜片，小米辣切碎，豆豉若干，喜欢吃辣的就多放些小米辣。
6 底油，葱姜蒜小米辣爆香，放肉丝炒变色（肉丝抓一下，让它变得松散，这样会根根分明），放豆豉，香菜，香菜变色就出锅，淋上香油，香喷喷上桌。"
660788,https://home.meishichina.com/recipe-660788.html,农家小炒鸡,鸡腿肉：适量,蒜末：适量 | 线椒：适量 | 小米辣：适量,花生油：适量 | 玉米淀粉：适量 | 老抽：适量 | 蚝油：适量 | 盐：适量,"1 鸡腿肉去骨洗净。
2 改刀切小块。
3 加入适量玉米淀粉，蚝油，老抽抓匀静置备用。
4 线椒和小米辣洗净切细。
5 蒜头剁碎备用。
6 锅中热油放入鸡腿肉，煎炒干水份。
7 加入适量蚝油，盐调味。
8 放入蒜末。
9 放入辣椒。
10 大火快速翻炒至断生即可。"
661161,https://home.meishichina.com/recipe-661161.html,红烧白鲳,鲳鱼：适量,姜：适量,姜：适量 | 葱：适量 | 蒜：适量 | 干辣椒：适量 | 酱油：适量 | 蚝油：适量 | 味精：适量 | 油：适量 | 糖：适量,"1 热油炒香姜葱蒜干辣椒。
2 放入鲳鱼。
3 翻来覆去焖一下。
4 放入调好的酱汁，酱油蚝油味精和糖。
5 加入少许水。
6 出锅啦！"
661160,https://home.meishichina.com/recipe-661160.html,慈菇炒木耳,慈菇：适量 | 木耳：适量,葱花：适量,盐：适量 | 味精：适量 | 油：适量,"1 热油放入慈菇。
2 木耳先过水。
3 翻炒几分钟放入木耳，放入盐和味精少许调味。
4 翻炒两分钟最后放入葱花即可。
5 出锅啦！"
661159,https://home.meishichina.com/recipe-661159.html,黄瓜木耳虾仁,黄瓜：适量 | 木耳：适量 | 虾仁：适量,姜片：适量,盐：适量 | 油：适量 | 味精：少许,"1 放油炒香姜片。
2 我把黄瓜去皮了，炒片刻。
3 顺序放入木耳和虾仁，虾仁用淀粉勾芡。
4 放入适量盐和味精调味。
5 出锅啦！"
661156,https://home.meishichina.com/recipe-661156.html,梭子蟹炒蛤蜊,梭子蟹：2只 | 蛤蜊：270克,姜片：适量 | 香葱：适量,料酒：适量 | 酱油：适量 | 盐：适量,"1 食材：梭子蟹（已清洗）、蛤蜊（已清洗）、姜片、香葱。
2 将梭子蟹去蟹盖蟹肚脐蟹鳃用剪刀剪成块。
3 起锅倒油烧热，下入姜片炝锅。
4 接着，下入梭子蟹、加适量的料酒。
5 加适量的清水。
6 翻炒翻炒至熟。
7 然后，合入蛤蜊翻炒翻炒至开口。
8 最后，加适量的酱油。
9 加适量的盐。
10 调味炒匀，搁入香葱即成。"
661141,https://home.meishichina.com/recipe-661141.html,羊脊骨火锅,羊脊骨：2斤,白萝卜：半根,火锅料：3大勺 | 干辣椒：6个 | 花椒：20粒 | 红枣：2个 | 香叶：6片,"1 羊脊骨泡冷水一小时，然后洗净
2 羊脊骨冷水下锅，撇去浮沫，盛出备用，汤盛出备用。
3 锅中加油，放冰糖炒出糖色，加羊脊骨翻炒。
4 加葱段、辣椒、花椒、姜片、香叶、红枣等炒香，加料酒、生抽（或酱油）继续翻炒，加火锅料翻炒。
5 加入汤，大火煮20分钟，改小火慢炖一个半小时，最后十分钟加2小勺子盐即可。"
660772,https://home.meishichina.com/recipe-660772.html,薯仔黑椒牛仔骨,牛仔骨：适量 | 土豆：适量,葱花：适量,花生油：适量 | 黑椒酱：适量 | 玉米淀粉：适量,"1 牛仔骨擦干水份备用。
2 土豆洗净去皮切滚刀块。
3 土豆加入玉米淀粉拌匀。
4 锅中热油放入土豆。
5 中小火炸至金黄后捞出。
6 锅中热油放入牛仔骨，煎至两面金黄。
7 放入黑椒酱。
8 放入炸过的土豆。
9 加入适量清水。
10 大火煮开转小火焖十分钟左右入味后收汁即可。"
661011,https://home.meishichina.com/recipe-661011.html,小鸡炖粉条,鸡肉：适量 | 惠来粉签：适量,姜片：适量 | 葱花：适量,花生油：适量 | 生抽：适量 | 蚝油：适量 | 老抽：适量 | 盐：适量,"1 鸡肉斩块后冷水下锅焯烫后洗净备用。
2 粉签清水泡发备用。
3 生姜切片备用。
4 锅中热油放入姜片炒香。
5 放入鸡肉翻炒。
6 加入适量蚝油，生抽，老抽，翻炒均匀上色。
7 加入适量清水。
8 大火煮开转小火焖30分钟左右。
9 鸡肉焖入味后放入粉条。
10 大火煮开断生收汁即可出锅。"
661113,https://home.meishichina.com/recipe-661113.html,煎土豆丝饼,土豆：1个 | 胡萝卜：1段 | 小葱：3颗 | 鸡蛋：1个,面粉：适量,盐：少许 | 白胡椒粉：1g | 十三香粉：1g,"1 准备主要食材如图。
2 土豆胡萝卜擦丝（不要淘洗）小葱切碎。
3 加一个鸡蛋，少量面粉，盐，白胡椒粉，十三香，搅拌均匀。
4 平底锅中放少许油，放土豆丝，不要压，不要太厚。
5 煎到一面上色翻面，用小火，大约2-3分钟。
6 外焦里糯。
7 配上一杯牛奶，十分钟搞定一顿早餐。"
660773,https://home.meishichina.com/recipe-660773.html,肥牛芦笋卷,芦笋：适量,肥牛：适量,花生油：适量 | 孜然粉：适量,"1 芦笋和肥牛备用。
2 芦笋洗净切段。
3 再把肥牛卷摊开卷在芦笋上。
4 将芦笋和肥牛一个个卷好。
5 锅中热油放入芦笋卷。
6 中小火将两面煎至金黄。
7 出锅前洒上少许孜然烧烤料即可。"
660830,https://home.meishichina.com/recipe-660830.html,贡菜拌牛肉,牛肉：适量 | 贡菜：适量,香菜：适量 | 蒜末：适量,花生油：适量 | 生抽：适量 | 烧烤料：适量 | 辣椒粉：适量 | 盐：适量 | 蚝油：适量 | 陈醋：适量 | 老抽：适量 | 玉米淀粉：适量,"1 贡菜提前泡发备用。
2 牛肉洗净切薄片。
3 加入适量玉米淀粉，老抽，蚝油和花生油抓匀备用。
4 蒜头拍扁剁碎。
5 贡菜洗净切小段。
6 碗里放入蒜末，烧烤料，辣椒粉。
7 淋上热油激发出香味，少许盐，生抽，陈醋，蚝油拌匀备用。
8 锅中水烧开放入贡菜煮开大约1分钟后捞出。
9 牛肉也下锅焯烫至断生捞出。
10 盆里放入贡菜和牛肉。
11 放入洗净的香菜。
12 淋上拌好的调味汁拌匀即可。"
660754,https://home.meishichina.com/recipe-660754.html,蒜香牛仔骨,牛仔骨：适量,蒜头：适量 | 葱花：适量,花生油：适量 | 黑椒酱：适量,"1 蒜米备用。
2 牛仔骨备用。
3 锅中热油放入牛仔骨。
4 中小火煎至两面微焦。
5 放入蒜米。
6 炒至蒜米微焦。
7 加入黑椒酱。
8 适量清水。
9 大火煮开转小火焖入味收汁即可。"
661102,https://home.meishichina.com/recipe-661102.html,酸汤黄牛肉,黄牛肉：300g,平菇：150g | 绿豆芽：300g | 番茄：3个 | 小香葱：适量,色拉油：2大勺 | 白糖：2小勺 | 盐：1匙 | 酸汤底料：1包 | 清水：适量,"1 准备好所有食材。
2 番茄洗净、去蒂，切小块备用。
3 平菇撕成小房，洗净备用。
4 绿豆芽摘掉根部，洗净备用。
5 黄牛肉切成比市贩涮牛肉片稍厚的薄片。
6 这是我们去贵阳玩时，当地人推荐的酸汤锅底。
7 热锅热油，放入黄牛肉片炒至一变色就盛出。
8 另倒入一勺油，放入番茄翻炒。
9 加入两小勺白糖和一匙盐调味。
10 再放入平菇，中小火继续翻炒。
11 倒入一包酸汤底料。
12 倒入适量清水，放入之前炒熟的黄牛肉片，大火烧开后关火。
13 在砂锅底部铺上绿豆芽。
14 浇入烧好的酸汤牛肉。
15 装盘后撒上几根小香葱段。
16 吃不完的还可以下宽面吃。
17 很开胃很好吃??"
661072,https://home.meishichina.com/recipe-661072.html,爆炒鸡丁,蒜苔：6根 | 洋葱：半个 | 鸡胸肉：1块,小米辣：2个 | 大蒜：4瓣 | 生姜：2片,盐：2g | 糖：2g | 白胡椒粉：1g | 郫县豆瓣酱：1勺 | 土豆淀粉：1勺 | 酱油：1勺,"1 准备主要食材如图。
2 鸡胸肉切丁，加入盐，糖，白胡椒粉，老抽，淀粉，抓拌均匀，最后加一勺外婆乡小榨菜籽油搅拌，腌制15分钟。
3 锅中加适量菜籽油，放姜片，鸡丁滑炒变色盛出来。
4 留底油，放一勺豆瓣酱，蒜瓣翻炒。
5 倒入配菜洋葱，蒜苔，少量清水。
6 洋葱断生加入鸡丁，大火翻炒片刻关火。
7 香辣鸡丁制作完成，好吃好看增进食欲。"
661096,https://home.meishichina.com/recipe-661096.html,虾皮炒棱角丝瓜,棱角丝瓜：2根 | 熟虾皮：40克,,盐：适量,"1 食材：棱角丝瓜、熟虾皮。
2 将棱角丝瓜去皮清洗清洗捞出。
3 放在案板上切成片。
4 起锅倒油烧热，下入切好的棱角丝瓜翻炒一下。
5 接着，合入熟虾皮翻炒翻炒。
6 然后，加适量的盐。
7 调味炒匀即成。"
661097,https://home.meishichina.com/recipe-661097.html,芹菜炒百叶,芹菜：215克 | 厚百叶：153克,小苏打：适量,盐：适量 | 味精：适量,"1 食材：芹菜、厚百叶。
2 将芹菜去根、加适量的小苏打。
3 用清水浸泡片刻。
4 随后，将浸泡好的芹菜清洗清洗捞出。
5 放在案板上切成段。
6 将厚百叶放在案板上切开。
7 接着，将切好的厚百叶下入沸水锅中焯上1到2分钟捞出。
8 起锅倒油烧热，下入切好的芹菜翻炒翻炒。
9 然后，合入焯好的厚百叶翻炒翻炒。
10 最后，加适量的盐。
11 加适量的味精。
12 调味炒匀即成。"
660849,https://home.meishichina.com/recipe-660849.html,红薯鸭胸,红薯：适量 | 鸭胸：适量,生抽：适量 | 老抽：适量 | 胡椒粉：适量 | 洋葱：适量 | 黄豆酱：适量 | 糖：适量,盐：适量,"1 鸭胸蒸半小时。
2 红薯去皮切块。
3 放入蒸笼。
4 蒸十分钟。
5 另起锅，将鸭胸皮向下煎至金黄色。
6 加入适量糖，炒糖色。
7 加入适量开水生抽老抽胡椒粉。
8 放入红薯焖熟即可。
9 码盘。
10 鸭胸切厚片铺上，淋上酱汁。
11 点缀一下。
12 开动了。"
660867,https://home.meishichina.com/recipe-660867.html,香煎鲮鱼饼,鲮鱼滑：适量,小葱：适量 | 胡椒粉：适量,盐：适量,"1 鲮鱼滑。
2 小葱切碎。
3 加入鱼滑中。
4 拌匀即可。
5 锅子烧热放入鱼滑。
6 两面煎至金黄色。
7 开动了。"
661090,https://home.meishichina.com/recipe-661090.html,香煎鱼块,无头鱼：2条,生姜：1块 | 小葱：4颗 | 花椒：20粒,香糟卤：（或料酒）2-3勺 | 盐：1g | 糖：1g | 白胡椒粉：2g | 孜然粉：适量（撒料） | 生粉：适量,"1 准备无头鱼两条，生姜，小葱。
2 鱼切块，加入底盐，白胡椒粉，生姜，花椒，小葱，香糟卤，混合均匀，腌制30分钟。
3 鱼块用厨房纸巾擦去鱼块多余水分，裹上生粉。
4 平底不粘锅中放适量菜籽油油温7成热放入鱼块进行煎制。
5 中小火一面上色后翻面煎，约5-8分钟左右。
6 煎到两面焦黄就可以了。
7 装盘，撒香葱，孜然粉外焦肉嫩，吃起来焦香焦香的，不腥鱼刺少。"
661075,https://home.meishichina.com/recipe-661075.html,私厨带鱼,带鱼：2条,料酒：适量 | 生抽：适量 | 白灼汁：适量 | 葱段：适量 | 姜片：2片,盐：少许 | 鸡精：适量,"1 带魚2条去内脏去头尾部分，洗净切斜花刁用料酒盐腌制10至15分钟(勤翻面)。
2 取出后放入盘中（倒掉腌汁)。
3 加入白灼汁，葱段、姜片。
4 水开后蒸12分钟。
5 调个汁:适量的鲜极鲜生抽、白灼汁、鸡精、水淀粉少许，放入锅中烧制稍浓即可。
6 浇入蒸好的带魚上即可，带魚纹理请晰漂亮，汤汁鲜又红亮。"
660710,https://home.meishichina.com/recipe-660710.html,洋葱胡萝卜鸡蛋炒蕉芋粉丝,蕉芋粉丝：适量 | 洋葱：适量 | 胡萝卜：适量 | 鸡蛋：适量,生抽：适量 | 肉末豆酱：适量,盐：适量,"1 粉丝泡发。
2 胡萝卜切丝。
3 洋葱切丝。
4 锅子烧热放入蛋液。
5 放入肉酱。
6 放入胡萝卜丝。
7 放入粉丝。
8 放入洋葱翻炒。
9 调味即可。
10 开动了。"
660708,https://home.meishichina.com/recipe-660708.html,胡萝卜焖猪手,猪手：适量 | 胡萝卜：适量,生抽：适量 | 老抽：适量 | 香叶：适量 | 姜：适量 | 黄豆酱：适量 | 黄冰糖：适量,盐：适量,"1 胡萝卜切斜刀。
2 猪手蒸40分钟。
3 另起锅放入猪手。
4 加入适量生抽老抽胡椒粉。
5 放入适量黄豆酱。
6 加入胡萝卜焖20分钟。
7 收汁码盘。
8 开动了。"
660961,https://home.meishichina.com/recipe-660961.html,蒜蓉蒸红三鱼,红三鱼：适量 | 大蒜：适量,姜：适量 | 猪油：适量,盐：适量,"1 红三鱼洗净。
2 加入适量盐抹匀。
3 大蒜切碎。
4 码上姜片。
5 放上蒜蓉。
6 大火蒸八分钟。
7 取出来即可。
8 开动了。"
661061,https://home.meishichina.com/recipe-661061.html,白菜豆腐炖海虾,白菜：1颗,豆腐：1块 | 海虾：适量,盐：适量 | 料酒：适量 | 白醋：适量 | 花椒：10粒 | 葱：适量 | 蒜：2粒 | 耗油：适量,"1 海虾，其中有一部分软皮虾。
2 白菜一颗。
3 豆腐切块。
4 葱，蒜，小米辣改刀。
5 白菜帮切块。
6 白菜叶切，分开存放。
7 炒锅放油。
8 放入花椒。
9 放葱、蒜、小米辣，炒出香味。
10 放海虾炒匀。
11 放入白醋。
12 炒匀。
13 放入料酒。
14 放入生抽。
15 超至虾红透。
16 放入白菜帮。
17 炒匀。
18 放入耗油。
19 炒匀。
20 放入白菜叶。
21 炒匀。
22 放盐。
23 加水适量。
24 豆腐。
25 中火20分钟。"
660993,https://home.meishichina.com/recipe-660993.html,千张丝炒洋葱丝,千张：适量 | 洋葱：适量,黄豆酱：适量 | 大蒜：适量 | 辣椒粉：适量,盐：适量,"1 千张切丝。
2 洋葱切丝。
3 锅子烧热放入千丝。
4 加入适量黄豆酱。
5 放入洋葱翻炒。
6 放入适量辣椒粉。
7 调味即可。
8 开动了。"
661057,https://home.meishichina.com/recipe-661057.html,土豆丝茄丝炒芒果丝,土豆：1个 | 茄子：1个,芒果丝：少许 | 葱花：少许,花椒粉：少许 | 盐：1勺 | 鸡精：少许 | 油：适量,"1 备好食材。
2 切丝，加入胡椒粉，盐。
3 油热下入土豆丝，茄子丝炒匀至软。
4 加入芒果片炒匀，加一点水盖盖焖一会，土豆丝熟透。"
660735,https://home.meishichina.com/recipe-660735.html,盐葱鸡腿肉,鸡腿肉：适量,蒜头：适量 | 葱花：适量 | 白芝麻：适量,花生油：适量 | 老抽：适量 | 蚝油：适量 | 盐：适量 | 芝麻油：适量,"1 鸡腿去骨取肉备用。
2 洗净的鸡腿肉加入适量蚝油，老抽，生抽，抓拌均匀腌制半小时以上入味。
3 香葱洗净切葱花。
4 蒜头剁碎备用。
5 碗里放入蒜末和葱花，白芝麻。
6 加入适量盐。
7 少许芝麻油拌匀备用。
8 锅中热油放入鸡腿肉。
9 中小火慢煎。
10 煎至两面金黄。
11 将盐葱酱均匀铺在鸡腿肉上。
12 加入少许清水和生抽。
13 盖上焖1分钟左右。
14 鸡腿肉取出晾凉切块装盘即可。"
661039,https://home.meishichina.com/recipe-661039.html,万绿丛中红艳艳,西兰花：适量,大虾：8只,料汁：适量,"1 西兰花洗净焯水(放少许盐颜色翠绿)。
2 大虾洗净焯水一分多钟捞出。
3 大虾需去除头尾。
4 先将焯好的西兰花摆在四周，中间将大虾摆成圆型，大虾颜色鲜艳、西兰花颜色碧绿，相搭配既营养，又养眼。
5 可根据个人口味调料汁。"
661038,https://home.meishichina.com/recipe-661038.html,白灼虾,虾：10只,西兰花：1朵,料汁：适量,"1 鲜虾洗净，锅中有烧开，放入虾焯一分钟即可。
2 捞出虾控水装盘，用一朵西兰花点缀。
3 料汁可根据个人口味调制。"
660977,https://home.meishichina.com/recipe-660977.html,创意黄金鸡肉丸,鸡胸肉：1块,料酒：适量 | 鸡蛋白：2个 | 淀粉：适量 | 清水：适量,盐：适量 | 鸡精：适量,"1 鲜鸡胸肉一块洗净。
2 切小薄片状，加入料酒，鸡蛋白、盐搅拌均匀。
3 再加入适量的淀粉。
4 放入搅肉机中打成泥状。
5 鸡肉泥很新鲜。
6 准备半碗清水，用于左手取肉泥从虎口处挤出丸子，右手拿小勺每次都沾一下水，再取丸子这样不沾勺子。
7 锅中水烧开，放入料酒、盐、鸡肉丸逐个放入锅中小火氽熟。
8 淀粉水中放入适量的料酒、盐、鸡精、及南瓜泥、水搅拌均匀。
9 将南瓜泥淀粉水倒入锅中勾芡，再将鸡肉丸子放人锅中快速翻炒一下（翻炒的图片忘拍了)。
10 将鸡肉丸盛入盘中，颜色金黄、肉丸鲜嫩、汤汁鲜美。"
661017,https://home.meishichina.com/recipe-661017.html,菠菜烧豆腐,老豆腐：200g | 菠菜：250g,大蒜：1瓣,盐：2g | 糖：1g | 白胡椒粉：1g,"1 准备菠菜，豆腐，大蒜。
2 菠菜焯水30秒捞出来备用。
3 平底锅放油，豆腐煎至两面上色，放蒜片。
4 放菠菜，加热水，少许盐，白胡椒粉。
5 烧到汤汁基本收干，放白糖提鲜，关火。
6 菠菜烧豆腐制作完成。
7 清淡简单的一道家常菜，高钙营养好吸收。"
660903,https://home.meishichina.com/recipe-660903.html,粉蒸排骨,排骨：适量,红薯：适量,蒸肉米粉：适量 | 姜：适量 | 蒜：适量 | 豆瓣酱：适量 | 料酒：适量,"1 排骨切段洗净，控干水分。
2 姜蒜切末，加入排骨，加入一勺豆瓣酱，适量料酒，抓匀，分两次加入适量蒸肉米粉抓匀，太干的话加点水。腌制十分钟。
3 红薯切圆块摆入蒸笼中。红薯上面铺上排骨。上汽蒸25-30分钟即可。"
661007,https://home.meishichina.com/recipe-661007.html,苦瓜鸡蛋饼,鸡蛋：3个,苦瓜：1个,油：适量 | 盐：适量 | 鸡精：适量,"2 鸡蛋三个，洗干净备用。
3 苦一个洗干净，备用。
4 苦瓜擦丝，改刀切小段备用。
5 容器中加入适量盐，鸡精，打入鸡蛋，搅拌均匀入味，备用。
6 锅里适量油，中小火烙制，倒入蛋液。
7 一面金黄，翻煎另一面，熟了出锅。"
661006,https://home.meishichina.com/recipe-661006.html,鸡蛋炒青红椒,鸡蛋：3个,青椒：1个 | 红辣椒：1个,油：适量 | 葱：适量 | 姜：适量 | 蒜：适量 | 盐：适量 | 鸡精：适量 | 水淀粉：适量,"2 制作方法:青椒红辣椒洗干净，备用。
3 青红椒改刀切小块，备用。
4 锅里适量油，鸡蛋提前打散备用，油烧开，倒入蛋液煎熟，盛出备用。
5 锅里适量油，葱姜蒜爆锅，放入食材翻炒断生。
6 加入鸡蛋，盐，翻炒均匀入味。
7 加入适量水淀粉勾薄芡，适量鸡精调味，出锅。"
661005,https://home.meishichina.com/recipe-661005.html,鸡蛋炒黄瓜,鸡蛋：3个 | 黄瓜：1个,胡萝卜：半根,油：适量 | 葱：适量 | 姜：适量 | 蒜：适量 | 鸡精：适量 | 盐：适量 | 水淀粉：适量,"2 制作方法:黄瓜胡萝卜适量，食材洗干净备用。
3 黄瓜胡萝卜去皮，改刀切小块，备用。
4 鸡蛋3个提前打散，备用。锅里适量油，烧开，到倒入蛋液，鸡蛋煎熟盛出备用。
5 锅里适量油，放入葱姜蒜爆香，放入食材翻炒断生。
6 加入鸡蛋，加适量盐，翻炒均匀入味。
7 加入适量水淀粉勾薄芡，加入适量鸡精调味，出锅。"
660999,https://home.meishichina.com/recipe-660999.html,爆炒毛肚,毛肚：适量 | 芹菜：适量,小米辣：适量 | 蒜头：适量 | 生姜：适量 | 八角：适量 | 桂皮：适量 | 香叶：适量,花生油：适量 | 生抽：适量 | 老抽：适量 | 蚝油：适量 | 盐：适量 | 面粉：适量 | 干锅酱：适量,"1 毛肚用面粉揉搓洗净。
2 将毛肚冷水下锅焯烫后再次洗净。
3 毛肚放入高压锅中，放入姜片，八角，桂皮，香叶。
4 加入蚝油，生抽，老抽，盐。
5 加入适量清水。
6 高压锅煮开后中小火压20分钟左右。
7 晾凉的毛肚改刀切小块。
8 芹菜洗净切段备用。
9 蒜头小米辣备用。
10 锅中热油放入蒜粒炒至微焦。
11 放入小米辣翻炒。
12 放入毛肚和一勺干锅酱。
13 大火快速翻炒均匀。
14 翻炒均匀入味后即可出锅。"
660732,https://home.meishichina.com/recipe-660732.html,甜杆西兰花炒牛肉,甜杆西兰花：适量 | 牛肉：适量,蒜粒：适量,花生油：适量 | 蚝油：适量 | 玉米淀粉：适量 | 老抽：适量 | 盐：适量,"1 甜杆西兰花备用。
2 牛肉洗净切薄片。
3 牛肉加入适量玉米淀粉，老抽，蚝油抓拌均匀。
4 再适量花生油抓匀锁住水份备用。
5 甜杆西兰花洗净改一下刀。
6 蒜粒备用。
7 锅中水烧开，适量花生油放入甜杆西兰花焯烫后1分钟左右捞出。
8 锅中热油放入牛肉。
9 放入蒜粒。
10 炒至牛肉变色，蒜粒微焦。
11 放入甜杆西兰花。
12 少许盐调味。
13 加入少量清水大火快速翻炒即可。"
660979,https://home.meishichina.com/recipe-660979.html,手工鸡肉丸,鸡胸肉：1块 | 猪油：10g,鸡蛋白：2个 | 料酒：适量 | 姜粉：适量 | 水：适量 | 淀粉：适量,盐：适量,"1 鲜鸡胸肉洗净，切小薄片。
2 一个大鸡蛋(竟然双簧的)只用鸡蛋白。
3 鸡肉中加入适量的料酒、盐、姜粉、鸡蛋白、水。
4 放入搅拌机中，再加入猪油10g、适量淀粉。
5 鸡肉泥搅拌完成。
6 鸡肉泥色泽新鲜、油亮。
7 制作肉丸:左手取肉泥，右手拿小勺（每取一个治一下水防粘)这水是烧开加了盐及少许料酒后关小火，再逐个挤丸子放入锅中氽熟，加入少许鸡精即可品尝（为了保持原汁原味未加生抽、葱花点缀)。圆圆的、鼓鼓的、白白的、好可爱！(好似汤圆)。
8 要想做好手工鸡肉丸配比很关键，鸡肉丸挤的是否够圆且均匀也很重要，氽的时间及温度关系到软嫩程度。"
660988,https://home.meishichina.com/recipe-660988.html,鸡蛋炒蒜苔,鸡蛋：2个,蒜苔：适量,料酒：适量 | 盐：适量 | 鸡精：少许,"1 鸡蛋其中有一个竟是双黄蛋。
2 将蒜台洗净切去两头，再将蒜苔切寸段。
3 将锅中水烧开，放入蒜苔、加入少许盐，时间要短，快焯快捞出过凉水。
4 锅中放入适量食用油烧热，加入鸡蛋液翻炒，再倒入焯好的蒜苔，加入适量料酒盐翻炒。
5 加点鸡精快速翻炒出锅。
6 成品装盘，早餐食用。"
660984,https://home.meishichina.com/recipe-660984.html,辣椒土豆炒鸡块,鸡翅根：8个 | 土豆：2个 | 青椒：5个 | 红椒：2个,葱：1根 | 姜：1块 | 蒜：8瓣,淀粉：少许 | 盐：适量 | 胡椒粉：适量 | 豆瓣酱：1匙 | 蚝油：1匙 | 老抽：1匙 | 生抽：1匙 | 料酒：1勺 | 干辣椒段：1把 | 红花椒：1撮 | 青花椒：1撮 | 蛋清：1个,"1 将鸡翅根清洗后切成小块，在纯净水中浸泡10分钟，除去血水。
2 将食材清洗干净备用。
3 将葱切段，蒜切片，小葱切碎。
4 浸泡过的鸡块中加入适量胡椒粉，盐，料酒，姜片和葱段进行腌制1小时后，将葱姜挑出，加入一个蛋清和适量淀粉抓匀备用。
5 土豆切成条，清水浸泡后沥干水分备用。
6 将青红椒切块备用。
7 准备干辣椒段，青花椒，红花椒备用。
8 起锅烧油，将土豆条炸熟备用。
9 油温升高后，将鸡块炸至金黄后捞出备用。
10 另起锅烧油，加入干辣椒段，青红花椒慢炒出香味。
11 加入鸡块和豆瓣酱煸炒均匀。
12 加入青红辣椒，葱段，蒜片翻炒均匀。
13 加入炸好的土豆条翻炒均匀。
14 最后加入小葱末和白芝麻翻炒均匀后即可出锅。
15 美味的辣椒土豆炒鸡块出锅了。"
660982,https://home.meishichina.com/recipe-660982.html,酱肉蒸毛豆,毛豆：420克 | 酱肉：115克,,盐：适量,"1 食材：毛豆、酱肉（已清洗）。
2 将毛豆剥壳淘洗干净。
3 将酱肉放在案板上切成片。
4 将毛豆放入盘中、加适量的盐。
5 调味拌匀。
6 接着，合入切好的酱肉。
7 然后，放入蒸锅里。
8 盖上盖，开锅隔水蒸15分钟即可。"
660980,https://home.meishichina.com/recipe-660980.html,黑木耳香干炒棱角丝瓜,黑木耳：10克 | 香干：2块 | 棱角丝瓜：2根,,盐：适量 | 味精：适量,"1 食材：黑木耳（已泡发清洗）、香干、棱角丝瓜。
2 将棱角丝瓜去皮清洗清洗捞出。
3 放在案板上切成滚刀块。
4 将香干放在案板上切成片。
5 起锅倒油烧热，下入切好的棱角丝瓜翻炒一下。
6 接着，合入切好的香干和黑木耳、加适量的清水。
7 翻炒翻炒至熟。
8 然后，加适量的盐。
9 加适量的味精。
10 调味炒匀即成。"
660973,https://home.meishichina.com/recipe-660973.html,孜然鸡胸肉,鸡胸肉：2块,葱姜：适量 | 鸡蛋清：1个,生抽：1勺 | 料酒：1勺 | 蚝油：1勺 | 淀粉：一大勺 | 油：适量 | 孜然粒：适量 | 烧烤料：适量 | 盐：适量 | 老抽：少许 | 胡椒粉：适量,"1 鸡胸肉洗净。
2 切小块。
3 加生抽，料酒，胡椒粉，老抽，鸡蛋清，盐，葱姜丝。
4 再加入淀粉用手抓匀。
5 拌匀。
6 加入一勺油锁住水分。
7 油热倒入鸡胸肉。
8 炒至微黄。
9 加入孜然粒，烧烤料炒匀。
10 出锅。"
660868,https://home.meishichina.com/recipe-660868.html,当归红枣炖𦟌肉,??肉：适量 | 当归：适量 | 红枣：适量,党参：适量 | 枸杞：适量 | 姜：适量,盐：适量,"1 猪??肉飞水。
2 当归枸杞红枣洗净。
3 放入炖盅。
4 放入材料。
5 加入适量水。
6 炖50分钟即可。
7 开动了。"
660970,https://home.meishichina.com/recipe-660970.html,家庭版地三鲜,土豆：1个 | 茄子：4根 | 青椒：6根,葱：1根 | 蒜：8瓣,淀粉：少许 | 盐：少许 | 蚝油：1匙 | 老抽：半匙 | 生抽：1匙 | 白糖：1匙 | 胡椒粉：少许 | 松鲜鲜：少许,"1 将食材清洗干净备用。
2 茄子切滚刀块，撒点盐腌十分钟。
3 土豆切滚刀块，稍微小一点。
4 青椒切滚刀块。
5 葱蒜切碎。
6 腌好的茄子用清水冲洗一下捏干水分，撒入淀粉抓匀备用。
7 起锅烧油，油温六成热下入土豆块小火油炸，炸至金黄后捞出备用。
8 油温升高后，大火炸茄子，炸至茄子表面变黄变脆捞出备用。
9 将青椒下入油锅稍炸一下即可捞出备用。
10 这是炸好的土豆，茄子和青椒。
11 另起锅烧油，放入一半的葱蒜碎煸炒。
12 倒入炸好的土豆，茄子和青椒翻炒均匀。
13 倒入料汁（生抽，蚝油，老抽，白糖，胡椒粉，松鲜鲜搅拌均匀后加入半勺纯净水），翻拌均匀。
14 倒入剩余的葱蒜碎翻拌均匀出锅即可。
15 美味的家庭版地三鲜出锅啦。"
660965,https://home.meishichina.com/recipe-660965.html,牛肉炒豇豆,牛里脊肉：适量 | 花豇豆：适量,蒜：适量 | 淀粉：适量,油：适量 | 盐：适量 | 料酒：适量 | 生抽：适量,"1 牛里脊肉切薄片，加盐、料酒、生抽、水淀粉拌匀后再加适量米糠油抓匀锁住水份。
2 蒜瓣去皮拍碎。
3 花豇豆择洗干净切寸段。
4 锅中水开加点盐，放入豇豆焯水3分钟。
5 捞出过凉，沥干水。
6 锅中放油烧热，放入腌制好的牛肉滑炒变色。
7 放入蒜瓣炒香。
8 放入豇豆翻炒2分钟，加盐调味炒匀。"
660545,https://home.meishichina.com/recipe-660545.html,五花肉焖茄子,五花肉：适量 | 茄子：适量,西红柿：适量 | 荆芥：适量,盐：适量,"1 西红柿去皮切块。
2 茄子切小块。
3 锅子烧热放入五花肉煎至出油。
4 放入茄子。
5 放入西红柿焖熟。
6 放入荆芥。
7 调味即可。
8 开动了。"
660791,https://home.meishichina.com/recipe-660791.html,黑木耳焖鸡,鸡：适量 | 黑木耳：适量,生抽：适量 | 老抽：适量 | 黄豆酱：适量 | 胡椒粉：适量,盐：适量,"1 黑木耳泡发。
2 鸡肉洗净后放入适量生抽盐腌制半小时。
3 黑木耳铺底。
4 铺上鸡肉蒸半小时。
5 另起锅，煎5分钟后放入适量生抽胡椒粉糖。
6 收汁入味即可。
7 码盘淋上汁。
8 开动了。"
660951,https://home.meishichina.com/recipe-660951.html,肉酱焖豆腐,肉酱：适量 | 豆酱：适量,荆芥：适量 | 大蒜：适量 | 豆豉：适量 | 辣椒粉：适量,盐：适量,"1 肉酱。
2 豆酱切小块浸泡。
3 豆豉洗净。
4 放入豆豉。
5 放入肉酱。
6 放入辣椒粉翻炒。
7 放入豆腐，煮至收汁。
8 放入荆芥。
9 开动了。"
660964,https://home.meishichina.com/recipe-660964.html,红豆芽蒸蕉芋粉丝,粉丝：适量 | 红豆芽：适量,熟油：适量 | 胡椒粉：适量 | 生抽：适量,盐：适量,"1 粉丝泡软后加入适量生抽熟油拌匀。
2 红豆芽。
3 铺上红豆芽。
4 倒入适量胡椒粉蒸十分钟。
5 小葱花备好。
6 放入葱花，焖一分钟。
7 开动了。"
660955,https://home.meishichina.com/recipe-660955.html,窝蛋冬菜木耳香菇蒸肉饼,猪肉：350g | 干香菇：10朵 | 小木耳：适量 | 胡萝卜：小半条 | 冬菜：2勺 | 鸡蛋：2个,生粉：1勺,生抽：2勺 | 胡椒粉：少许 | 香油：少许,"1 猪肉剁碎备用。
2 干香菇洗净，泡发剁碎备用(也可以用搅拌器打碎)。
3 小木耳洗净，泡发剁碎备用(也可以用搅拌器打碎)。
4 小半条胡萝卜剁碎备用。
5 全部放碗里，搅拌均匀。
6 舀入冬菜(我买的这个比较碎，如果有大块的先剁碎再加进去)。
7 再加入肉沫。
8 加生粉。
9 再淋入生抽。
10 还有香油。
11 最后撒入胡椒粉。
12 全部搅拌均匀，放冰箱冷藏20分钟。
13 平铺到盘子里。
14 用勺子挖两个坑，打入鸡蛋。
15 隔水蒸，水开后转中火，蒸25分钟即可。"
660845,https://home.meishichina.com/recipe-660845.html,香煎鸭蛋,鸭蛋：适量,白酒：适量 | 白醋：适量 | 胡椒粉：适量,盐：适量,"1 鸭蛋洗净。
2 打散后放入适量白酒。
3 加入适量米醋。
4 加入适量盐。
5 锅子烧热放入蛋液。
6 打散煎熟。
7 开动了。"
660949,https://home.meishichina.com/recipe-660949.html,蒜蓉蒸娃娃菜卷,大蒜：适量 | 娃娃菜：适量,生抽：适量 | 胡椒粉：适量 | 糖：适量,盐：适量,"1 娃娃菜洗净。
2 大蒜切碎。
3 加入适量生抽胡椒粉糖盐拌匀。
4 飞水。
5 卷起菜叶。
6 码好。
7 放入蒜蓉。
8 蒸15分钟。
9 开动了。"
660697,https://home.meishichina.com/recipe-660697.html,大葱木耳炒肉,木耳：适量 | 瘦肉：适量,大葱：适量,花生油：适量 | 老抽：适量 | 玉米淀粉：适量 | 蚝油：适量 | 盐：适量,"1 木耳提前泡发。
2 瘦肉洗净切薄片。
3 加入适量玉米淀粉，蚝油，生抽抓匀，再适量花生油抓匀锁住水份。
4 大葱洗净切细备用。
5 锅中热油放入瘦肉。
6 炒至变色。
7 放入木耳翻炒均匀。
8 适量盐，蚝油调味。
9 翻炒均匀入味。
10 放入大葱。
11 翻炒均匀入味即可出锅。"
660947,https://home.meishichina.com/recipe-660947.html,红烧大排,猪大排：适量,葱：适量 | 姜：适量 | 八角：适量,盐：适量 | 油：适量 | 耗油：适量 | 生抽：适量 | 老抽：适量 | 胡椒粉：适量 | 白糖：适量,"1 准备几块猪大排。
2 捶打成大排模样。
3 加入如图调料。
4 腌制一下。
5 油下锅，煎至5成熟。
6 锅内放入葱姜蒜。
7 垫上大排。
8 加入生抽和老抽和适量的开水。
9 煮15分钟。
10 大火收汁。
11 撒上芝麻。
12 很美味。"
660926,https://home.meishichina.com/recipe-660926.html,紫苏叶焖黄骨鱼,黄骨鱼：适量,紫苏叶：适量,花生油：适量 | 生抽：适量 | 蚝油：适量 | 盐：适量,"1 黄骨鱼洗净备用。
2 紫苏叶洗净备用。
3 锅中热油放入黄骨鱼，将鱼两面都煎一下。
4 加入适量蚝油，生抽，盐。
5 加入适量清水。
6 大火煮开焖至汤底变色。
7 放入紫苏叶煮开入味即可。"
660925,https://home.meishichina.com/recipe-660925.html,风味土豆丁,土豆：2个,淀粉：适量 | 食用油：适量 | 欧芹大蒜碎：适量（撒入盘中）,盐：适量,"1 2个大一些的土豆洗净去皮，先切去几面不规则的面。
2 用清水洗两遍，去除淀粉(防止土豆氧化变色)。
3 洗净后入锅中加少许盐煮2分钟，再捞出过凉。
4 控净水份加入适量的淀粉，分几次加入，一次少加点拌匀，直至土豆丁全部沾满淀粉即可(抖去余粉)。
5 锅中放入适量的食用油烧热，中火炸至表皮稍硬，改中火炸制。
6 第一遍炸的土豆丁捞出，然后入锅再复炸一遍至颜色金黄捞出。
7 表皮酥脆，刷刷响，好香的香酥土豆丁，可沾蕃茄汁食用，我不太喜欢吃蕃茄汁，适量撒入欧芹盐风味土豆也非常好吃，酥酥脆脆的口感百吃不厌。"
660938,https://home.meishichina.com/recipe-660938.html,咸肉豆干玉米丁,豆干：约350克 | 咸肉：100克 | 土豆粒：100克 | 红萝卜粒：100克 | 青豆：100克 | 玉米：100克,生姜：1块 | 蒜头：2瓣 | 葱头：1枚 | 青椒：1/2条,生抽：1.5大勺 | 白糖：1小勺 | 胡椒粉：1/2小勺 | 精盐：1/3小勺,"1 把材料切成丁；
2 把生姜切丝、蒜头和青椒切片、葱头开四边；
3 升中火，锅放底油，倒入青豆和玉米，烘至水干，能闻到丝丝甜味，倒出锅；
4 锅再加点底油，将豆干煸至微黄，倒入另一碗；
5 倒入土豆粒，加菜油约1大勺，不断翻拌，慢慢把土豆煸至金黄色，盛起；
6 加咸肉入锅，中火煸至出油，咸肉微焦，把咸肉舀出，锅留油；
7 放红萝卜粒入锅，中火煸至出红油；
8 把红萝卜拨一边，把油流向另一边，如果不够油可再加菜油1大勺，加入生姜、蒜头、葱头和青椒，爆香；
9 倒入全部材料，把材料拨开稍留一点空位，注入生抽1.5大勺，激起酱油香气；
10 将材料全部翻炒，加入白糖1小勺、胡椒粉1/2小勺、精盐1/3小勺，兜匀即可，OK了。"
660931,https://home.meishichina.com/recipe-660931.html,榨菜丝棱角丝瓜炒百叶,棱角丝瓜：2根 | 厚百叶：158克 | 榨菜丝：90克,,盐：适量 | 味精：适量,"1 食材：棱角丝瓜、厚百叶、榨菜丝。
2 将棱角丝瓜去皮清洗清洗捞出。
3 放在案板上切成滚刀块。
4 将厚百叶放在案板上切成条。
5 接着，将切好的厚百叶下入沸水锅中焯开捞出。
6 起锅倒油烧热，下入切好的棱角丝瓜翻炒一下。
7 然后，合入焯好的厚百叶和榨菜丝、加适量的清水。
8 翻炒翻炒。
9 最后，加适量的盐。
10 加适量的味精。
11 调味炒匀即成。"
660930,https://home.meishichina.com/recipe-660930.html,雪菜汁汆花螺,花螺：300克,,雪菜汁：适量,"1 食材：花螺（已清洗）、雪菜汁。
2 将花螺下入锅中。
3 接着，加适量的清水。
4 加适量的雪菜汁。
5 汆煮4到5分钟即成。"
660917,https://home.meishichina.com/recipe-660917.html,油爆大虾,阿根廷红虾：10只,食用油：500g,生抽：1勺 | 醋：4勺 | 盐：1勺 | 糖：2勺 | 料酒：适量 | 蒜：适量 | 姜：适量,"1 冷冻大虾提前解冻，洗净，剪掉虾脚虾须等，开背去除虾线。
2 调制酱汁，把生抽、醋、盐、糖按照比例调好待用。生姜蒜切丁备用。
3 起油锅，6成热下虾，30秒左右捞出沥干。
4 锅留底油，爆香姜蒜，下虾翻炒淋入酱汁翻炒均匀即可出锅。"
660696,https://home.meishichina.com/recipe-660696.html,孜然洋葱炒牛肉,牛肉：适量 | 洋葱：适量,葱花：适量,花生油：适量 | 玉米淀粉：适量 | 生抽：适量 | 蚝油：适量 | 老抽：适量 | 盐：适量 | 孜然：适量,"1 牛肉洗净切薄片。
2 加入适量玉米淀粉，老抽，蚝油抓拌均匀后适量花生油再抓匀锁住水份。
3 洋葱洗净切细备用。
4 锅中热油放入牛肉。
5 翻炒至变色。
6 放入洋葱。
7 翻炒均匀炒香。
8 适量蚝油，盐调味。
9 翻炒均匀后洒点孜然即可。"
660913,https://home.meishichina.com/recipe-660913.html,空气炸锅大虾,大虾：适量,,黑胡椒盐：适量,"1 大虾开背取出虾线。
2 放入空气炸锅撒喜欢的调料，我放的是黑胡椒盐。
3 200度15分钟翻面再来十五分钟就好了。"
660905,https://home.meishichina.com/recipe-660905.html,鸡胸肉炒三丁,鸡胸肉：一块 | 土豆：3个 | 胡萝卜：半个,葱花：适量,黄豆酱：适量 | 生抽：1勺 | 花椒粉：少许 | 油：适量 | 盐：适量 | 鸡精：少许 | 水：适量,"1 备好食材。
2 都切丁。
3 油热先炒鸡丁。
4 加葱花，黄豆酱炒香。
5 加生抽炒香。
6 放入土豆，加花椒粉翻炒。
7 加胡萝卜炒匀。
8 添水加盐与鸡精，炖一会。
9 汤没关火，土豆已熟。
11 鸡胸肉的炒三丁。"
660685,https://home.meishichina.com/recipe-660685.html,芥末黄油蟹,螃蟹：适量,香葱：适量 | 蒜末：适量,花生油：适量 | 黄油：适量 | 淀粉：适量 | 蚝油：适量 | 生抽：适量 | 芥末：适量,"1 买螃蟹时让商家帮忙处理一下。
2 处理好的蟹清洗干净备用。
3 蒜头剁碎备用。
4 香葱洗净切段备用。
5 碗中加入蚝油，芥末，生抽，盐，和适量淀粉水。
6 搅拌均匀备用。
7 螃蟹均匀给裹上一层淀粉。
8 裹好后下锅煎至金黄。
9 放入蟹的其他部位翻炒一下。
10 放入蒜末炒出香味。
11 放入黄油炒香。
12 倒入芥末汁。
13 大火煮开转小火焖。
14 焖入味后放入葱段翻炒几下即可出锅。"
660684,https://home.meishichina.com/recipe-660684.html,蒜蓉粉丝金针菇,粉丝：适量 | 金针菇：适量,蒜蓉：适量 | 葱花：适量,花生油：适量 | 蚝油：适量 | 生抽：适量 | 盐：适量,"1 粉丝提前泡发备用。
2 金针菇处理好洗净备用。
3 蒜头剁碎备用。
4 香葱洗净切葱花。
5 锅中热油放入蒜蓉。
6 加入适量蚝油，生抽，盐和少量清水煮开后即可。
7 粉丝平铺在盘中。
8 放入金针菇。
9 淋上炒好的蒜蓉酱。
10 冷水上锅大火蒸15分钟左右，出锅前洒上葱花即可。"
660833,https://home.meishichina.com/recipe-660833.html,肉酱蒸蕉芋粉丝,蕉芋粉丝：适量 | 肉酱：适量,胡椒粉：适量 | 熟油：适量,盐：适量,"1 粉丝泡水。
2 加入适量熟油。
3 肉酱。
4 铺在粉丝上。
5 加入适量蒜蓉。
6 蒸十分钟。
7 蒸好了拌匀。
8 开动了。"
660821,https://home.meishichina.com/recipe-660821.html,洋葱炒腊肠,洋葱：适量 | 腊肠：适量,生抽：适量,盐：适量,"1 腊肠切厚片。
2 洋葱切丝。
3 锅子烧热放入腊肠。
4 放入洋葱翻炒。
5 放入适量生抽。
6 翻炒入味。
7 开动了。"
660714,https://home.meishichina.com/recipe-660714.html,豆豉大蒜炒苦瓜,苦瓜：适量,豆豉：适量 | 大蒜：适量,盐：适量,"1 苦瓜切片。
2 材料如下。
3 锅子烧热放入材料。
4 放入苦瓜翻炒。
5 放入适量盐。
6 翻炒均匀即可。
7 开动了。"
660866,https://home.meishichina.com/recipe-660866.html,笋子炒梅花肉,干笋子：一把 | 梅花肉：三两,姜：少许 | 葱：少许,花生油：适量 | 盐：适量 | 老抽：少许 | 南德：少许,"1 梅花肉备用。
2 干笋子温水浸泡一夜。
3 切丝，备用。
4 姜切丝，备用。
5 锅烧热放适量油，倒入梅花肉加适量盐和少许老抽煸炒，再倒入姜丝，翻炒一下，继续倒入笋子加南德调味，翻炒片刻即可。
6 出锅装盘。
7 撒上葱花点缀一下。
8 美味可口。"
660650,https://home.meishichina.com/recipe-660650.html,番茄鸡蛋虾滑,番茄：适量 | 鸡蛋：适量 | 虾滑：适量,葱花：适量,花生油：适量 | 蚝油：适量 | 生抽：适量 | 盐：适量,"1 番茄去皮洗净切薄片。
2 鸡蛋打入碗中搅拌均匀备用。
3 锅中热油倒入蛋液，大火炸。
4 炸至鸡蛋金黄盛出备用。
5 锅中底油放入番茄翻炒。
6 加入适量蚝油，生抽，盐。
7 翻炒均匀炒出茄汁。
8 加入适量清水。
9 舀入虾滑（虾滑是买的安井的半成品）。
10 将虾滑煮至定型。
11 放入炸好的鸡蛋。
12 煮开中小火焖个两三分钟左右入味。
13 出锅前少许淀粉水勾薄茨即可。"
660851,https://home.meishichina.com/recipe-660851.html,酸辣小瓜,小瓜：适量,葱：适量 | 蒜：适量 | 辣椒：适量 | 花椒：适量,盐：适量 | 醋：适量,"1 锅里烧油，放花椒炸香。
2 我把花椒捞出来了，放葱辣椒蒜炒香。
3 放小瓜翻炒一下放盐醋调味。
4 放鸡精味精出锅。
5 简简单单酸辣开胃。"
660838,https://home.meishichina.com/recipe-660838.html,藕丁蒸肉饼,莲藕：350g | 猪前腿肉：300g | 干香菇：10朵 | 香葱：100g | 鸡蛋：1个,,盐：1匙 | 生抽：1匙 | 蚝油：1勺 | 胡椒粉：少许 | 鸡粉：少许 | 香油：1勺,"1 前腿肉(8分瘦2分肥）剁碎备用。
2 干香菇泡发，用搅拌机打碎。
3 莲藕去皮洗净，用搅拌机打碎。
4 香葱洗净切成葱花备用。
5 把所有材料放入大碗里，打入一个鸡蛋。
6 撒入盐以及鸡粉。
7 淋入生抽。
8 挤上蚝油。
9 撒上胡椒粉。
10 最后再淋入香油。
11 把全部材料充分搅拌均匀。
12 放到盘子里，铺平。
13 隔水蒸，水开后转中火蒸25分钟即可。
14 味道好极了，可以多吃一碗饭呢??"
660578,https://home.meishichina.com/recipe-660578.html,黄油煎松茸,松茸：适量,欧芹碎：适量,盐：适量 | 黄油：适量,"1 入手一点松茸。
2 将松茸洗净后切片备用。
3 锅中热油放入软化的黄油。
4 放入松茸。
5 中小火将松茸煎软。
6 两面煎至金黄。
7 煎好后洒上微微薄盐和欧芹碎即可。"
660794,https://home.meishichina.com/recipe-660794.html,香酥虾排,虾：9个,鸡蛋：1个 | 面包糠：适量 | 柠檬：半个,盐：少许 | 油：适量 | 料酒：适量,"1 厄瓜多尔大白虾解冻，去虾头，去壳，尾部壳不用去。
2 用刀切开虾背，去掉虾线，如图摊平，清洗干净后，放盐、料酒腌制20分钟。
3 三个碗分别放入淀粉、鸡蛋液、面包糠。
4 手拿虾尾蘸淀粉，裹均匀并轻轻抖落掉多余的淀粉。
5 再裹上鸡蛋液。
6 再放入面包糠里裹匀。
7 料理好后一个个摆好。
8 油烧热，将虾逐个放入，中火炸制，炸一分钟后用筷子逐个翻面，再炸一分钟。
9 起锅前开大火，避免虾吸入过多油脂，漏勺沥油片刻。
10 盛盘，挤上柠檬汁，喜欢沙拉和番茄酱的也可以加点。"
660785,https://home.meishichina.com/recipe-660785.html,西红柿炒鸡蛋,西红柿：2个 | 鸡蛋：4个,葱花：适量,盐：适量 | 白糖：少许 | 油：适量 | 花椒粉：少许 | 味精：少许,"1 西红柿洗净开水烫30秒。
2 去皮。
3 西红柿切块，鸡蛋打散。
4 先炒鸡蛋，然后盛出。
5 油热下葱花炸香。
6 下入西红柿翻炒。
7 加盐，花椒粉，味素炒出西红柿变软。
8 放入鸡蛋炒匀。"
660776,https://home.meishichina.com/recipe-660776.html,肉炒尖椒鸡蛋,尖椒：2个 | 五花肉：适量 | 鸡蛋：2个,葱蒜末：适量 | 甜面酱：1勺 | 花椒粉：少许 | 味精：少许 | 盐：少许 | 油：适量 | 料酒：少许,,"1 备好食材。五花肉切片，尖椒切条。
2 五花肉放少许料酒焯水2分钟，捞出。
3 先煎蛋然后捞出。
4 放油炒五花肉。
5 放葱花蒜片炒出香味。
6 炒至肉变黄色，加入甜面酱炒匀。
7 放入鸡蛋，花椒粉，盐，尖椒炒匀。"
660629,https://home.meishichina.com/recipe-660629.html,酱肉炒线椒豆干,酱五花肉：适量 | 豆干：适量 | 青线椒：适量,,植物油：适量 | 料酒：适量 | 生抽：适量,"1 青线椒去蒂去籽洗净。
2 豆干切菱形块。
3 酱五花肉切薄片。
4 锅中放少许底油，放入酱肉小火煸炒透明出油。
5 放入豆干翻炒，加生抽上色入味。
6 放入青线椒炒熟，沿锅边烹入料酒增香。"
660504,https://home.meishichina.com/recipe-660504.html,子姜鸭,鸭肉：适量,子姜：适量 | 葱花：适量,花生油：适量 | 生抽：适量 | 蚝油：适量 | 老抽：适量 | 盐：适量,"1 鸭肉处理好后沥干水份备用。
2 子姜洗净切细备用。
3 锅中热油倒入鸭肉。
4 大火将鸭肉的水份炒干。
5 加入适量蚝油，生抽，老抽，盐。
6 大火翻炒均匀上色入味。
7 加入适量清水。
8 大火煮开转小火焖40分钟左右。
9 40分钟后鸭肉已焖软烂入味。
10 放入子姜。
11 翻炒均匀再焖五分钟左右即可出锅。"
660768,https://home.meishichina.com/recipe-660768.html,麻辣滚烫,毛肚：1块 | 鸭血：1根 | 午餐肉：1罐 | 鱿鱼：1只 | 千张：3张 | 油豆皮：半张 | 木耳：1小把 | 金针菇：1把 | 油麦菜：2颗 | 手擀粉：1袋,青椒：1个 | 葱：1根 | 姜：1块 | 蒜：6瓣,豆瓣酱：1匙 | 火锅底料：1块 | 花椒：1匙 | 干辣椒：1小把 | 蚝油：1匙 | 牛骨汤：1小盆,"1 将所有配菜和调料准备齐全。
2 提前煮好的牛骨汤。
3 热锅凉油，油温三成热时倒入葱姜蒜和豆瓣酱翻炒。
4 加入火锅底料，小火慢慢将火锅底料炒至融化。
5 加入牛骨汤熬开后将汤里的料渣打掉。
6 在汤里下入蔬菜煮熟。
7 将煮熟的蔬菜捞出备用。
8 汤里继续下入鸭血和午餐肉煮熟。
9 再将煮熟的鸭血和午餐肉捞出放入盆中备用。
10 继续在汤里下入毛肚，鱿鱼和手擀粉烫2分钟后捞入盆中。
11 汤滚开后倒入盆中，上面放入葱花，青椒丁，花椒，干辣椒，另起锅烧油，油滚开后呛在上面。"
660767,https://home.meishichina.com/recipe-660767.html,土豆丝炒茄子丝尖椒丝,土豆：2个 | 茄子：2个 | 尖椒：2个,葱蒜末：少许,花椒粉：适量 | 盐：适量 | 油：适量 | 味精：适量,"1 备好食材。土豆、茄子，尖椒全都切丝，蒜葱切末。
2 油热下入茄子丝与土豆丝炒匀。
3 加入蒜葱末炒香。
4 放入花椒粉，盐，味精炒匀。
5 最后放入尖椒丝炒匀炒熟。"
660766,https://home.meishichina.com/recipe-660766.html,青椒炒肉,青椒：1个 | 五花肉：适量,葱蒜花：适量,甜面酱：1勺 | 生抽：少许 | 盐：少许 | 鸡精：少许 | 花椒粉：少许 | 油：适量,"1 备好食材，青椒用手掰成片，五花肉切片，蒜拍片。
2 五花肉先焯水2分钟，放料酒去腥，然后控水捞出。油热，下入五花肉翻炒。
3 加甜面酱炒香。
4 肉片炒变色微黄，加蒜葱碎，花椒粉炒看。
5 加青椒片炒匀。
6 加生抽，盐，鸡精炒匀。"
660756,https://home.meishichina.com/recipe-660756.html,蒜苔炒元葱,蒜苔：适量,元葱：适量,料酒：适量 | 盐：适量,"1 蒜苔去头尾洗净，切寸段，烧中放适量的食用油，下入蒜苔翻炒。
2 再下入元葱丝，加入适量料酒、盐翻炒。
3 全程快速翻炒出锅。
4 盛入盘中蒜苔碧绿搭配紫色元葱，脆嫩爽口。"
660750,https://home.meishichina.com/recipe-660750.html,酱肉炒野芝麻,酱五花肉：适量 | 野芝麻：适量,火葱头：适量 | 蒜：适量 | 青线椒：适量 | 红椒：适量,油：适量 | 盐：适量 | 蚝油：适量,"1 酱肉切条。
2 野芝麻叶子洗净焯水后过凉攥干水分，切碎（忘拍照了）。
3 蒜、火葱头、青线椒、红椒切碎末备用。
4 锅中放少许油，再放入酱肉煸炒出油。
5 放入葱蒜辣椒末炒香。
6 放入野芝麻叶翻炒均匀，加少许水焖烧1分钟，加盐、蚝油调味炒匀。
7 咸香野菜，清凉解毒。"
660751,https://home.meishichina.com/recipe-660751.html,香辣蒸鸭血,鸭血：适量,蒜：适量 | 火葱头：适量 | 青线椒：适量 | 红椒：适量,油：适量 | 生抽：适量 | 蚝油：适量,"1 鸭血用清水冲洗一下，切成片。
2 蒜、火葱头、青红椒切丁备用。
3 热锅冷油，放入葱蒜辣椒炒香，放入生抽、蚝油调味关火。
4 倒到鸭血上面。
5 上锅蒸10分钟。"
660728,https://home.meishichina.com/recipe-660728.html,鱼香小滑肉,里脊肉：150g | 木耳：1小把 | 鲜红椒：1段 | 小葱：2颗 | 豆瓣酱：1勺 | 生姜：2片,,,"1 准备主要食材：里脊肉150克切片或者丝，鲜红椒，姜片，小葱，木耳提前泡发。
2 肉片中加底盐，白糖，白胡椒粉，玉米淀粉，少许清水，朝一个方向搅拌到肉片发粘，后放食用油搅拌锁住肉水分，腌制15分钟。
3 小碗中放入清水3勺，番茄沙司2勺，生抽2勺，白糖2勺，白醋0.5勺，混合均匀。
4 木耳提前焯水2分钟捞出来备用。
5 锅中放适量油，姜片炸香，放肉片滑炒（开中小火）变色后盛出来。
6 放少许油，加一勺豆瓣酱炸出红油。
7 放木耳翻炒一分钟，放肉片，料汁，根据口味放少许盐。
8 加鲜红椒，翻炒片刻，出锅前放小葱段。
9 肉片软滑，鲜香下饭，孩子爱吃的酸甜口儿。"
660727,https://home.meishichina.com/recipe-660727.html,虾仁牛奶滑蛋,鸡蛋：4个 | 纯牛奶：130ml | 鲜虾：10个,玉米淀粉：2g,盐：2-3g | 黑胡椒粉：1g | 海鲜粉：1g,"1 准备鸡蛋四个，鲜虾10只，牛奶130毫升。
2 鲜虾去壳去虾线，虾仁一分为二，加盐，2克玉米淀粉，抓拌均匀。
3 鸡蛋四个磕入容器，加纯牛奶130毫升，盐2克。
4 蛋抽充分打散。
5 平底锅中喷少量油，虾仁煎熟盛出来。
6 喷少量油，把蛋液倒进去，中小火，用铲子推，到半凝固状态，把虾仁放进去。
7 可晃动锅翻动鸡蛋，蛋液完全凝固关火。
8 根据口味撒黑胡椒碎，海鲜粉。
9 鲜香嫩滑，无负担美食，纯享受。"
660678,https://home.meishichina.com/recipe-660678.html,酸豆角炒蛋,酸豆角：适量 | 鸡蛋：适量,青线椒：适量,油：适量 | 料酒：适量 | 盐：适量,"1 腌制好的酸豆角适量。
2 鸡蛋磕在碗中，加盐、料酒、少许水打散。
3 青线椒去籽洗净切小段。
4 锅中放油烧热，倒入蛋液炒凝固盛出。
5 另放油，放入酸豆角翻炒均匀，加少许水烧几分钟。
6 放入青线椒炒熟。
7 合入蛋块炒匀。
8 酸咸爽口，很下饭。"
660712,https://home.meishichina.com/recipe-660712.html,蘑菇滑鸡黄瓜蛋料理,鸡腿肉：适量 | 蘑菇：适量,鸡蛋：适量 | 黄瓜：适量,蚝油：适量 | 盐：适量 | 松茸鲜：适量 | 料酒：适量 | 花椒：适量 | 生抽：适量 | 麻油：适量,"1 鸡腿肉切丁用料酒蚝油盐松茸鲜花椒（粉或水更好我是直接加了花椒懒）腌制15分钟。
2 黄瓜洗净切块蘑菇切片。
3 蛋打好备用。
4 起锅烧油下鸡腿肉丁（腌制的水不要进锅啊）。
5 翻炒变色。
6 加入黄瓜和蘑菇一起翻炒。
7 加点温水放锅干继续炒。
8 拨开空隙下入鸡蛋等熟（可以提前炒但我懒就一锅出了事实证明同样美味）。
9 翻炒均匀即可出锅前加盐加松茸鲜喜欢的可以少许酱油麻油！完美！"
660682,https://home.meishichina.com/recipe-660682.html,青椒豆腐,豆腐：适量 | 线椒：适量,蒜头：适量,花生油：适量 | 蚝油：适量 | 生抽：适量 | 淀粉水：适量 | 盐：适量,"1 线椒洗净切细备用。
2 豆腐切片备用。
3 蒜头剁碎备用。
4 锅中热油放入豆腐。
5 中小火煎至两面金黄。
6 放入蒜末。
7 放入线椒炒出香味。
8 加入适量蚝油，生抽，盐调味。
9 加入适量清水。
10 大火煮开焖几分钟入味，出锅前淋上少许淀粉水煮开即可。"
660687,https://home.meishichina.com/recipe-660687.html,油炸土豆炒蒜苔,土豆：2个,蒜苔：适量 | 蒜末：适量 | 食用油：适量,盐：适量,"1 土豆洗净去皮切条。
2 蒜苔摘净切去两头，切成寸段。
3 锅中放入适量的食用油烧热，下入土豆条炸制。
4 炸至金黄色。
5 捞出土豆条。
6 下入无水的蒜苔过油。
7 过油后蒜苔翠嫩，控油捞出装盘。
8 锅中留一点底油，加入蒜末炒香，再下入油炸土豆条、蒜苔、盐、快速翻炒。
9 油炸土豆条炒蒜苔出锅装盘，土豆焦香、蒜苔翠嫩。"
660415,https://home.meishichina.com/recipe-660415.html,五花肉苦瓜煲,苦瓜：适量 | 五花肉：适量 | 黄豆：适量,香菇：适量,花生油：适量 | 蚝油：适量 | 盐：适量,"1 黄豆提前泡发备用。
2 香菇泡发备用。
3 五花肉去皮洗净切片。
4 苦瓜去籽洗净切块。
5 锅中热油放入五花肉。
6 煸炒出油脂。
7 放入香菇炒出香味。
8 放入苦瓜。
9 翻炒均匀后转入高压锅中。
10 加入黄豆。
11 加入适量蚝油，盐。
12 加入适量清水。
13 高压锅20至30分钟左右即可。"
660676,https://home.meishichina.com/recipe-660676.html,炒鸡蛋豆腐,豆腐：半块 | 鸡蛋：2个,葱花：适量 | 南瓜汁：适量,食用油：适量 | 料酒：适量 | 生抽：少许 | 盐：适量,"1 豆腐压碎。
2 鸡蛋打散。
3 葱花。
4 南瓜汁。
5 锅中放入适量的食用油烧热，下鸡蛋液炒。
6 再加入碎豆腐，料酒、生抽、南瓜汁、盐、翻炒后加入葱花快速翻炒。
7 翻炒出锅。
8 盛入盘中(因阴天图片有些暗)，炒鸡蛋豆腐既营养又美味。"
660661,https://home.meishichina.com/recipe-660661.html,红椒蚕豆炒蛋,鸭蛋：适量 | 蚕豆：适量 | 红椒：适量,,油：适量 | 盐：适量 | 料酒：适量,"1 蚕豆去皮焯水，红椒去籽洗净掰成小块。
2 鸭蛋磕在碗中，加盐、料酒、少许水打散。
3 锅中放油烧热，倒入蛋液炒凝固盛出。
4 锅中留余油，放入蚕豆和红椒翻炒，加少许水焖2分钟。
5 合入炒好的蛋块，加盐调味炒匀。"
660414,https://home.meishichina.com/recipe-660414.html,洋葱炒鸡腿肉,鸡腿：适量 | 洋葱：适量,欧芹碎：适量,花生油：适量 | 生抽：适量 | 蚝油：适量 | 老抽：适量 | 玉米淀粉：适量 | 盐：适量,"1 鸡腿去骨洗净，将鸡腿肉切小块。
2 加入适量生抽，蚝油，老抽，玉米淀粉抓匀，再适量花生油锁住水份腌制备用。
3 洋葱洗净切小块。
4 热锅热油放入鸡腿肉。
5 中小火将鸡腿肉慢煎。
6 煎至微微焦。
7 放入洋葱。
8 适量盐调味。
9 再加入适量蚝油。
10 大火快速翻炒均匀入味即可。"
660626,https://home.meishichina.com/recipe-660626.html,卤鸭子,鸭子：适量,生抽：适量 | 老抽：适量 | 黄豆酱：适量 | 黄冰糖：适量 | 香叶：适量 | 盐：适量,盐：适量,"1 鸭肉蒸40分钟。
2 锅子烧热放入鸭肉煎香。
3 加入适量黄豆酱。
4 加入适量生抽老抽胡椒粉。
5 调味收汁。
6 斩件码盘。
7 淋上卤汁。
8 开动了。"
660460,https://home.meishichina.com/recipe-660460.html,红焖茄子,茄子：适量,大蒜：适量 | 生抽：适量 | 醋：适量 | 卤肉汁：适量,盐：适量,"1 茄子洗净切小块。
2 过水备用。
3 蒜蓉汁。
4 锅子烧热放入茄子。
5 淋入蒜蓉汁。
6 焖熟调味即可。
7 开动了。"
660643,https://home.meishichina.com/recipe-660643.html,清蒸山药肉丸,前腿肉：150g | 铁棍山药：1段 | 胡萝卜：1段,香菜：1颗 | 鸡蛋清：1个 | 生姜：1片,盐：2g | 糖：2g | 白胡椒粉：1g | 味极鲜酱油：0.5-1勺 | 玉米淀粉：1勺,"1 准备主要食材：梅花肉打馅150克，铁棍山药，胡萝卜适量，香菜，姜片少许，蛋清一个。
2 胡萝卜、山药去皮切碎备用。
3 肉馅中放盐2克，糖2克，白胡椒粉1克，蛋清一个，一勺玉米淀粉，搅拌均匀。
4 加入胡萝卜山药碎，抓均匀，抓起肉馅多摔打几次。
5 碗中加入适量清水，半勺味极鲜酱油，姜片，把肉馅团成大圆子放碗中。
6 水开后计时蒸30分钟，肉丸子比较大的情况再加十分钟。
7 最后撒上香菜，山药肉丸制作完成。
8 肉丸非常鲜嫩，健脾养胃，老少皆宜。"
660645,https://home.meishichina.com/recipe-660645.html,洋葱鸡蛋炒蕉芋粉丝,蕉芋粉丝：适量 | 洋葱：适量 | 鸡蛋：适量,麦菜：适量 | 生抽：适量,盐：适量,"1 蕉芋粉丝泡水。
2 洋葱切丝。
3 鸡蛋打散。
4 麦菜切丝。
5 锅子烧热放入蛋液。
6 放入粉丝。
7 加入适量生抽。
8 放入洋葱青菜。
9 翻炒调味即可。
10 开动了。"
660576,https://home.meishichina.com/recipe-660576.html,鸡公煲,鸡肉：适量,芹菜：适量 | 彩椒：适量 | 蒜头：适量 | 生姜：适量,花生油：适量 | 生抽：适量 | 蚝油：适量 | 盐：适量 | 郫县豆瓣酱：适量,"1 鸡肉洗净斩块备用。
2 蒜头和姜片备用。
3 速冻丸子备用。
4 洋葱洗净切块备用。
5 芹菜切段备用。
6 锅中热油放入鸡肉，中小火将水份炒干。
7 放入蒜头和生姜炒出香味。
8 加入适量蚝油，生抽，郫县豆瓣酱。
9 翻炒均匀入味。
10 加入适量清水，大火煮开焖15分钟左右。
11 放入丸子类，继续焖10分钟左右。
12 彩椒洗净切块备用。
13 鸡肉和儿子焖入味放入面饼。
14 放入洋葱和彩椒，芹菜段。
15 焖至断生即可。"
660632,https://home.meishichina.com/recipe-660632.html,海带烧土豆,酱五花肉：适量 | 海带：适量 | 土豆：适量,蒜切好：适量 | 姜：适量,油：适量 | 盐：适量 | 生抽：适量,"1 酱五花肉切片。
2 海带泡发清洗干净切菱形块，姜片、蒜切好备用。
3 土豆去皮切片，用清水冲洗去淀粉。
4 锅中加少许油，放入五花肉小火煸炒出油。
5 放入姜蒜炒香。
6 放入土豆、海带，加盐、生抽翻炒均匀。
7 加适量水烧熟。"
660630,https://home.meishichina.com/recipe-660630.html,蒜苗炒豆干,豆干：适量 | 蒜苗：适量,,油：适量 | 盐：适量 | 生抽：适量,"1 豆干切菱形片。
2 蒜苗切段备用。
3 热锅冷油，放入蒜白和豆干翻炒。
4 放入盐和生抽炒匀，淋入少许水焖半分钟。
5 撒入蒜苗叶子炒匀。"
660622,https://home.meishichina.com/recipe-660622.html,洋葱炒腊肉,洋葱：适量 | 腊肉：适量,姜：适量 | 大蒜：适量 | 生抽：适量,盐：适量,"1 腊肉煮十分钟。
2 捞出来切片。
3 洋葱切片。
4 锅子烧热放入腊肉翻炒。
5 放入适量生抽。
6 放入洋葱炒熟。
7 调味即可。
8 开动了。"
660616,https://home.meishichina.com/recipe-660616.html,蒜蓉鸡毛菜,鸡毛菜：300g,干辣椒：1个 | 大蒜：5瓣,盐：2g | 鸡精：2g,"1 准备主要食材：鸡毛菜300克，干辣椒切段，大蒜切颗粒。
2 锅中放适量的油，加干辣椒大蒜炸香。
3 放入鸡毛菜大火翻炒，放盐。
4 翻炒15秒，出锅前放鸡精调味关火。
5 蒜蓉鸡毛菜制作完成。
6 菜比较好熟，吃起来很脆嫩，口感好。"
660614,https://home.meishichina.com/recipe-660614.html,水瓜炒肉,水瓜：1根 | 瘦肉：适量,蒜头：少量,盐：少量 | 鸡精：适量,"1 水瓜切片。
2 瘦肉切片。
3 蒜头切片（或切碎）。
4 下油热锅，再下盐和蒜头热一会，再下瘦肉翻炒。
5 下水瓜翻炒一会，再放点水，盖上锅盖煮一会。
6 最后成品。"
660611,https://home.meishichina.com/recipe-660611.html,老黄瓜炒肉,老黄瓜：1根 | 猪肉片：适量,干红椒：1个,生抽：1勺 | 蚝油：适量 | 花椒粉：适量 | 鸡精：适量 | 蒜花：适量 | 葱花：适量 | 花椒粒：5个 | 姜片：少许,"1 老黄瓜一根。
2 老黄瓜去皮对切，去籽，切成稍厚点的片。
3 油热下肉片炒变色。
4 加花椒粒，葱姜蒜碎炒香。
5 加生抽，花椒粉，蚝油，炒匀。
6 倒入黄瓜片放盐，鸡精炒熟。"
660608,https://home.meishichina.com/recipe-660608.html,猪油炒豆渣,肥猪肉：适量 | 豆渣：适量,洋葱：适量 | 荆芥：适量,盐：适量,"1 洋葱切粒。
2 豆渣。
3 肥肉。
4 锅子烧热放入肥肉炸油。
5 放入洋葱。
6 放入豆渣翻炒。
7 调味即可。
8 开动了。"
660607,https://home.meishichina.com/recipe-660607.html,西红柿炒鸡蛋,西红柿：2个 | 鸡蛋：3个,,盐：3g | 白糖：1勺,"1 准备西红柿两个，鸡蛋三个。
2 西红柿用热水烫一分钟。
3 西红柿剥皮切小块，鸡蛋加少许底盐打散。
4 锅中放适量食用油，油热后放鸡蛋翻炒，盛出来。
5 把西红柿放进锅中（无需放油）炒至变软，大块用铲子压碎，太干可适量加少许清水。
6 倒入鸡蛋，加白糖、盐调味，翻炒片刻关火。
7 一份简单味美的西红柿炒鸡蛋出锅。
8 吃米饭必不可少的饭搭子，在餐桌上不是主角胜似主角存在的一道家常快手菜。"
660601,https://home.meishichina.com/recipe-660601.html,糍粑鱼,草鱼：300g,红辣椒：一个,生姜：一块 | 蒜瓣：适量 | 小葱：适量 | 食用油：适量 | 盐：适量 | 花椒：适量 | 胡椒：适量 | 味精：适量,"1 买回的草鱼块洗净，控干水份，加少许盐，白酒，花椒腌制十小时左右。
2 放冰箱腌制一晚的草鱼块。
3 红辣椒，生姜，蒜瓣切片切丝备用。
4 铁锅烧热，加少许食用油润锅。
5 润锅后，再加入适量食用油，将草鱼块放入锅中煎至定型。
6 草鱼块煎至表皮金黄。
7 待草鱼块两面煎好后，再加入红辣椒，姜片，蒜片。
8 待红辣椒，姜片，蒜片煎香后，沿锅边加入生抽和醋，再加胡椒味精调味，最后加入葱花即成。
9 盛入盘中。"
660590,https://home.meishichina.com/recipe-660590.html,简单版咖喱鸡,鸡腿肉：适量 | 马铃薯：适量,小洋葱：适量,咖喱粉：适量 | 香叶：适量 | 干辣椒：适量 | 油：适量 | 淀粉：适量,"1 放少许油炒小洋葱。
2 炒香。
3 鸡腿切块用咖喱粉腌一下，放入锅中。
4 放入马铃薯。
5 加入少许淀粉水。
6 煮20分钟。
7 差不多了好了。
8 准备一碗米饭。
9 好了！"
660588,https://home.meishichina.com/recipe-660588.html,白切牛肉,牛腱子：1个,葱：适量 | 姜：适量 | 料酒：适量,盐：适量 | 糖：适量 | 香菜：1棵 | 生抽：2勺 | 白芝麻：适量 | 香油：1勺 | 花生油：1勺 | 醋：1勺 | 葱：适量 | 蒜：适量,"1 新鲜牛腱子一个。
2 冷水下锅，倒入料酒，加葱、姜，大火烧开。
3 焯水后捞出，清洗干净放入电压力锅中。
4 加香叶、姜、盐，按牛羊肉键。
5 这个菜的关键是调料汁：葱沫、蒜沫、香菜沫、白芝麻、糖、生抽、香油、花生油，再加一勺原汤，喜欢辣味可加小米辣。
6 牛肉炖好后捞出冷却，可加冰袋辅助降温。
7 冷却后切片装盘，切得越薄蘸料越好吃。我的厚了，估计是刀不行，或是肉没冷却好，反正不是我刀工不行，哈哈。"
660581,https://home.meishichina.com/recipe-660581.html,奶白香水鱼,斑鱼：750g（花鱼）,豆芽：400g | 黄瓜：一根 | 葱花：适量,料酒：5ml | 胡椒粉：2g | 盐：适量 | 淀粉：4g | 花生油：适量,"1 在菜市场购买关于一条斑鱼，让摊主帮处理好，鱼骨头切块。
2 把鱼肉切片好，回家备用。
3 配菜：豆芽。
4 配菜：青瓜（因为家里有青瓜还没有吃，所以这一次我选择了青瓜做配菜，其实大家可以选自己喜欢吃的配菜，的比如说莴笋、红菜椒等等都可以）
5 把豆芽洗干净，青瓜改刀处理好。
6 起锅烧水，水开以后放入少许花生油。
7 把豆芽，青瓜烫熟备用。豆芽可以煮一分钟，青瓜最好不要超过30秒。
8 煮好的配菜铺底装盘。
9 鱼片加入少许料酒、盐、白胡椒粉抓均匀，抓到起浆粘手即可。
10 加入少许淀粉，再次抓匀。
11 把鱼片装入盘中，再加入花生油搅拌均匀封浆。
12 起锅烧油，放入少许盐。
13 将洗干净的鱼骨入锅开始煎。
14 同时备一些葱，将葱白切出来备用。
15 将鱼骨煎至两面微黄后，放入葱白，爆出香味。
16 并立刻加入少许料酒去腥。
17 并快速加入开水，注意，加开水汤汁浓白得快一些，味道也比较纯。冷水我没有试过，不知道效果如何。
18 大火煮五分钟左右（这个主要看你家的火候），煮出浓白汤汁。
19 将鱼骨捞到盘里备用。
20 汤水再次烧开，加入腌制好的鱼片。
21 开中火，锅里的汤水微微的烧开即可关火，此时出锅的鱼片有嚼劲，不容易烂。这是我个人口感的喜好。当然也可以根据自己对鱼片的喜好来把控鱼片的烧煮鱼时间，如果想吃烂的可以多煮久一点。但是鱼片煮久了就会烂，难定型。
22 将鱼片捞出，加入适量的芝麻油。当然了，芝麻油也可以直接放到鱼汤里。
23 码上切好的葱花。
24 淋上热油即可，热油的温度我建议是微微起烟就可以了，不要烧的太热。
25 做好即可出锅啦。
26 开吃！我这个做法是没有辣椒的，所以可以吃出鱼的鲜味，汤的奶白香味。请各位美食家指导！"
660541,https://home.meishichina.com/recipe-660541.html,黄花菜木耳炒肉,黄花菜：适量 | 木耳：适量 | 瘦肉：适量,芹菜：适量,花生油：适量 | 生抽：适量 | 蚝油：适量 | 老抽：适量 | 玉米淀粉：适量 | 盐：适量,"1 黄花菜提前泡发备用。
2 适量木耳泡发备用。
3 瘦肉洗净切片。
4 加入适量玉米淀粉，生抽，蚝油，老抽抓匀腌制备用。
5 芹菜洗净切段备用。
6 锅中热油放入瘦肉翻炒。
7 放入黄花菜，大火翻炒均匀。
8 放入木耳炒匀。
9 少许盐调味。
10 加入适量清水，焖一分钟左右。
11 放入芹菜段，翻炒均匀至断生即可。"
660557,https://home.meishichina.com/recipe-660557.html,秀珍菇蛏子炒棱角丝瓜,蛏子：214克 | 秀珍菇：80克 | 棱角丝瓜：2根,,料酒：适量 | 盐：适量,"1 食材：蛏子（已吐完泥沙清洗）、秀珍菇（已清洗）、棱角丝瓜。
2 将棱角丝瓜去皮清洗清洗捞出。
3 放在案板上切成片。
4 将蛏子下入清水锅中加适量的料酒。
5 焯开，焯至蛏子开口、捞出。
6 晾凉，剥壳取肉。
7 起锅倒油烧热，下入棱角丝瓜和秀珍菇翻炒翻炒。
8 接着，合入剥出的蛏子肉、加适量的蛏子汤汁翻炒翻炒。
9 然后，加适量的盐。
10 调味炒匀即成。"
660556,https://home.meishichina.com/recipe-660556.html,香菇炒西兰花,西兰花：650克 | 新鲜香菇：6个,,盐：适量,"1 食材：西兰花（已掰成小朵在盐水中浸泡30分钟清洗）、新鲜香菇（已在盐水浸泡30分钟清洗）。
2 将新鲜香菇放在案板上切成片。
3 在清水锅中加适量的盐。
4 加适量的油。
5 煮开。
6 接着，下入西兰花和切好的新鲜香菇焯上2分钟捞出。
7 起锅倒油烧热，下入焯好的西兰花和新鲜香菇翻炒翻炒。
8 然后，加适量的盐。
9 调味炒匀即成。"
660555,https://home.meishichina.com/recipe-660555.html,榨菜丝棱角丝瓜煮豆腐,豆腐：400克 | 榨菜丝：90克 | 棱角丝瓜：1根,,盐：适量 | 味精：适量,"1 食材：豆腐、榨菜丝、棱角丝瓜。
2 将豆腐撕开包装倒扣在盘中，用刀划开。
3 将棱角丝瓜去皮清洗清洗捞出。
4 放在案板上切成滚刀块。
5 起锅倒油烧热，下入切好的棱角丝瓜翻炒翻炒。
6 接着，合入豆腐和榨菜丝加适量的清水。
7 翻动一下煮上3到4分钟。
8 然后，加适量的盐。
9 加适量的味精。
10 调味翻匀即成。"
660554,https://home.meishichina.com/recipe-660554.html,咸菜毛豆炒冬瓜,毛豆：290克 | 咸菜：175克 | 冬瓜：500克,,盐：适量 | 味精：适量,"1 食材：毛豆、咸菜（已清洗）、冬瓜。
2 将毛豆剥壳淘洗干净。
3 将冬瓜去皮去籽清洗清洗捞出。
4 放在案板上切成片。
5 将咸菜放在案板上切碎。
6 起锅倒油烧热，下入毛豆翻炒翻炒。
7 接着，加适量的清水煮上5分钟。
8 然后，合入切好的冬瓜和咸菜翻炒翻炒6分钟。
9 最后，加适量的盐。
10 加适量的味精。
11 调味炒匀即成。"
660553,https://home.meishichina.com/recipe-660553.html,黑木耳青椒炒圆素鸡,圆素鸡：250克 | 青椒：2个 | 黑木耳：10克,,酱油：适量 | 盐：适量 | 味精：适量,"1 食材：圆素鸡、青椒（已去蒂去籽清洗）、黑木耳（已泡发清洗）。
2 将青椒放在案板上切开。
3 将圆素鸡拆开包装放在案板上切成片。
4 将切好的青椒和黑木耳一起下入沸水锅中焯开捞出。
5 起锅倒油烧热，下入切好的圆素鸡加适量的酱油。
6 翻炒翻炒。
7 接着，合入焯好的青椒和黑木耳翻炒翻炒。
8 然后，加适量的盐。
9 加适量的味精。
10 调味炒匀即成。"
660546,https://home.meishichina.com/recipe-660546.html,红萝卜炒肉,红萝卜：1根 | 瘦肉：适量,香葱：适量 | 蒜头：适量,盐：少量 | 鸡精：适量,"1 红萝卜切片。
2 瘦肉切片。
3 香葱切成一小节。
4 蒜头切片。
5 下油热锅，下蒜头和盐热一会，再下瘦肉翻炒一会。
6 下红萝卜翻炒一会后，放水煮一会。
7 最后下香葱炒一会。
8 最后成品。"
660219,https://home.meishichina.com/recipe-660219.html,辣椒炒茄子,辣椒：适量,茄子：适量,花生油：适量 | 生抽：适量 | 蚝油：适量 | 盐：适量,"1 茄子去皮洗净切成小条状。
2 辣椒洗净切块备用。
3 锅中热油放入茄子。
4 将茄子煸炒炒软，大火不停的炒。
5 茄子炒软后放入青椒。
6 将辣椒煎炒出微微虎皮状。
7 加入适量蚝油，生抽，盐。
8 翻炒均匀入味即可。"
660524,https://home.meishichina.com/recipe-660524.html,鸡肉丸炒青红椒,鸡肉丸：适量,青椒：适量 | 红椒：适量 | 胡萝卜：适量 | 蒜蓉：适量,料酒：适量 | 生抽：少许 | 盐：适量 | 鸡精：适量,"1 青红椒切块，胡萝卜片焯水。
2 蒜蓉适量。
3 鸡肉丸适量。
4 锅中放适量食用油，放入青、红椒、胡萝卜片、及鸡肉丸翻炒。
5 加入料酒、生抽、盐。
6 放入蒜蓉，鸡精翻炒。
7 菜品颜色美观，鸡肉丸鲜嫩。
8 此菜品既含有鸡肉的蛋白质，且口味鲜香。"
660522,https://home.meishichina.com/recipe-660522.html,红火虾仁,虾仁：300g,西芹：200g | 红菜椒：150g,生抽：3ml | 蚝油：3ml | 水淀粉：8ml | 芝麻油：1ml,"1 虾仁清洗干净。
2 西芹适量。
3 红菜椒一个。
4 新鲜虾洗净后，去头去虾线。
5 用刀从中间切开。
6 起锅烧水，水开后放油，把处理好的虾仁煮开。
7 虾仁卷起后即可捞出备用。
8 红菜椒改刀处理好备用。
9 西芹改刀处理好备用。
10 处理好以后装盘备用。
11 姜蒜处理好备用。
12 被少许水淀粉。
13 起锅烧油。
14 油热后爆香姜、蒜。
15 加入配菜。
16 翻炒均匀至断生。
17 加入适量生抽。
18 我加入适量蚝油。
19 倒入处理好的虾仁，并翻炒均匀。
20 加入水淀粉。
21 加入适量芝麻油。
22 翻炒均匀至挂浆后，即可起锅。"
660515,https://home.meishichina.com/recipe-660515.html,土豆炒肉,土豆：1个 | 瘦肉：适量,蒜头：少量,盐：少量 | 鸡精：适量 | 酱油：少量,"1 瘦肉切片。
2 土豆切片。
3 蒜头切片（或切碎）。
4 下油热锅，下蒜头和盐热一会，再放瘦肉炒一会。
5 放土豆翻炒一会，加水盖上锅盖煮一会。
6 然后加酱油翻炒，再盖上锅盖煮熟。
7 最后成品。"
660421,https://home.meishichina.com/recipe-660421.html,水煮龙利鱼,龙利鱼：适量 | 金针菇：适量 | 酸菜：适量 | 豌豆：适量,姜丝：适量 | 淀粉：适量 | 蒜苗：适量 | 番茄火锅底料：适量,油：适量 | 盐：适量 | 料酒：适量 | 胡椒粉：适量,"1 金针菇切去底部一截，撕成小把清洗干净。
2 豌豆适量、酸菜切丝。
3 龙利鱼解冻清洗沥去水。
4 切成片。
5 加盐、料酒、胡椒粉、姜丝、淀粉拌匀腌制10分钟。
6 蒜苗切好备用。
7 热锅冷油，放入蒜白和酸菜翻炒。
8 加适量番茄火锅底料炒匀。
9 加水，放入金针菇烧煮。
10 放入豌豆烧煮。
11 蔬菜快煮熟时放入龙利鱼烧熟。
12 放入蒜苗，酌情加盐调味。
13 出锅。"
660503,https://home.meishichina.com/recipe-660503.html,自制鸡肉丸,鸡胸肉：1块,鸡蛋清：2个 | 料酒：适量 | 淀粉：适量 | 猪油：5g,汤中:生抽：少许 | 胡椒粉：适量 | 鸡精：适量 | 葱花：适量,"1 购买后鸡肉洗净。
2 将鸡内肉切成小薄片。
3 用2个鸡蛋清(而非鸡蛋黄)，不小心弄坏了一颗鸡蛋黄。
4 将鸡肉中加入适量的料酒，2个鸡蛋清、少许盐、玉米淀粉、及少许水搅拌。
5 搅拌至这样既有光泽，又浓稠的状态。
6 将锅中水烧开，再改最小火。
7 准备一小碗水，左手沾一下水，取适量的鸡肉泥，从虎口挤出鸡肉丸，右手拿小勺也同样沾一下水再取下鸡肉丸放入锅中（勺子每次取肉丸都需要沾水)，放入适量的盐，全部将肉泥挤入锅中慢慢氽熟。
8 稍开点微火微开氽熟(不可大开)，时间不宜长，熟了即可。
9 放入鸡精、少许生抽、胡椒粉、放入葱花即可，汤鲜肉丸嫩（家人说太好吃了，不够吃)。"
660511,https://home.meishichina.com/recipe-660511.html,炒苦瓜,苦瓜：1条,蒜头：适量,盐：少量 | 鸡精：适量,"1 苦瓜切片。
2 蒜头切片（或切碎）。
3 下油热锅后，下蒜头，下盐。
4 放苦瓜翻炒，翻炒一会后加点水继续炒。
5 盖上锅盖热一会，想吃烂点就多炒一会，想吃脆点就少炒一会。
6 最后成图。"
660499,https://home.meishichina.com/recipe-660499.html,蜜梨红烧肉,五花肉：适量 | 蜜梨：适量,生抽：适量 | 老抽：适量 | 八角：适量 | 桂皮：适量 | 姜：适量 | 花椒：适量 | 胡椒粉：适量 | 黄冰糖：适量,盐：适量,"1 五花肉飞水。
2 材料如下。
3 锅子烧热放入肉块，小火煎至金黄色。
4 放入锅里。
5 加入适量黄豆酱生抽老抽。
6 蜜梨去皮去核切小块，待收汁时放入焖熟。
7 撒上芝麻。
8 开动了。"
660473,https://home.meishichina.com/recipe-660473.html,洋葱炒蛋,洋葱：适量 | 鸡蛋：适量,水：适量,盐：适量,"1 洋葱切丝。
2 鸡蛋打散。
3 锅子烧热放入蛋液。
4 取出来备用。
5 放入洋葱。
6 放入蛋块翻炒。
7 调味即可。
8 开动了。"
660443,https://home.meishichina.com/recipe-660443.html,蒜蓉珠仔豆,珠仔豆：适量 | 大蒜：适量,生抽：适量 | 醋：适量 | 香油：适量,盐：适量,"1 豆角洗净。
2 分段。
3 码在蒸笼上，蒸15分钟。
4 大蒜捣成蓉。
5 加入盘里。
6 放入辣酱。
7 放入适量麻酱生抽醋拌匀。
8 开动了。"
660472,https://home.meishichina.com/recipe-660472.html,小葱炒蛋,小葱：适量 | 鸡蛋：适量,水：适量,盐：适量,"1 鸡蛋打散。
2 小葱切碎。
3 放入蛋液里。
4 加入适量盐。
5 锅子烧热放入蛋液。
6 煎好盛出。
7 开动了。"
660488,https://home.meishichina.com/recipe-660488.html,美味杏鲍菇,杏鲍菇：5个,蒜蓉：适量 | 红椒圈：适量,料酒：适量 | 海鲜酱油：适量 | 红烧酱油：适量 | 盐：少许 | 鸡精：少许,"1 将杏鲍菇清洗干净。
2 切成适度的大片。
3 准备蒜蓉、小红椒圈。
4 先将杏鲍菇焯水。
5 焯透捞出不过凉水。
6 锅中放入适量的食用油，加入杏鲍菇翻炒，加入适量的料酒、生抽、红烧酱油、少许盐翻炒。
7 再加入蒜蓉、红椒圈翻炒。
8 加入适量鸡精翻炒出锅。
9 将杏鲍菇盛入盘中，颜色美观，味道鲜美、口感如鲍魚。"
660484,https://home.meishichina.com/recipe-660484.html,白灼基围虾皮皮虾,基围虾：8只 | 皮皮虾：8只,蒜蓉：适量,,"1 基围虾，皮皮虾。
2 反复将其洗净。
3 锅中水烧开加点盐，下入基围虾、皮皮虾白灼一分钟。
4 焯好的基围虾、虾爬子摆入盘中，将事先准备好的粘料放中盘中间，海鲜味道鲜美。"
660453,https://home.meishichina.com/recipe-660453.html,茶香肘子,普洱茶：适量 | 肘子：适量,八角：适量 | 胡椒粉：适量 | 生抽：适量 | 桂皮：适量 | 姜：适量 | 黄豆酱：适量 | 花椒：适量 | 黄冰糖：适量 | 香叶：适量 | 洋葱：适量 | 老抽：适量,水：适量,"1 普洱茶煮好。
2 放入锅里。
3 肘子飞水。
4 材料如下。
5 放入锅里。
6 放入肘子，加入适量生抽老抽黄豆酱炖煮2个小时。
7 好漂亮的色泽，小火炖2个小时。
8 大蒜切碎。
9 荆芥切碎。
10 加入适量生抽醋香油。
11 点缀一下小葱花。
12 点上解腻神器，开动了。"
660452,https://home.meishichina.com/recipe-660452.html,洋葱炒蛋,洋葱：适量 | 鸡蛋：适量,水：适量,盐：适量,"1 洋葱切丝。
2 鸡蛋加入适量水打散。
3 锅子烧热放入蛋液。
4 炒熟倒入盘子里。
5 放入洋葱炒熟。
6 放入鸡蛋。
7 调味即可。
8 开动了。"
660440,https://home.meishichina.com/recipe-660440.html,炒时蔬,秋葵：适量 | 黄彩椒：适量 | 元葱丝：适量,蒜蓉：适量 | 姜丝：适量 | 红椒圈：适量,盐：适量,"1 准备好的蔬菜黄椒丝，元葱丝、秋葵段、蒜蓉、姜丝、小红椒圈。
2 锅中放适量的食用油，下入秋葵段翻炒。
3 再放入其他蔬菜、盐、快炒。
4 放入蒜蓉、姜丝、红椒圈、速炒几下。
5 菜品出锅。"
660438,https://home.meishichina.com/recipe-660438.html,红烧肉,五花肉：3斤,葱姜蒜：适量 | 八角：3粒 | 桂皮：1节,花雕酒：50g | 生抽：80 | 老抽：40g | 冰糖：70g,"1 3斤五花肉洗净，凉水入锅，加大葱段、四五片姜片、50克雕花酒（料酒也可），大火煮开后撇净浮沫，转小火，煮至竹筷子可以戳透肉皮即可捞出。
2 砂锅底铺上姜片。
3 捞出的肉块放凉后，切成自家人喜欢的大小肉块，放入砂锅中。
4 起锅少油，放入70克冰糖（黄冰糖、白冰糖，砂糖均可，用量根据个人口味增减）炒至融化（这里凉油、热油炒糖色都可以，看个人喜好和习惯）。
5 冰糖融化后加入适量热水（小心糖水迸溅）。
6 将炒好的糖色倒入砂锅中，加80克生抽、40克老抽、1节桂皮、3粒八角、2根小葱打结（这里没有加盐。用料和用量根据自家人的口味增减）。再加适量煮肉的肉汤（也可直接加入热水）没过肉即可。
7 大火煮开后，转为小火慢炖2小时左右（视自家火力大小决定具体时间）。色泽、香味都很诱人噢（纯吃肉的话，还可以再收收汁。要是做红烧肉烩菜的话，就可以多留点汤汁）。
8 【红烧肉】瘦而不柴，肥而不腻，好吃噢??～"
660197,https://home.meishichina.com/recipe-660197.html,蒜粒爆炒鳝鱼,鳝鱼：适量,蒜头：适量 | 洋葱：适量,花生油：适量 | 生抽：适量 | 蚝油：适量 | 老抽：适量 | 盐：适量,"1 蒜头去皮衣备用。
2 鳝鱼买的时候已经让商家处理好。
3 洋葱洗净切细备用。
4 锅中热油放入蒜头。
5 炒至微焦。
6 放入鳝鱼。
7 加入适量蚝油，生抽，老抽，盐。
8 大火快速翻炒，可以加入少量清水。
9 炒至鳝鱼断生入味。
10 放入洋葱，快速翻炒均匀即可。"
660242,https://home.meishichina.com/recipe-660242.html,倒笃菜蒸肉饼,瘦肉：适量 | 千张：适量 | 子姜：适量 | 倒笃菜：适量,生抽：适量 | 生粉：适量 | 胡椒粉：适量 | 糖：适量,盐：适量,"1 千张切丝。
2 肉剁碎。
3 倒笃菜。
4 加入适量生抽老抽生粉糖盐倒笃菜。
5 拌匀腌制15分钟。
6 千张码好。
7 肉馅铺平。
8 码丝子姜丝，蒸15分钟即可。
9 荆芥点缀一下。
10 开动了。"
660376,https://home.meishichina.com/recipe-660376.html,贝贝南瓜蒸排骨,南瓜：适量 | 排骨：适量,豆豉：适量 | 蒜：适量 | 生抽：适量 | 生粉：适量 | 姜：适量 | 干辣椒：适量,盐：适量,"1 排骨加入适量生抽老抽生粉糖盐豆豉蒜蓉。
2 拌匀腌制20分钟。
3 千张切丝。
4 南瓜切块。
5 千张丝摆好后码上排骨。
6 大火蒸半小时。
7 点缀一下。
8 开动了。"
660425,https://home.meishichina.com/recipe-660425.html,啤酒鸭胸肉,鸭胸肉：4块,,蒜：1个 | 新鲜 干辣椒：适量 | 葱：适量 | 大料：适量 | 啤酒：一瓶 | 盐：适量,"1 面粉洗，或是直接洗，都可以。
2 鸭胸肉切块，焯水，佐料切好。
3 不放油，鸭皮朝下，主要是把油煎出来，以防油腻。爱吃肥的，可以忽略。
4 鸭胸肉金黄，加大料和姜，大火炒出香味。
5 再加辣椒，蒜，炒出香味。
6 加葱，酱油，中火炒。
7 加啤酒，盐，漫过鸭肉。
8 大火烧开，10分钟后盖锅盖，再10分钟，大火收汁，加蒜片，青椒段，胡椒粉，炒一下OK。"
660423,https://home.meishichina.com/recipe-660423.html,酸辣土豆丝,土豆丝：1个,干辣椒：5个 | 大蒜：2瓣,盐：1-2g | 醋：1勺 | 白胡椒粉：1g,"1 准备主要食材：土豆，大蒜，干辣椒。
2 土豆切丝，用清水淘洗几遍去除淀粉，干辣椒大蒜改刀。
3 锅中放适量菜籽油，放大蒜干辣椒，炸出香味。
4 放土豆丝翻炒，加盐，白胡椒粉，一丁点清水。
5 出锅前放一勺醋，大火翻炒几下关火。
6 酸辣土豆丝制作完成，酸辣开胃又下饭。"
660411,https://home.meishichina.com/recipe-660411.html,丝瓜炒肉丝,丝瓜：1根 | 瘦肉丝：100g,红彩椒：1块 | 大蒜：2瓣 | 生姜：2片,盐：2g | 玉米淀粉：1勺 | 白胡椒粉：1g | 生抽：2勺 | 白糖：1g,"1 准备需要食材：丝瓜，瘦肉丝，姜，大蒜，红彩椒，生抽
2 肉丝中加入盐，姜丝，白胡椒粉，白糖，玉米淀粉，2勺生抽
3 抓拌均匀，最后加入一勺食用油混合备用，腌制15分钟
4 丝瓜去皮切滚刀块，红椒切条，大蒜切片
5 锅中加适量油，放入肉丝翻炒变色盛出来
6 锅中留底油，放大蒜红椒炸出香味
7 放丝瓜翻炒，加盐，少许清水
8 倒入肉丝，翻炒1-2分钟关火
9 一道夏季家常菜丝瓜炒肉丝制作完成，肉丝鲜香嫩滑，丝瓜清爽，营养丰富，老少皆宜"
660384,https://home.meishichina.com/recipe-660384.html,鹿茸菇焖鸡,鸡肉：适量 | 鹿茸菇：适量,蒜苗：适量,花生油：适量 | 生抽：适量 | 蚝油：适量 | 盐：适量,"1 鹿茸菇冷水泡发一下
2 鸡肉洗净沥干水份备用
3 生姜切片备用
4 锅中热油放入鸡肉煸炒
5 炒至微焦
6 放入姜片炒出香味
7 适量蚝油，生抽，盐调味
8 翻炒均匀上色入味
9 放入鹿茸菇炒匀
10 加入适量清水
11 大火煮开焖15分钟左右
12 蒜苗洗净切段
13 焖入味的鸡肉收汁
14 放入蒜苗炒匀后即可出锅"
660394,https://home.meishichina.com/recipe-660394.html,百香果凤梨烤猪肋排,欧洲猪肋排：1扇 | 彩色小番茄：1碟 | 百香果：3个 | 凤梨：适量 | 迷迭香：20克 | 泰式甜辣酱：100克 | 烧烤酱：50克,盐：适量,,"1 准备食材。
2 百香果切开挖出果肉，与烧烤酱和甜辣酱混合搅拌均匀。
3 欧洲猪肋排洗净，吸干水份，在两面涂抹上百香果烧烤甜辣酱，盖上保鲜膜冷藏一晚。
4 隔天在烤盘上铺上锡纸，放上迷迭香，再放上欧洲猪肋排。
5 将锡纸包裹严实，烤箱150度蒸烤模式烤2小时。
6 小番茄对半切开放入碗中，淋上少许橄榄油与黑胡椒。
7 取出欧洲猪肋排，打开锡纸，放入小番茄与凤梨，表面淋上适量酱汁。
8 烤箱调整至180度，敞开烤10分钟即可。"
660387,https://home.meishichina.com/recipe-660387.html,蔓越莓汁烧排骨,排骨：700g,生姜：1块 | 冰糖：5-8颗 | 小葱：2颗,盐：2-3g | 料酒：3勺 | 生抽：2勺 | 蔓越莓汁：150ml | 海鲜酱：1勺 | 白胡椒粉：2g,"1 准备主要食材：排骨，蔓越莓汁，小葱，生姜，冰糖等。
2 锅中放清水，排骨凉水入锅，放葱姜，适量料酒。
3 水开后煮3分钟，撇去浮沫，捞出来。
4 用温水清洗一下，厨房纸巾擦去水分。
5 炒锅中放适量油，放冰糖炒出糖色。
6 放排骨翻炒上色，加蔓越莓汁。
7 倒入高压锅中，放盐，白胡椒粉，生抽，海鲜酱，姜片，适量热水，水量和排骨平齐。
8 高压锅压30分钟后，用开盖收汁模式10分钟。
9 蔓越莓汁烧排气骨制作完成，酸甜可口，大人孩子都爱吃，上桌秒扫光系列。"
660374,https://home.meishichina.com/recipe-660374.html,烧茄子,长茄子：2个,秋葵：1个 | 蒜蓉：适量 | 料酒：适量 | 生抽：适量,盐：适量,"1 长茄子洗净，去蒂。
2 切成条状。
3 锅中放入适量食用油烧热，下入茄子条翻炒。
4 茄子吸油，加入料酒中小火慢炒。
5 烧至蔫软，放入生抽、盐、蒜蓉、秋葵片翻炒均匀出锅。
6 将烧茄子盛入盘中，紫色的茄子、绿色的秋葵点缀、既美观，又美味。"
660368,https://home.meishichina.com/recipe-660368.html,炒松茸,松茸：适量 | 猪肉：适量,大蒜：适量,食盐：适量 | 花椒：适量,"1 松茸用流水洗干净(主要是洗掉土，不要用水浸泡)，并去掉尾部的土色硬茧。
2 松茸切片。
3 肥瘦猪肉分开切。
4 冷锅下肥肉，煎出油后加蒜片和花椒粒炒香。
5 松茸和瘦肉一起加，大火爆炒，瘦肉变色熟了，然后蒜片可以轻易铲成两半了就好了。"
660269,https://home.meishichina.com/recipe-660269.html,照烧巴沙鱼,巴沙鱼：适量,香葱：适量,花生油：适量 | 生抽：适量 | 蚝油：适量,"1 巴沙鱼惠州解冻后洗净切块。
2 香葱洗净切段。
3 锅中热油把巴沙鱼下锅煎干水份后盛出。
4 锅中热油放入葱头。
5 放入葱叶。
6 炸出葱香味。
7 加入适量蚝油，生抽和清水。
8 把巴沙鱼下锅。
9 大火煮开3至5分钟左右入味即可。"
660306,https://home.meishichina.com/recipe-660306.html,花生黄豆红烧肉,五花肉：适量 | 花生：适量 | 黄豆：适量,姜：适量 | 八角：适量 | 桂皮：适量 | 香叶：适量 | 冰糖：适量,油：适量 | 盐：适量 | 料酒：适量 | 生抽：适量 | 老抽：适量,"1 黄豆提前浸泡。
2 鲜花生米适量。
3 五花肉切小块，冷水下锅，加姜片、料酒焯水3分钟左右，温水洗净浮沫，沥干水分。
4 锅中放油和冰糖，小火炒糖色。
5 放入五花肉翻炒上色。
6 放入姜片、八角、桂皮、香叶，烹入料酒、生抽、老抽多翻炒一会，把肉里面的油炒出来，这样烧好后肉更好吃。
7 放入花生、黄豆，加水没过肉面，大火烧开转小火炖煮1-1.5个小时，肉用筷子能轻松插入时加盐调味，改中火再烧5分钟。"
660315,https://home.meishichina.com/recipe-660315.html,酱肉炒藕丝,酱肉：适量 | 莲藕：适量 | 青红椒：适量,,盐：适量 | 料酒：适量 | 白醋：适量,"1 酱肉切条。
2 莲藕去皮切丝，青红椒切丝。
3 水中加点白醋，放入莲藕焯水2分钟，捞出沥去水。
4 酱肉放锅中小火煸炒出油。
5 放入藕丝翻炒片刻。
6 放入青红椒丝翻炒2分钟，加盐、料酒增香调味，炒匀。
7 香脆爽口。"
660147,https://home.meishichina.com/recipe-660147.html,肥肠牛肚煲,卤大肠：适量 | 牛百叶吃完：适量,莴笋：适量 | 千张：适量 | 香菜：适量 | 蒜末：适量,花生油：适量 | 牛油火锅底料：适量 | 盐：适量,"1 大肠提前卤好备用（可参考卤大肠的菜谱）。
2 牛百叶清洗干净备用。
3 蒜头拍扁剁碎，香菜切段备用。
4 卤好的大肠晾凉切块备用。
5 千张洗净切细。
6 莴笋去皮洗净切条状。
7 锅中热油放入火锅底料炒香。
8 加入适量清水煮开，少许盐调味。
9 放入莴笋，将莴笋煮断生捞出。
10 放入千张煮开后捞出。
11 放入大肠。
12 下锅煮一两分钟左右入味。
13 牛百叶下锅焯烫煮开后捞出。
14 全部煮好后装盘，加入蒜末。
15 淋上热油激发出香味，放上香菜即可。"
660330,https://home.meishichina.com/recipe-660330.html,干煸薯条豆角,豇豆：适量 | 土豆：适量 | 五花肉：适量,,葱：适量 | 姜：适量 | 蒜：适量 | 干辣椒：适量 | 花椒：适量 | 食用油：适量 | 酱油：适量 | 盐：适量,"1 豆角洗净切段，土豆洗净削皮切条洗去淀粉，豆角段和土豆条晾干或吸干水分。
2 辣椒剪段去籽，葱切碎，蒜切片，姜切丝。
3 锅中倒入少许食用油烧热，先后放入豆角和土豆条煸至基本熟透，倒出备用。
4 重新起锅倒入食用油烧至5成热先放入花椒小火炸一下，再放入葱姜蒜辣椒段炒香。
5 加入五花肉大火翻炒至变色（用炒好的肉丝代替了），加入酱油继续炒2分钟。
6 放入煸好的豆角和土豆，加入盐继续翻炒至入味。
7 盛入盘中。"
660336,https://home.meishichina.com/recipe-660336.html,炖牛肉,牛肉：适量 | 食用油：适量,纯净水：适量 | 桂皮：1小块 | 大料：2个 | 花椒粉：适量,盐：适量,"1 这是一块牛里脊，略带筋，肉很嫩、反复洗净、泡出血水。
2 将牛肉放入锅中加入料酒、葱段、姜片、焯水至熟即可。
3 将牛肉切成块状。
4 锅中放适量食用油、大料、桂皮、花椒、葱段、姜片、小红椒、盐适量烧开。
5 倒入高压锅中压制30分钟，软烂适度、肉质鲜嫩、汤鲜味美。
6 一碗炖牛肉香喷喷，肉嫩带点筋、口感好、肉香味美。"
660331,https://home.meishichina.com/recipe-660331.html,焦香土豆,土豆：3个,食用油：适量（炸土豆用） | 蒜蓉：适量 | 红椒圈：适量 | 小葱碎：适量,盐：适量,"1 土豆去皮，用厨房用纸擦去水份，再切成小块状。
2 锅中油烧热，分两次下入土豆块，中小火慢炸。
3 第一遍炸好捞出，再复炸一遍至金黄。
4 表皮金黄脆硬捞出。
5 切好蒜蓉，红椒圈、小葱碎备用。
6 锅中放少许底油(一定要少)，放入蒜蓉煸香。
7 再加入红椒圈翻炒。
8 倒入炸好的土豆简单翻炒。
9 加入适量盐，放入小葱碎快速翻炒出锅(保持表皮脆爽)。
10 表皮焦香脆脆的，外焦里糯、特别好吃，也是家人喜欢的一道菜。"
659837,https://home.meishichina.com/recipe-659837.html,炖冬瓜,小冬瓜：适量 | 后腿肉：适量,,花椒：适量 | 姜：适量 | 蒜：适量 | 豆油：适量 | 料酒：适量 | 盐：适量 | 味精：适量,"1 冬瓜去皮，切厚片，无籽不用去瓤。肉切稍厚片。
2 姜切丝，蒜切碎，葱切中长。
3 锅中放稍多油，加花椒，姜。放肉片，盐少许。肉熟后放葱蒜。
4 放入冬瓜，不断翻动，冬瓜稍软放酱油盐味精继续翻炒。关小火加水少许，炖至软烂。开稍大火翻动至冬瓜颜色完全变暗色，关火，可加盖焖一会，不需加香油。"
660146,https://home.meishichina.com/recipe-660146.html,酸梅鸡翅,鸡中翅：适量,潮汕酸梅酱：适量,花生油：适量 | 生抽：适量 | 蚝油：适量,"1 酸梅酱备用。
2 洗净的鸡翅加入酸梅酱。
3 加入适量蚝油和生抽。
4 抓拌均匀腌制半小时以上或者一晚入味。
5 腌入味的鸡翅摆放在烤盘中。
6 烤箱提前预热180度加风炉，烘烤30分钟，中途翻面烤即可。"
660303,https://home.meishichina.com/recipe-660303.html,鸡腿肉滑蛋,鸡腿：适量 | 鸡蛋：适量,洋葱：适量 | 葱花：适量,花生油：适量 | 生抽：适量 | 蚝油：适量 | 老抽：适量 | 玉米淀粉：适量 | 盐：适量,"1 鸡腿去骨洗净。
2 将鸡腿肉切小块。
3 加入适量蚝油，生抽，老抽，玉米淀粉，搅拌均匀腌制半小时左右。
4 洋葱洗净切细。
5 鸡骨打入碗中，加入小火淀粉水搅拌均匀。
6 锅中热油放入鸡腿肉。
7 中小火煎至微焦。
8 放入洋葱翻炒出香味。
9 加入适量蚝油，盐调味。
10 往锅里倒入鸡蛋液，小火煎至定型即可。"
660310,https://home.meishichina.com/recipe-660310.html,红烧鲤鱼段,鲤鱼：中段,红烧酱油：适量 | 老抽：适量 | 大料：2个 | 桂皮：1小块 | 食用油：适量 | 开水：适量 | 花椒：10粒 | 白糖：1勺 | 红椒：4个 | 蒜蓉：适量,盐：适量 | 鸡精：适量,"1 锅中放食用油，放入大料、桂皮、花椒、炒香，放入开水，加入魚段，加入姜片、小红椒炖制。
2 烧制魚段已入味，颜色已上色。
3 放入蒜蓉，又烧制红烧颜色，加入适量鸡精，继续收汁。
4 红烧魚段颜色红亮，魚肉鲜嫩、汤汁浓郁。"
660182,https://home.meishichina.com/recipe-660182.html,土豆蒸鸡翅,鸡中翅：适量 | 土豆：适量,姜：适量 | 火葱头：适量,盐：适量 | 料酒：适量 | 生抽：适量 | 蚝油：适量 | 五香粉：适量,"1 鸡中翅泡去血水清洗干净，用刀在正面切三刀，便于入味。
2 姜切丝，火葱头切碎。
3 鸡中翅放入大碗中，加盐、料酒、生抽、蚝油、五香粉、姜丝、火葱头拌匀，放冰箱腌制2小时以上，中途可多翻几次。
4 土豆去皮切片。
5 铺在盘底，洒少许盐。
6 放上腌制好的中翅，上锅蒸15分钟。
7 撒上葱花，开吃！"
660201,https://home.meishichina.com/recipe-660201.html,大葱煎鸡蛋,大葱：适量 | 鸡蛋：适量,水：适量,盐：适量,"1 大葱切碎。
2 鸡蛋打散。
3 加入蛋液里。
4 加入适量水。
5 加入适量盐拌匀。
6 锅子烧热放入蛋液煎熟。
7 开动了。"
660202,https://home.meishichina.com/recipe-660202.html,千张丝蒸肉饼,瘦肉：适量 | 千张：适量,葱叶：适量 | 生抽：适量 | 生粉：适量 | 胡椒粉：适量 | 糖：适量,盐：适量,"1 千张切丝。
2 码盘。
3 葱花备好。
4 肉剁碎。
5 加入适量生抽生粉胡椒粉糖盐。
6 加入葱花拌匀。
7 铺在千张上。
8 蒸15分钟即可。
9 开动了。"
660200,https://home.meishichina.com/recipe-660200.html,黑椒海盐煎大葱,大葱：适量,黑椒海盐：适量,,"1 大葱切段。
2 海盐黑椒碎。
3 锅子烧热放入葱段。
4 小火慢煎。
5 码盘。
6 撒上海盐黑椒碎。
7 漂亮吧。
8 开动了。"
660055,https://home.meishichina.com/recipe-660055.html,金针菇胡萝卜炒肉丝,里脊肉：适量 | 金针菇：适量 | 胡萝卜：适量,淀粉：适量 | 葱：适量,油：适量 | 盐：适量 | 料酒：适量 | 生抽：适量,"1 里脊肉切细条，加盐、料酒、生抽、水淀粉拌匀腌制10分钟。
2 金针菇切短段，胡萝卜切丝。
3 锅中放油烧热，放入肉丝滑炒变色盛出。
4 锅中留余油，先放入胡萝卜翻炒片刻。
5 放入金针菇翻炒变软。
6 合入炒好的肉丝和葱段，加盐、生抽调味炒匀。"
660283,https://home.meishichina.com/recipe-660283.html,鱼香土豆丝,土豆：2个 | 里脊肉：适量,青椒：2个 | 黑木耳：适量 | 泡椒：2个,生粉：适量 | 盐：适量 | 郫县豆瓣酱：1勺 | 白糖：1勺 | 醋：1勺,"1 准备食材：土豆刨皮切丝放入清水里浸泡，里脊肉切丝，用淀粉，生抽腌制，青椒黑木耳切丝备用。
2 锅中水烧开，加盐，放入土豆丝焯水1分钟捞出备用。
3 锅内倒油爆香姜蒜末，再放入泡椒和豆瓣酱炒匀。
4 将肉丝炒至变色捞出备用。
5 放入青椒黑木耳炒至变色后，再放入土豆丝。
6 翻炒片刻，放入事先炒过的肉丝，翻炒均匀，倒入生抽，盐，白糖调味。
7 最后倒入醋和胡椒粉，翻炒均匀即可盛出食用了！"
660279,https://home.meishichina.com/recipe-660279.html,豆腐皮包子,猪肉末：200克 | 虾仁：100克,香菇：5朵 | 胡萝卜：1根,生抽：2勺 | 胡椒粉：适量,"1 准备工作将香菇泡发后切碎，胡萝卜去皮切碎。葱姜蒜切末备用。
2 调馅在猪肉末中加入虾仁、香菇碎、胡萝卜碎、葱姜蒜末。接着加入盐、生抽、料酒、胡椒粉、香油和鸡精，搅拌均匀，腌制15分钟。
3 处理豆腐皮将豆腐皮切成适当大小的正方形。包包子取一张豆腐皮，放入适量馅料。像包包子一样将豆腐皮的四个角对折，包好。蒸制将包好的豆腐皮包子放入蒸锅中，大火蒸15-20分钟即可。"
660149,https://home.meishichina.com/recipe-660149.html,酿茄子,茄子：适量 | 梅头肉：适量,蒜末：适量 | 葱花：适量,花生油：适量 | 蚝油：适量 | 生抽：适量 | 盐：适量 | 淀粉水：适量,"1 梅头肉洗净切块，绞肉机绞成肉沫。
2 加入适量蚝油，花生油，生抽搅拌均匀。
3 茄子洗净切块，第一刀不切断。
4 将肉沫酿入茄子中。
5 锅中热油放入茄子。
6 煎至两面金黄盛出。
7 锅中热油放入蒜末炒香。
8 放入煎过的茄子。
9 加入适量蚝油，生抽，盐和淀粉水，大火煮开入味即可。"
660258,https://home.meishichina.com/recipe-660258.html,蒜香黑鱼片,黑鱼：1条,泡椒：2个 | 鸡蛋清：少许,生粉：适量 | 盐：适量 | 油：适量 | 胡椒粉：适量 | 白糖：适量 | 蚝油：适量,"1 黑鱼（我们这里叫才鱼）去骨，切片。用盐水浸泡一下，洗干净。将鱼片用生粉，鸡蛋清，盐，少许白酒和葱姜水腌制片刻备用。
2 锅内烧热水，水快滚烫开前下入鱼片焯水，鱼片变色即可捞出备用。
3 锅内倒油，多一些蒜末，泡椒煸香，再放入生抽，白糖，盐，蚝油，料酒调味。
4 再将焯过水的鱼片倒入翻炒片刻即可。
5 非常鲜嫩可口的鱼片就做好了，另外的鱼骨就熬了个豆腐鱼汤，一鱼两吃，太棒了！"
660233,https://home.meishichina.com/recipe-660233.html,番茄炖牛腩,牛腩：适量,番茄：适量 | 洋葱：适量,姜：适量 | 香叶：适量 | 酱油：适量 | 料酒：适量 | 盐：适量 | 冰糖：适量 | 食用油：适量,"1 牛腩切块，用冷水浸泡出血水，换几次水。
2 牛腩冷水下锅，淋入料酒烧开，煮出浮沫，捞出用热水洗净。
3 番茄洗净用热水汤一下，剥皮切块。
4 洋葱切块，姜切片。
5 砂锅倒入少许食用油烧热，放入洋葱、姜片、冰糖，翻炒至冰糖融化。
6 放入牛腩，大火翻炒几下。
7 加入番茄、香叶、酱油、盐。
8 继续翻炒出番茄汁。
9 倒入热水，转小火炖90分钟左右。
10 大火收汁。"
659794,https://home.meishichina.com/recipe-659794.html,黄焖排骨,排骨：适量 | 土豆：适量,香菇：适量 | 彩椒：适量,花生油：适量 | 生抽：适量 | 蚝油：适量 | 老抽：适量 | 盐：适量,"1 香菇冷水泡发后洗净。
2 排骨冷水下锅焯烫出血水后洗净。
3 锅中热油放入排骨翻炒。
4 加入适量蚝油，生抽，老抽。
5 翻炒均匀上色入味。
6 放入香菇炒香。
7 加入适量清水，盖上焖40-60分钟左右。
8 土豆去皮洗净切滚刀块。
9 彩椒洗净切块。
10 排骨焖软烂入味。
11 放入土豆。
12 继续小火把土豆焖断生，中途加了少许清水。
13 土豆焖断生后少许盐调味。
14 出锅前放入彩椒。
15 煮开后即可出锅。"
659791,https://home.meishichina.com/recipe-659791.html,香煎猪颈肉,猪颈肉：适量,玉米淀粉（番薯粉）：适量,花生油：适量 | 生抽：适量 | 老抽：适量 | 蚝油：适量 | 盐：适量,"1 用到的是山姆的猪颈肉。
2 猪颈肉洗净沥干水份。
3 加入适量蚝油，老抽，生抽，少许盐。
4 抓匀腌制半小时以上入味。
5 腌入味的猪颈肉加入玉米淀粉或者番薯粉都可以，抓匀裹上粉浆。
6 锅中热油放入猪颈肉。
7 小火慢煎。
8 煎至两面金黄即可。
9 煎好的猪颈肉晾凉切薄片即可。"
660228,https://home.meishichina.com/recipe-660228.html,清炒迟菜心,迟菜心：500g,蒜头：3瓣,盐：1匙,"1 蒜头去皮，切片备用。
2 菜心洗净切段备用，菜梗粗大的就斜切，炒起来好熟些。
3 锅中倒入适量油，爆香蒜片。
4 再下入菜心，翻炒一下。
5 待菜叶变软后撒入盐，中火继续翻炒。
6 沿锅边沾入少许清水，继续翻炒3分钟左右即可。"
660215,https://home.meishichina.com/recipe-660215.html,蒜蓉炒番薯叶,番薯叶：500g(红薯叶),蒜头：4瓣,盐：1匙 | 食用油：适量,"1 蒜头剁碎备用。
2 番薯叶摘好洗净。
3 锅中倒入适量油，爆香蒜末。
4 放入番薯叶，翻炒一下。
5 炒至叶子变软，撒入盐，中火继续翻炒。
6 大概炒个3分钟即可出锅。"
660210,https://home.meishichina.com/recipe-660210.html,龙虾尾牛蛙,牛蛙：2只 | 龙虾尾：305克,姜片：适量 | 蒜：适量 | 香葱：适量,郫县豆瓣酱：适量 | 料酒：适量 | 酱油：适量 | 盐：适量 | 零卡糖：适量,"1 食材：牛蛙（已洗净）、龙虾尾、姜片、蒜（已拍）、香葱、郫县豆瓣酱。
2 将已洗净的牛蛙剁成块。
3 将龙虾尾下入清水锅中加适量的料酒。
4 焯开捞出。
5 起锅倒油烧热，下入姜片和蒜炝锅。
6 随后，下入剁好的牛蛙加适量的料酒。
7 翻炒翻炒。
8 接着，加适量的郫县豆瓣酱。
9 加适量的酱油。
10 加适量的盐。
11 加适量的零卡糖。
12 加适量的清水。
13 调味烧煮10分钟。
14 然后，合入龙虾尾翻动翻动烧煮2到3分钟。
15 最后，搁入香葱即成。"
660209,https://home.meishichina.com/recipe-660209.html,蘑菇炒鸡胸肉,蘑菇：135克 | 鸡胸肉：225克,香葱：适量 | 玉米淀粉：适量,料酒：适量 | 酱油：适量 | 老抽：适量 | 盐：适量 | 玉米油：适量,"1 食材：蘑菇（已清洗）、鸡胸肉（已清洗）、香葱。
2 将蘑菇放在案板上切成块。
3 将鸡胸肉放在案板上切成块。
4 放入盘中加适量的料酒。
5 加适量的酱油。
6 加适量的老抽。
7 加适量的盐。
8 加适量的玉米淀粉。
9 加适量的玉米油。
10 调味拌匀腌制20分钟。
11 接着，将切好的蘑菇下入沸水锅中焯上2分钟捞出。
12 起锅倒油烧热，下入腌制好的鸡胸肉翻炒翻炒。
13 然后，合入焯好的蘑菇翻炒翻炒。
14 最后，搁入香葱即成。"
660208,https://home.meishichina.com/recipe-660208.html,香菇虎皮青椒烧百叶结,百叶结：175克 | 青椒：3个 | 新鲜香菇：130克,,酱油：适量 | 盐：适量 | 零卡糖：适量,"1 食材：百叶结、青椒（已去蒂去籽清洗）、新鲜香菇（已在盐水浸泡30分钟清洗）。
2 将青椒放在案板上切开。
3 将新鲜香菇放在案板上切开。
4 起锅倒油烧热，下入切好的青椒煎至两面有些金黄。
5 接着，合入切好的新鲜香菇和百叶结加适量的清水。
6 加适量的酱油。
7 加适量的盐。
8 加适量的零卡糖。
9 调味烧煮开。
10 然后，烧煮至汤汁差不多了即成。"
660185,https://home.meishichina.com/recipe-660185.html,咸蛋蒸肉饼,咸蛋：适量 | 猪肉：适量,姜：适量 | 生粉：适量 | 胡椒粉：适量 | 糖：适量 | 生抽：适量,,"1 猪肉剁碎。
2 加入适姜末。
3 加入适量生抽生粉胡椒粉糖盐。
4 加入咸蛋清。
5 拌匀。
6 码盘后放入蛋黄。
7 大火蒸15分钟即可。
8 开动了。"
660183,https://home.meishichina.com/recipe-660183.html,子姜大蒜回锅肉,肉片：适量 | 大蒜：适量 | 子姜：适量,生抽：适量 | 糖：适量,姜：适量,"1 子姜切片。
2 肉片。
3 大蒜拍碎。
4 锅子烧热放入肉片煎香。
5 放入子姜大蒜。
6 加入适量生抽。
7 翻炒入味。
8 开动了。"
660172,https://home.meishichina.com/recipe-660172.html,香菜荆芥炒回锅肉,肉片：适量 | 香菜：适量 | 荆芥：适量,蒜蓉：适量 | 生抽：适量,,"1 肉片。
2 香菜切段。
3 荆芥洗净。
4 锅子烧热放入肉片。
5 放入香菜。
6 放入荆芥。
7 翻炒调味即可。
8 开动了。"
659768,https://home.meishichina.com/recipe-659768.html,黄皮鸡翅,鸡中翅：适量,黄皮：适量,花生油：适量 | 生抽：适量 | 蚝油：适量 | 冰糖：适量 | 老抽：适量,"1 鸡中翅洗净擦干水份。
2 加入蚝油，生抽，老抽，花生油。
3 抓匀腌制半小时以上入味。
4 黄皮用盐水泡洗干净。
5 锅中热油放入鸡翅。
6 煎至两面金黄。
7 煎好的鸡翅倒入锅中。
8 加入适量蚝油，生抽。
9 放入去籽后的黄皮。
10 加入适量清水和冰糖。
11 大火煮开后将鸡翅焖15分钟左右。
12 最后收汁出锅即可。"
660176,https://home.meishichina.com/recipe-660176.html,茭白油面筋烧鸡翅根,油面筋：80克 | 鸡翅根：115克 | 茭白：3株,,料酒：适量 | 酱油：适量 | 盐：适量 | 零卡糖：适量,"1 食材：油面筋、鸡翅根（已清洗）、茭白。
2 将茭白剥壳清洗清洗捞出。
3 放在案板上切成滚刀块。
4 随后，将切好的茭白下入沸水锅中焯上1分钟捞出。
5 起锅倒油烧热，下入鸡翅根翻炒翻炒至微微发黄。
6 接着，加适量的开水。
7 加适量的料酒。
8 煮上10分钟，撇去浮沫。
9 然后，焯好的茭白和油面筋挖一个洞一起合入鸡翅根里加适量的酱油。
10 加适量的盐。
11 加适量的零卡糖。
12 调味继续烧煮。
13 最后，烧煮至汤汁差不多即成。"
660174,https://home.meishichina.com/recipe-660174.html,油三角百叶结烧大排,油三角：120克 | 百叶结：300克 | 大排：4块,,料酒：适量 | 酱油：适量 | 盐：适量 | 零卡糖：适量,"1 食材：油三角、百叶结、大排（已清洗）、桂皮、八角。
2 将大排案板上用大排的锤子两面敲一敲。
3 对半切开。
4 起锅倒油烧热，下入大排两面煎至微微发黄。
5 接着，搁入桂皮和八角加适量的料酒。
6 加适量的开水。
7 煮上10到15分钟。
8 然后，合入油三角和百叶结加适量的酱油。
9 加适量的盐。
10 加适量的零卡糖。
11 调味继续烧煮。
12 最后，烧煮至汤汁差不多了即成。"
660164,https://home.meishichina.com/recipe-660164.html,烧船钉子,船钉子鱼：八两～1斤,小葱：3颗 | 香菜：2颗 | 蒜：5～6瓣 | 姜：5片 | 青椒：4个（不喜欢可以不放）,菜籽油：50g | 猪油：50g | 花椒：2g | 剁椒酱：2勺 | 生抽：2勺 | 料酒：1勺 | 白糖：少许 | 香醋：1勺 | 胡椒粉：少许 | 鸡精或味精：3g | 蚝油：1 | 盐：少许,"1 鱼洗净，沥水备用。
2 葱、姜、蒜、香菜切碎，剁椒酱备用的。
3 起锅烧油，油温8成热，锅里薄薄撒一层盐，防止煎鱼时粘锅。
4 鱼煎两面金黄，起锅。
5 锅留底油，放入姜蒜末、花椒及剁椒酱小火煸炒出香味，倒入煎好的鱼。
6 沿锅边烹入料酒去腥增香。
7 倒入刚好没过鱼的开水。
8 调入生抽、蚝油、胡椒粉、白糖，中小火煮8分～10分钟。
9 把鱼盛出摆盘。
10 给锅里汤汁调入香醋、鸡精或味精，用勺子搅匀后将汤汁浇在鱼上。
11 最后撒上葱花香菜。"
660132,https://home.meishichina.com/recipe-660132.html,香浓牛肉块,牛肋条肉：适量,大料：2个 | 姜片：3片 | 桂皮：1块 | 葱段：4段 | 食用油：适量 | 开水：适量,老抽：适量 | 生抽：适量 | 红烧酱油：适量 | 盐：适量,"1 将买来的肋条肉洗净，反复泡出血水换水，再冷用入锅焯水，加入大料、桂皮、葱段、姜片。
2 这种无血水且断生的效果即可。
3 将牛肉切适当的块，将生抽、老抽、红烧酱油混合均匀，倒入牛肉中充分拌匀。
4 锅中放适量食用油，倒入牛肉翻炒。
5 加入开水，再放入大料，桂皮、生姜、葱段、及盐。
6 放入高压锅中压制30分钟，香喷的焖牛肉块出锅了(各家高压锅不同，请自行掌握烹饪时间)。
7 香浓牛肉块营养丰富，香气扑鼻、牛肉味浓、软烂适口、汤鲜味美。"
660088,https://home.meishichina.com/recipe-660088.html,子姜蒸鸡块,鸡块：适量 | 子姜：适量,生抽：适量 | 胡椒粉：适量,盐：适量,"1 鸡剁成块。
2 子姜切片。
3 锅子烧热放入鸡肉。
4 煎至金黄。
5 加入适量生抽。
6 放入子姜翻炒。
7 码盘放入蒸笼。
8 蒸40分钟即可。
9 开动了。"
660133,https://home.meishichina.com/recipe-660133.html,子姜炒田鸭,子姜：适量 | 田鸭：适量,大葱：适量 | 子姜：适量 | 黄豆酱：适量 | 生抽：适量 | 香叶：适量 | 桂皮：适量 | 黄冰糖：适量,盐：适量,"1 田鸭剁成块。
2 桂皮，香叶。
3 子姜。
4 大葱切斜刀。
5 锅子烧热放入鸭肉煎香。
6 放入黄豆酱。
7 放入香料焖40分钟。
8 放入子姜。
9 放入大葱翻炒，调味即可。
10 开动了。"
660143,https://home.meishichina.com/recipe-660143.html,榨菜丝毛豆炒面筋,毛豆：370克 | 面筋：315克 | 榨菜丝：80克,,酱油：适量 | 盐：适量 | 味精：适量,"1 食材：毛豆、面筋、榨菜丝。
2 将毛豆剥壳淘洗干净。
3 将面筋放在案板上切成片。
4 将毛豆下入沸水锅中焯上5到6分钟。
5 接着，合入切好的面筋焯上1分钟捞出。
6 起锅倒油烧热，下入焯好的面筋、毛豆和榨菜丝翻炒翻炒。
7 然后，加适量的酱油。
8 加适量的盐。
9 加适量的味精。
10 调味炒匀即成。"
660142,https://home.meishichina.com/recipe-660142.html,咸菜蘑菇煮圆素鸡,圆素鸡：250克 | 蘑菇：163克 | 咸菜：246克,,盐：适量,"1 食材：圆素鸡、蘑菇（已清洗）、咸菜（已清洗）。
2 将咸菜放在案板上切成段、蘑菇对半切开。
3 将圆素鸡拆开包装放在案板上切成片。
4 起锅倒油烧热，下入切好的圆素鸡翻炒翻炒。
5 接着，合入切好的蘑菇和咸菜加适量的清水。
6 翻动翻动煮上5到6分钟。
7 然后，加适量的盐。
8 调味翻匀即成。"
660138,https://home.meishichina.com/recipe-660138.html,笋干菜烧肉骨,笋干菜：115克,,,"1 食材：笋干菜、肉骨（已清洗焯水）。
2 将笋干菜放入大盆里，用清水泡发30分钟。
3 随后，将泡发好的笋干菜清洗清洗捞出。
4 起锅倒油烧热，下入肉骨翻炒翻炒。
5 接着，加适量的料酒。
6 加适量的开水。
7 烧煮15分钟。
8 然后，合入笋干菜加适量的酱油。
9 加适量的盐。
10 加适量的零卡糖。
11 调味继续烧煮。
12 最后，烧煮至汤汁差不多了即成。"
660141,https://home.meishichina.com/recipe-660141.html,西瓜皮炒鸡胸肉,西瓜皮：3块 | 鸡胸肉：200克,玉米淀粉：适量,料酒：适量 | 酱油：适量 | 盐：适量 | 白胡椒粉：适量 | 玉米油：适量,"1 食材：西瓜皮、鸡胸肉（已清洗）。
2 将鸡胸肉放在案板上切成片。
3 放入盆中加适量的料酒。
4 加适量的酱油。
5 加适量的盐。
6 加适量的白胡椒粉。
7 加适量的玉米淀粉。
8 加适量的玉米油。
9 抓匀腌制20分钟。
10 将西瓜皮清洗清洗捞出。
11 放在案板上切去一些瓜瓤和表皮、切成片。
12 起锅倒油烧热，下入腌制好的鸡胸肉翻炒翻炒。
13 接着，合入切好的西瓜皮翻炒翻炒。
14 然后，加适量的盐。
15 调味炒匀即成。"
660139,https://home.meishichina.com/recipe-660139.html,大头菜丝炒面筋,干大头菜丝：60克 | 面筋：135克,,酱油：适量 | 盐：适量,"1 食材：干大头菜丝、面筋。
2 将面筋撕开。
3 将干大头菜丝用清水浸泡5到10分钟。
4 接着，将浸泡好的大头菜丝捞出控干水分。
5 将撕好的面筋下入沸水锅中焯开捞出。
6 起锅倒入油烧热，下入焯好的面筋加适量的酱油。
7 加适量的盐。
8 调味翻炒翻炒。
9 然后，合入大头菜丝炒匀即成。"
660140,https://home.meishichina.com/recipe-660140.html,鲜虾鱼板炒西瓜皮,鲜虾：250克 | 鱼板：80克 | 西瓜皮：3块,,料酒：适量 | 盐：适量,"1 食材：鲜虾（已去虾线清洗）、鱼板、西瓜皮。
2 将西瓜皮清洗清洗捞出。
3 放在案板上切去一些瓜瓤和表皮、切成片。
4 将鱼板取80克放在案板上切成片。
5 将鲜虾下入清水锅中加适量的料酒。
6 焯开，捞出。
7 晾凉。
8 接着，将晾凉好的鲜虾剥去虾壳。
9 起锅倒油烧热，下入切好的西瓜皮翻炒翻炒。
10 起锅倒油烧热，下入切好的西瓜皮翻炒翻炒。
11 然后，合入切好的鱼板和剥好的鲜虾翻炒翻炒。
12 然后，合入切好的鱼板和剥好的鲜虾翻炒翻炒。
13 最后，加适量的盐。
14 最后，加适量的盐。
15 调味炒匀即成。
16 调味炒匀即成。"
660101,https://home.meishichina.com/recipe-660101.html,佛手瓜炒牛肉,鲜牛肉：200g | 佛手瓜：300g | 红菜椒：1个,,生抽：1勺 | 盐：1匙 | 生粉：少许 | 胡椒粉：少许,"1 鲜牛肉切片，用少许生抽、生粉，腌制20分钟。
2 佛手瓜切片备用(大概五毫米厚)。
3 红菜椒切块备用。
4 锅中倒入适量油，下牛肉翻炒至断生，盛出备用。
5 锅中倒入适量油，下佛手瓜翻炒一下。
6 加入一匙盐，继续翻炒。
7 倒入半碗水，焖煮5分钟。
8 最后把红菜椒以及牛肉倒入继续翻炒。
9 撒入胡椒粉。
10 再滴入少许生抽，翻炒3分钟即可出锅。"
660100,https://home.meishichina.com/recipe-660100.html,黄金面条炸虾,南美白对虾：16只,湿面条：200克左右??,葱花：一勺 | 姜蓉：适量 | 胡椒粉：一小勺 | 胡椒粒：适量 | 白酒：一勺 | 椒盐：适量 | 鸡精：适量 | 鸡蛋液：两个 | 花生油：300g | 炸虾粉：适量,"1 首先当然是准备好材料先，南美白对虾去壳去虾线准备腌制，鸡蛋液，湿面备好。
2 虾仁用姜蓉，葱花，一勺白酒（料酒也可以哈），一小勺胡椒粉，些许胡椒粒，椒盐，鸡精，一起搅拌均匀腌制十五分钟左右。
3 腌制好的虾仁准备和湿面缠绕在一起。
4 就像这样子，把虾仁用湿面条缠绕一圈起来哈！
5 把鸡蛋液和适量炸虾粉调成糊状，把面条虾裹上一层鸡蛋面糊。
6 倒花生油进锅，油热六成放入沾好面糊的面条虾进去炸。
7 炸至两面金黄酥脆，捞出控油即可开吃。
8 就这样，黄金面条炸虾就做好了，喜欢吃辣味的就撒点辣椒粉和辣椒面在上面。喜欢沾番茄酱的就沾番茄酱。
9 按照惯例，上个黄金面条炸虾的全家福照片结束今天的菜谱结束??。"
659704,https://home.meishichina.com/recipe-659704.html,酸梅排骨,肋排：适量,姜片：适量 | 白芝麻：适量,花生油：适量 | 蚝油：适量 | 生抽：适量 | 酸梅酱：适量,"1 排骨冷水焯烫出血水后洗净备用。
2 生姜洗净切片备用。
3 酸梅酱备用。
4 锅中热油放入姜片炒香。
5 放入排骨翻炒均匀。
6 适量蚝油，生抽炒匀上色。
7 加入酸梅酱。
8 加入适量清水。
9 将排骨转入电饭煲中，焖煮1小时左右。
10 排骨焖软烂后收汁，洒上白芝麻即可出锅。"
659703,https://home.meishichina.com/recipe-659703.html,干锅仔姜鱿鱼,鱿鱼：适量,香葱：适量 | 仔姜：适量,花生油：适量 | 蚝油：适量 | 生抽：适量 | 香锅酱：适量,"1 鱿鱼洗净处理好备用。
2 香锅酱备用。
3 仔姜洗净切细。
4 香葱洗净切段。
5 锅中热油放入鱿鱼煸炒炒干水份后盛出。
6 锅中热油放入仔姜翻炒。
7 放入炒过的鱿鱼。
8 加入适量蚝油，生抽。
9 加入适量香锅酱。
10 大火快速翻炒。
11 放入葱头翻炒。
12 出锅前放入葱叶，快速翻炒后出锅。"
660090,https://home.meishichina.com/recipe-660090.html,茭白卷章,茭白：适量 | 卷章：半根,青椒：适量 | 红椒：适量,盐：1匙 | 生抽：2勺 | 蚝油：2勺 | 味精：1匙,"1 把主料和辅料都切成片，备用。
2 油烧热之后，先下入卷章进行翻炒。
3 卷章变金黄之后再依次加入茭白片、适量清水、蚝油、生抽和盐。
4 翻炒片刻，收汁之后加入青椒片与红椒片。
5 最后加入味精就可以出锅了。"
660085,https://home.meishichina.com/recipe-660085.html,紫菜虾滑,虾：1斤,紫菜：1块 | 鸡蛋：2个,白糖：1勺 | 食盐：1勺 | 玉米淀粉：2勺,"1 虾去壳去头去虾线，剥好的肉再用清水清洗干净。
2 虾肉切成丁。
3 剁肉泥，越碎越好。
4 放一勺白糖腌制3分钟左右。
5 再加入一勺盐搅拌均匀腌制5分钟。
6 打两个鸡蛋清，蛋黄不要。
7 放入2勺玉米淀粉。
8 紫菜剁碎放进去搅拌均匀。
9 倒水烧开。
10 用小勺子和筷子一个一个擀下锅。
11 煮7分钟左右漂浮在表面后起锅。
12 装汤碗端出。"
660081,https://home.meishichina.com/recipe-660081.html,鲜香马鲛魚,马鲛魚：2块,料酒：适量 | 白灼汁：适量 | 小红椒：1个 | 葱花：适量 | 淀粉水：适量,盐：适量 | 鸡精：适量,"1 将马鲛魚洗净。
2 加入适量盐，料酒、白灼汁腌制15至20分钟，锅中水饶开，放入蒸魚盘，蒸6分钟。
3 将盘出取出倒掉盘中汁，再加少许食用油白灼汁再蒸5分钟即可取出。
4 锅小火烧热，倒入碗汁即:食用油、水、白灼汁、鸡精淀粉水、最后加红椒圈、及葱花出锅。
5 芡汁浇入蒸好的马鲛魚上，汁料鲜亮、魚肉鲜嫩、味道鲜美。"
660064,https://home.meishichina.com/recipe-660064.html,茄子青椒炒肉片,里脊肉：适量 | 茄子：适量 | 青椒：适量 | 花豇豆：适量,淀粉：适量,油：适量 | 盐：适量 | 料酒：适量 | 生抽：适量 | 蚝油：适量,"1 里脊肉切薄片，加盐、料酒、生抽、水淀粉拌匀腌制10分钟。
2 茄子去蒂洗净。
3 撕成小块，加盐搓软，用水清洗后攥干水分备用。
4 花豇豆择去两端，切寸段。
5 青椒去籽切小块。
6 锅中油烧热，放入肉片滑炒变色盛出。
7 锅中留余油，放入茄子和豇豆炒匀后，加少许水焖烧几分钟。
8 放入青椒炒熟。
9 合入炒好的肉片，加盐、蚝油调味炒匀。"
660054,https://home.meishichina.com/recipe-660054.html,丝瓜焖粉条,丝瓜：适量 | 粉条：适量 | 肉末：适量,胡椒粉：适量 | 黄豆酱：适量 | 生抽：适量,盐：适量,"1 肉丸子。
2 丝瓜去皮。
3 切小片。
4 粉丝泡发。
5 肉丸放入锅里，放入适量黄豆酱。
6 放入粉丝，压碎肉丸。
7 放入丝瓜煮熟即可。
8 开动了。"
660079,https://home.meishichina.com/recipe-660079.html,土豆焖鸡,土豆：适量 | 鸡：适量,生抽：适量 | 黄豆酱：适量 | 胡椒粉：适量 | 姜：适量,盐：适量,"1 鸡肉飞水。
2 土豆切块。
3 锅子烧热放入鸡肉煎香。
4 放入土豆煎香。
5 放入适量生抽。
6 放入适量黄豆酱焖熟。
7 调味即可。
8 开动了。"
659845,https://home.meishichina.com/recipe-659845.html,干锅猪脚,猪脚：适量,蒜头：适量 | 生姜：适量 | 洋葱：适量,花生油：适量 | 老抽：适量 | 蚝油：适量 | 生抽：适量 | 香锅酱：适量,"1 猪脚冷水下锅焯烫出血水洗净。
2 焯好的猪脚放入锅中，加入生抽，蚝油，老抽，蒜头，加入适量清水焖1小时左右。
3 焖好的猪脚泡入味后捞出备用。
4 洋葱洗净切细备用。
5 香锅酱备用。
6 蒜头拍扁去皮衣。
7 锅中热油爆香蒜头。
8 放入猪脚翻炒。
9 加入香锅酱。
10 加上少量清水翻炒均匀。
11 洋葱下锅。
12 大火快速翻炒均匀断生即可。"
659943,https://home.meishichina.com/recipe-659943.html,黄皮蒸排骨,排骨：适量,黄皮：适量,花生油：适量 | 生抽：适量 | 蚝油：适量 | 玉米淀粉：适量,"1 黄皮用盐水浸泡清洗。
2 排骨斩块后清水泡发出血水后洗净备用。
3 黄皮剪开去核，放入排骨里。
4 加入适量玉米淀粉。
5 适量蚝油，生抽。
6 揉抓抓拌均匀。
7 加入适量花生油抓匀锁住水份。
8 排骨放入碗中，隔水上锅高压锅15分钟即可。
9 出锅一阵很香的果香味。"
660059,https://home.meishichina.com/recipe-660059.html,青椒茭白炒圆素鸡,圆素鸡：250克 | 茭白：2株 | 青椒：1个,,酱油：适量 | 盐：适量 | 味精：适量,"1 食材：圆素鸡、茭白、青椒。
2 将茭白剥壳、青椒去蒂去籽一起清洗清洗捞出。
3 放在案板上茭白切成片，青椒切成块。
4 将圆素鸡拆开包装放在案板上切成片。
5 随后，将切好的茭白下入沸水锅中焯上1分钟。
6 接着，合入切好的青椒焯开捞出。
7 起锅倒油烧热，下入切好的圆素鸡加适量的酱油。
8 翻炒翻炒。
9 然后，合入焯好的茭白和青椒翻炒翻炒。
10 最后，加适量的盐。
11 加适量的味精。
12 调味炒匀即成。"
660058,https://home.meishichina.com/recipe-660058.html,圆蛤炒西瓜皮,西瓜皮：3块 | 圆蛤：500克,,料酒：适量 | 盐：适量,"1 食材：西瓜皮、圆蛤（已吐完泥沙清洗）。
2 将西瓜皮清洗清洗捞出。
3 放在案板上切去一些瓜瓤和表皮、切成片。
4 将圆蛤下入清水锅中加适量的料酒。
5 煮至开口捞出。
6 晾凉。
7 接着，将晾凉好的圆蛤取出蛤肉。
8 起锅倒油烧热，下入切好的西瓜皮翻炒一下。
9 然后，加适量的圆蛤的汤汁。
10 翻炒翻炒。
11 最后，合入圆蛤肉、加适量的盐。
12 调味炒匀即成。"
660057,https://home.meishichina.com/recipe-660057.html,油三角烧虎皮青椒,青椒：4个 | 油三角：150克,,酱油：适量 | 盐：适量 | 零卡糖：适量 | 味精：适量,"1 食材：青椒、油三角。
2 将青椒去蒂去籽清洗清洗捞出。
3 放在案板上切开。
4 起锅倒油烧热，下入切好的尖椒煎至两面有些金黄。
5 接着，合入油三角加适量的清水。
6 加适量的酱油。
7 加适量的盐。
8 加适量的零卡糖。
9 调味烧煮开。
10 然后，烧煮至汤汁差不多了青椒熟软，加适量的味精翻匀即成。"
659999,https://home.meishichina.com/recipe-659999.html,四季豆炒猪皮,猪皮：适量 | 四季豆：适量,姜：适量 | 火葱头：适量 | 青辣椒：适量,油：适量 | 盐：适量 | 料酒：适量 | 生抽：适量,"1 猪皮洗净，冷水下锅焯水2分钟。
2 捞出冷却后，用刀把脂肪刮干净。
3 切成条。
4 放入锅中，加水、姜片、料酒烧15分钟。
5 捞出沥去汤汁。
6 四季豆择洗干净。
7 沸水中加点盐和油，放入四季豆焯水3分钟，捞出过凉。
8 火葱头、辣椒切好备用。
9 热锅冷油，放入火葱头、辣椒炒香。
10 放入猪皮翻炒，加料酒、生抽调味。
11 合入四季豆炒2分钟，加盐调味。"
659653,https://home.meishichina.com/recipe-659653.html,干锅鸡翅,鸡中翅：适量,洋葱：适量 | 香菜：适量,花生油：适量 | 生抽：适量 | 蚝油：适量 | 干锅酱：适量,"1 鸡中翅洗净，加入适量蚝油，生抽，干锅酱。
2 抓拌均匀后腌制半小时左右。
3 洋葱洗净切细。
4 锅中热油放入鸡翅。
5 煎至两面金黄后盛出。
6 锅中底油放入适量蒜头炒香。
7 放入洋葱。
8 放入煎过的鸡中翅。
9 再加入少量的干锅酱，大火快速翻炒。
10 出锅前放入香菜即可。"
660021,https://home.meishichina.com/recipe-660021.html,乌鸡蔬菜煲,乌鸡块：4块,香菇：3个 | 胡萝卜：1根 | 土豆：1个 | 豆皮：5张 | 元葱：半个 | 鸡汤：1大碗,盐：适量,"1 先将切块的胡萝卜、土豆块放入锅中炖制。
2 再准备三种蔬菜。
3 加入乌鸡块、加入盐、鸡汤豆皮继续煮。
4 下入香菇，元葱片稍煮即可。"
659620,https://home.meishichina.com/recipe-659620.html,蒜香梅肉粒,梅花肉：适量,蒜头：适量 | 洋葱：适量,花生油：适量 | 玉米淀粉：适量 | 生抽：适量 | 蚝油：适量 | 香锅酱：适量 | 盐：适量,"1 山姆的梅花肉肉质非常嫩。
2 将梅花肉改刀切粒。
3 加入适量玉米淀粉。
4 加入香锅酱，生抽，蚝油，盐。
5 搅拌均匀后再加入适量花生油锁住水份，腌制半小时以上。
6 蒜头去皮备用。
7 香锅酱备用。
8 洋葱洗净切块。
9 锅中热油放入梅花肉。
10 炒过的梅花肉盛出。
11 锅中热油放入蒜粒，炒至微黄。
12 放入梅花肉粒。
13 放入洋葱。
14 再加入一勺香锅酱。
15 大火快速翻炒均匀，喜欢香一点的可以把肉炒干香一些。"
659998,https://home.meishichina.com/recipe-659998.html,蒜香萌菜,五花肉：适量 | 萌菜：适量,蒜：适量,盐：适量 | 蚝油：适量,"1 萌菜择洗干净。
2 下沸水中焯水变软。捞出过凉。
3 攥干水分切细，蒜末切好备用。
4 五花肉切片。
5 五花肉放入锅中小火煸炒出油，放入蒜末炒香。
6 放入萌菜翻炒2分钟，加盐、蚝油调味。"
659991,https://home.meishichina.com/recipe-659991.html,荷叶鸡,土鸡：一只,荷叶：两张 | 姜：一块 | 红葱头：适量,盐：适量 | 酱油：2勺 | 蚝油：1勺 | 胡椒粉：1匙 | 盐焗鸡粉：10g | 花生油：1勺,"1 土鸡清洗干净。
2 碗里放入盐、胡椒粉、酱油、蚝油、盐焗鸡粉。
3 姜、葱适量。
4 把所有调料抹满鸡的全身，里里外外都要涂抹均匀。
5 倒入姜丝葱末。
6 腌制入味一个小时。
7 锅中烧开水，荷叶放入锅内煮十分钟。
8 煮软的荷叶清洗干净，把腌制入味的鸡放入荷叶中间。
9 把姜葱塞进鸡肚子里。
10 荷叶把鸡包裹起来，用绳子绑紧。
11 电饭锅底刷油。
12 放入姜片和葱垫底。
13 把整鸡放入锅内。
14 用无水焗鸡的时间。
15 中途翻个面，盖上盖继续焖焗，时间不够，可以加时。
16 时间结束，焗好了。
17 剥开鸡腿，肉质嫩滑。
18 成品。撕成小块，最后把汤汁浇入表面即可。"
659964,https://home.meishichina.com/recipe-659964.html,肉末酸豆角,酸豆角：1把 | 肉末：50g,姜末：5g | 蒜末：5g | 葱花：10g | 辣椒碎：5g,油：2勺 | 酱油：1勺 | 蚝油：1勺 | 糖：10g,"1 酸豆角。
2 肉末、姜未、蒜未、葱花、辣椒碎。
3 酸豆角清洗干净后切成粒。
4 洗锅热油，倒入姜蒜末。
5 倒入肉粒炒熟。
6 加入酱油、蚝油调味。
7 放入辣椒碎炒香。
8 倒入酸豆角翻炒。
9 加入一匙糖提鲜。
10 最后撒入葱花即可。
11 成品。夏天的下饭神器。"
659970,https://home.meishichina.com/recipe-659970.html,酸辣腰花,猪腰：2个,酸菜（酸辣椒 酸姜 酸萝卜）：适量 | 生姜：适量 | 大蒜：适量 | 葱：适量 | 香菜：适量,盐：适量 | 油：适量 | 料酒：适量 | 蚝油：适量 | 生抽：适量 | 老抽：适量 | 生粉：适量 | 胡椒粉：适量,"1 将猪腰切花刀，用清水冲洗几遍（去除腥味），备用。
2 准备好大蒜生姜葱备用。
3 将生姜葱大蒜加入洗净的猪腰里，再加入盐料酒生抽老抽耗油胡椒粉，一起搅拌腌制20分钟。
4 将酸菜切成丝备用，酸辣椒酸萝卜酸姜都是自己泡的，没有的外面买。
5 将腌制好的腰花加入生粉搅拌均匀，把里面的料都夹出来，放一旁备用。
6 准备好香菜葱，切段备用。
7 油热加入酸菜炒香。
8 倒入腰花，大火快速翻炒。
9 加入香菜葱翻炒，出锅。
10 装盘。"
659965,https://home.meishichina.com/recipe-659965.html,油渣黄芽菜,猪油渣：适量 | 黄芽菜：一棵,大蒜瓣：三个,盐：一勺 | 鸡精：一勺,"1 大蒜瓣切碎，黄芽菜清洗干净杆和叶子改刀分开备用。
2 起锅把猪油渣煸炒出里面的余油。
3 放入大蒜炒出香味。
4 放入杆子煸炒一分钟。
5 再放入叶子继续煸炒一分钟左右。
6 开始调味加入一勺盐。
7 一勺鸡精。
8 翻炒均匀出锅。"
659962,https://home.meishichina.com/recipe-659962.html,中硬豆腐,中硬豆腐：450克,香葱：2棵、 | 大红葱头：2片、 | 蒜头：2瓣、 | 小米椒：3条,生抽：1.5大勺 | 老抽：1小勺 | 蚝油：1/2大勺 | 白糖：1/3小勺 | 胡椒粉：1/2小勺 | 花椒粉：1/2大勺 | 清水：1/3杯,"1 红葱头很大，把红葱头切片2片够了、蒜头拍碎、香葱切断，留葱绿2段装饰，其余切段；
2 豆腐切约2公分见方的块，放锅中火炸；
3 炸至金黄色，炸时要时不时翻翻豆腐，颜色才均匀，炸好后排放入碟里；
4 锅放底油，加香葱2棵、大红葱头2片、蒜头2瓣、小米椒3条，爆香；
5 加入生抽1.5大勺，直接接触到锅以激起酱油的香气；
6 再加入生抽1.5大勺、老抽1小勺、蚝油1/2大勺、白糖1/3小勺、胡椒粉1/2小勺、花椒粉1/2大勺、清水1/3杯，烧时不断搅拌，烧到汁滚，熄火；
7 将锅里的汁均匀地浇在豆腐上面，搞掂。Enjoy!"
659961,https://home.meishichina.com/recipe-659961.html,内脂豆腐,内脂豆腐：450克,干小米椒：3粒 | 香葱：1棵 | 红葱头：适量 | 蒜头：2瓣,生抽：1.5大勺 | 蚝油：1/2大勺 | 白糖：2/3小勺 | 胡椒粉：1/2小勺 | 花椒粉：1/2大勺 | 老抽：1小勺 | 清水：1/3杯,"1 红葱头很大，把红葱头切片2片够了、蒜头拍碎、香葱切断，留葱绿2段装饰，其余切段；
2 豆腐切块放笊篱以便倒入油锅；
3 把油锅烧热，改中火，滑入豆腐块，中火炸至六面基本为金黄色；
4 炸好后排放在碟子里；
5 把刚才炸油锅的油滤到别的容器，留下底油约1大勺，加入小米椒、香葱、红葱头和蒜头，爆香；
6 直接在锅里倒入生抽，让生抽直接接触至锅，激起酱油的香气；
7 再加入蚝油1/2大勺、白糖2/3小勺、胡椒粉1/2小勺、花椒粉1/2大勺、老抽1小勺、清水1/3杯，把汁烧滚；
8 均匀浇在炸过的豆腐块上面，面上放葱丝装饰。"
659957,https://home.meishichina.com/recipe-659957.html,红烧小红膏蟹,小红膏蟹：500G,姜末：适量 | 蒜末：适量 | 葱花：适量 | 葱段：适量,色拉油：适量 | 生抽：适量 | 料酒：适量,"1 把小红膏蟹去壳去内脏，清洗干净后切块备用。
2 热锅下油，放入姜蒜末葱段爆香。
3 放入切好的蟹块，轻轻滑炒一下。
4 放入切好的蟹块，轻轻滑炒一下。
5 加入适量生抽，然后翻炒一下，加入适量的清水，加盖焖煮，至汤汁收的差不多了撒入葱花(忘记拍加生抽的图片了）。
6 出锅即可开吃了。"
659948,https://home.meishichina.com/recipe-659948.html,腊肉炒菌菇,腊肉：一块 | 鹿茸菇：适量,小米椒：两个 | 螺丝椒：一个 | 大蒜瓣：3个 | 葱：一小把,食用油：适量 | 生抽：适量 | 鸡精：一小勺 | 料酒：适量,"1 腊肉煮一下清洗干净。
2 鹿茸菇浸泡。
3 所需食材改刀备用。
4 菌菇清洗控水。
5 锅里倒入适量的油，把蒜，葱白，辣椒煸炒出香味。
6 放入腊肉翻炒出香味。
7 再放入菌菇继续翻炒。
8 淋入料酒。
9 生抽。
10 鸡精翻炒均匀。
11 出锅前放入葱段和螺丝椒翻炒断生即可出锅。"
659939,https://home.meishichina.com/recipe-659939.html,子姜蒸鸡,子姜：适量 | 鸡肉：适量,生抽：适量 | 胡椒粉：适量,盐：适量,"1 鸡块洗净。
2 子姜切片。
3 加入适量生抽胡椒粉。
4 加入适量盐。
5 拌匀。
6 放入子姜拌匀。
7 码入盘里，蒸20分钟。
8 取出上桌。
9 开动了。"
659878,https://home.meishichina.com/recipe-659878.html,腱子肉焖四季豆,腱子肉：适量 | 四季豆：适量,黄豆酱：适量 | 生抽：适量 | 大蒜：适量,盐：适量,"1 腱子肉。
2 四季豆洗净。
3 分段。
4 锅子烧热放入肉片。
5 放入四季豆。
6 加入适量黄豆酱。
7 焖熟调味即可。
8 开动了。"
659584,https://home.meishichina.com/recipe-659584.html,排骨焖鲍鱼,排骨：适量 | 鲍鱼：适量,生姜：适量,花生油：适量 | 蚝油：适量 | 生抽：适量 | 老抽：适量,"1 鲍鱼和排骨洗净都焯过水备用。
2 生姜洗净切片。
3 锅中热油炒香姜片。
4 放入排骨翻炒。
5 加入适量蚝油，生抽，老抽，翻炒均匀上色。
6 加入适量清水。
7 转入砂锅焖1小时左右。
8 1小时后排骨已经软烂入味。
9 放入鲍鱼，再焖20分钟左右即可。"
659924,https://home.meishichina.com/recipe-659924.html,番茄牛肉炒蛋,牛里脊：适量 | 鸡蛋：适量 | 番茄：适量,淀粉：适量 | 韭菜：适量,油：适量 | 盐：适量 | 料酒：适量 | 生抽：适量 | 蚝油：适量,"1 牛里脊肉切薄片，加盐、料酒、生抽、蚝油、水淀粉拌匀后放一勺植物油拌匀放置10分钟。
2 番茄洗净，顶部切十字花刀，在沸水中烫一分钟去皮。
3 切成小块。
4 鸡蛋磕入碗中，加盐、料酒、少许水打散。
5 锅中放油烧热，倒入蛋液炒成块盛出。
6 锅中另放油，五成热时放入牛肉片滑炒变色盛出。
7 锅中留余油，放入番茄翻炒出沙。
8 放入炒好的牛肉烧1分钟。
9 合入炒好的鸡蛋和韭菜，加盐调味炒匀。"
659914,https://home.meishichina.com/recipe-659914.html,鹅肝焗油麦菜,油麦菜：400g,鹅肝：75g,姜：适量 | 葱：适量 | 蒜：5颗 | 猪油：50g | 色拉油：50g | 蚝油：2匙 | 盐：1匙 | 鸡精：1匙 | 味精：1匙,"1 油麦菜洗净分段，装盘备用。
2 葱姜蒜切末备用。
3 鹅肝切碎备用。
4 起锅加色拉油，油温八成倒入鹅肝，炒到起泡沫调至小火。
5 加入开水，煮5分钟转大火，加水芡粉调入鸡精、味精和盐，收汁成鹅肝酱起锅备用。
6 猪油烧至八成，倒入葱姜蒜爆香。
7 倒入油麦菜翻炒。
8 关火倒入鹅肝酱加蚝油，翻拌均匀。
9 倒入砂锅焖三分钟。
10 开盖上桌，味蕾全开。"
659509,https://home.meishichina.com/recipe-659509.html,椒盐虾球,虾：适量,彩椒：适量 | 洋葱：适量,花生油：适量 | 鸡蛋：适量 | 玉米淀粉：适量 | 胡椒粉：适量,"1 虾去壳去虾线备用。
2 加入胡椒粉抓拌均匀腌个底味。
3 加入玉米淀粉和鸡蛋，抓拌均匀备用。
4 洋葱洗净切碎。
5 彩椒洗净同样切碎。
6 锅中热油放入虾仁。
7 炸至金黄后再大火复炸。
8 锅中酱油炒香洋葱和彩椒。
9 放入炸好的洋葱。
10 加入椒盐粉。
11 大火快速翻炒均匀即可。"
659890,https://home.meishichina.com/recipe-659890.html,蒜香烤南瓜,南瓜：适量,蒜蓉：适量,橄榄油：适量 | 黑胡椒粉：适量 | 欧琴碎：适量 | 盐：适量 | 玉米淀粉：适量,"1 南瓜切适量的块状，加入橄榄油、盐、欧芹碎、黑胡椒椒、大蒜碎。
2 加入适量的玉米淀粉抓匀。
3 静置15分钟使其入味。
4 烤箱先预热5至10分钟，烤盘放中下层，上火200度，下火160度、烤30分钟。
5 沙沙的口感，清甜又咸香的烤南瓜出炉了。
6 这种做法太好吃了，浓浓的蒜香、又面又甜的烤南瓜太诱人了！"
659899,https://home.meishichina.com/recipe-659899.html,包包菜炒豆芽,包包菜：适量,豆芽：适量,油：少许 | 盐：少许 | 彩椒：半个,"1 锅里烧开水放红薯粉条煮好。
2 捞出过凉备用豆芽也焯水捞出。
3 铁锅放油烧热后下入豆芽、包包菜丝。
4 彩椒丝备用。
5 放入彩椒丝调味盐搅拌匀。
6 可以吃了。"
659887,https://home.meishichina.com/recipe-659887.html,蒜炒红菜苔,红菜苔：适量,蒜：适量,油：适量 | 盐：适量,"1 红菜苔洗干净，折断。
2 备点蒜。我喜欢拍大一些的蒜，那样有了蒜香味，不吃蒜又容易挑出来。
3 热锅下油，放入蒜爆香。
4 倒入红菜苔快速翻炒。
5 基本断生时加入盐继续翻炒。
6 全部断生就关火。
7 出锅。"
659475,https://home.meishichina.com/recipe-659475.html,香辣小青龙,小青龙：适量,香葱：适量 | 生姜：适量,花生油：适量 | 火锅底料：适量 | 盐：适量 | 淀粉水：适量,"1 火锅底料，姜片和香葱备用。
2 小青龙刷洗干净。
3 把小青龙开背处理。
4 开背后切块。
5 锅中热油放入姜片炒香。
6 放入火锅底料炒香。
7 放入小青龙，大火翻炒。
8 加入适量清水。
9 少许盐调味。
10 大火煮开后将小青龙焖入味。
11 出锅前适量淀粉水勾芡，洒上葱花即可。"
659868,https://home.meishichina.com/recipe-659868.html,焦香黑猪排,黑猪排：一袋 | 食用油：适量（炸制用）,料酒：1勺 | 生抽：2勺 | 老抽：半勺 | 蚝油：1勺 | 黑胡椒粉：适量 | 蒜末：适量,盐：适量,"1 黑猪排一袋。
2 将黑猪排洗净，反复泡出血水倒出并换水多次。
3 加入料酒、葱、姜、将排骨焯透焯熟捞出。
4 用料酒，生抽老抽、蚝油、盐、黑胡椒粉、大蒜末腌制半小时，中途翻一遍使每块排骨均能入味。
5 腌制了半小时的黑猪排。
6 准备一盘去皮山药块。
7 锅中放入食用油加热至4至5层热度下入山药块中小火慢炸，再复炸二次即可。
8 再下入腌制好的黑猪排，入锅同样炸制二次捞出。
9 将炸好的山药放入盘底，再摆入黑猪排骨，黑猪排颜色红亮、口感焦香，山药外焦里糯，营养丰富，家人说:“真是太香了！”。"
659874,https://home.meishichina.com/recipe-659874.html,姜葱蟹炒年糕,梭子蟹：1只〈约230克切块〉或青蟹 | 年糕：250克〈切条状〉 | 黄酒：20克 | 生抽：10克 | 蚝油：20克 | 生姜：4片 | 大蒜：2颗 | 香菇：1-2朵切片 | 青红椒：适量,水：50克 | 葱花：随意,橄榄油：10克 | 盐：〈根据自己口味，口味淡的人可以不放，蟹自带咸味〉,"1 生姜大蒜籽油放入锅中3分钟V档反转小匙??。
2 放入去腮清洗干净切块的螃蟹，倒入所有调料和水，3分钟V档反转小匙??。
3 把切条的年糕放入锅中，4分钟V档反转小匙??。〈年糕薄的话，3分钟〉
4 音乐响起，盛出洒上葱花，就可以享用啦。"
659873,https://home.meishichina.com/recipe-659873.html,椒盐玉米粒,玉米棒：1根,面粉：适量,椒盐：适量 | 油：适量,"1 将新鲜玉米切两段，再对半切，掰下玉米粒，洗净放入碗中。
2 锅中放水煮开，放入玉米粒，煮2分钟捞出控水备用。
3 将玉米均匀裹上面粉。
4 锅内倒没过玉米粒的油，油热后，倒入玉米，中小火炸至表面焦黄即可。
5 盘中垫张吸油纸，倒入玉米粒。
6 最后撒上椒盐调味就可以吃啦！"
659862,https://home.meishichina.com/recipe-659862.html,苦瓜炒蛋,苦瓜：一根 | 鸡蛋：两个,小米椒：两个 | 大蒜瓣：两个,食用油：适量 | 盐：适量 | 鸡精：少量 | 耗油：少量,"1 苦瓜对半切开去籽切片。
2 加入一勺盐抓拌均匀。
3 杀出部分苦味，再清水冲洗几遍拧干备用。
4 大蒜和小米椒切碎。
5 锅里倒入适量的油，把两个鸡蛋打散倒入锅里炒熟。
6 锅里的少许余油把小米椒和大蒜炒香。
7 再加入苦瓜翻炒几下。
8 然后调味继续翻炒均匀。
9 出锅前再加入炒熟的鸡蛋翻炒几下。
10 一道适合夏天吃比较开胃的苦瓜炒蛋完成。"
659330,https://home.meishichina.com/recipe-659330.html,奥尔良蜜汁五花肉,五花肉：适量,奥尔良蜜汁腌料：适量 | 蚝油：适量 | 花生油：适量 | 蜂蜜：适量,,"1 五花肉洗净去皮（皮忘记去了，后面去掉的）。
2 加入适量蚝油。
3 加入奥尔良蜜汁腌料。
4 加入适量花生油和蜂蜜。
5 揉抓均匀。
6 放置冰箱冷藏腌制一晚更入味。
7 腌入味的五花肉放入烤盘中。
8 风炉230度烤30分钟左右。
9 烤好的五花肉取出晾凉。
10 晾凉后再切薄片。"
659302,https://home.meishichina.com/recipe-659302.html,芦笋炒牛肉,芦笋：适量,牛肉：适量,花生油：适量 | 生抽：适量 | 蚝油：适量 | 玉米淀粉：适量 | 盐：适量,"1 牛肉洗净切薄片。
2 牛肉加入适量玉米淀粉，蚝油，生抽，抓拌均匀。
3 加入花生油锁住水份抓匀。
4 芦笋洗净切小段。
5 锅中热油放入牛肉。
6 炒至七八成熟后盛出。
7 锅中酱油放入芦笋。
8 大火快速翻炒。
9 少许盐调味。
10 翻炒至断生。
11 放入牛肉。
12 大火快速炒匀即可。"
659833,https://home.meishichina.com/recipe-659833.html,紫苏煎蛋,紫苏：适量 | 鸭蛋：适量,,油：适量 | 盐：适量 | 料酒：适量,"1 紫苏叶清洗干净。
2 切细。
3 切好的紫苏叶放到大碗中，打入两个鸭蛋，加盐、料酒打散。
4 搅拌均匀。
5 锅中热油，倒入紫苏蛋液煎炒。
6 翻面再煎。"
659832,https://home.meishichina.com/recipe-659832.html,青椒炒牛柳,牛里脊肉：适量 | 青椒：适量,淀粉：适量,油：适量 | 盐：适量 | 料酒：适量 | 生抽：适量 | 蚝油：适量,"1 牛里脊肉切粗条，加盐、料酒、生抽、蚝油、水淀粉拌匀，再加一勺植物油拌匀腌制10分钟。
2 青椒去籽洗净切小块。
3 锅中放油烧热，放入牛肉滑炒变色。
4 放入青椒翻炒2分钟，加盐调味。
5 成品，牛肉鲜嫩，青椒爽脆。"
659830,https://home.meishichina.com/recipe-659830.html,四季豆酱焖龙骨,四季豆：适量 | 龙骨：适量,黄豆酱：适量 | 生抽：适量 | 老抽：适量 | 姜：适量 | 黄冰糖：适量 | 黑木耳：适量,盐：适量,"1 龙骨飞水。
2 四季豆洗净分段。
3 锅子烧热炒糖色。
4 放入龙骨翻炒。
5 放入适量生抽老抽。
6 放入适量黄豆酱。
7 放入黑木耳。
8 放入四季豆焖熟调味即可。
9 开动了。"
659829,https://home.meishichina.com/recipe-659829.html,荷叶蒸五花肉,五花肉：适量 | 玉米面：适量 | 荷叶：适量,葱：适量,生抽：适量 | 玉米面：适量 | 料酒：少许 | 花椒：少许,"1 葱洗净切段放入五花肉片中，加入少许料酒，适量生抽，花椒粒。
2 将上面材料和五花肉一起抓拌均匀，腌制五分钟。
3 加入玉米面，让五花肉均匀沾满面粉。
4 荷叶泡水，拿出备用。
5 酱肉片放在荷叶上，包裹好摆入盘中。
6 再拿一张荷叶，重复操作。
7 包完了。
8 准备上锅蒸，大火烧开，中火蒸25分钟。
9 出锅喽！
10 打开来看看成品，尝了一口，味道不错哦！"
659508,https://home.meishichina.com/recipe-659508.html,糖醋巴沙鱼,巴沙鱼：适量,白芝麻：适量 | 鸡蛋：适量,花生油：适量 | 玉米淀粉：适量 | 胡椒粉：适量 | 番茄酱：4勺 | 白砂糖：3勺 | 白醋：2勺 | 清水：适量,"1 巴沙鱼柳洗净后改刀切块。
2 加入胡椒粉抓拌均匀腌个底味。
3 加入玉米淀粉和鸡蛋。
4 抓拌均匀备用。
5 锅中热油放入巴沙鱼。
6 炸至金黄后再捞出复炸。
7 碗中加入糖醋汁，搅拌均匀。
8 锅中底油倒入调好的糖醋汁，大火煮开至浓稠。
9 倒入炸好的巴沙鱼。
10 大火快速翻炒均匀。
11 洒上白芝麻即可出锅。"
659300,https://home.meishichina.com/recipe-659300.html,四季豆炖排骨,排骨：适量 | 四季豆：适量,姜片：适量,花生油：适量 | 生抽：适量 | 蚝油：适量 | 老抽：适量 | 盐：适量,"1 排骨冷水下锅焯烫后洗净备用。
2 生姜切片备用。
3 锅中热油爆香姜片。
4 放入排骨翻炒。
5 加入少许蚝油，生抽，老抽，盐。
6 翻炒均匀上色入味。
7 加入适量清水煮开。
8 排骨转入珐琅锅焖30至40分钟左右。
9 四季豆洗净切段。
10 热油将四季豆过一下油。
11 半个小时左右后排骨已经焖软烂入味。
12 放入四季豆。
13 炖至四季豆入味即可。"
659428,https://home.meishichina.com/recipe-659428.html,荔枝菌蒸咸鸡,咸鸡：适量 | 荔枝菌：适量,胡椒粉：适量,,"1 荔枝菌洗净。
2 咸鸡拆骨。
3 鸡肉分出来。
4 荔枝菌码盘。
5 铺上鸡肉。
6 大火蒸15分钟。
7 焖5分钟即可。
8 开动了。"
659750,https://home.meishichina.com/recipe-659750.html,子姜鸡蛋拼,子姜：适量 | 鸡蛋：适量,大蒜：适量 | 荆芥：适量 | 生抽：适量 | 醋：适量 | 香油：适量,,"1 鸡蛋煮熟切花刀。
2 子姜切丝。
3 大蒜切碎。
4 荆芥切碎。
5 加入适量生抽醋麻油拌匀。
6 子姜加入适量生抽醋麻油拌匀。
7 大蒜蓉放在鸡蛋上，姜丝码盘中。
8 开动了。"
659433,https://home.meishichina.com/recipe-659433.html,豆豉炒大葱,豆豉：适量 | 大葱：适量,姜：适量,盐：适量,"1 大葱切段。
2 豆豉洗净。
3 锅子烧热放入豆豉。
4 放入大葱。
5 加入适量盐。
6 炒熟即可。
7 开动了。"
659751,https://home.meishichina.com/recipe-659751.html,子姜板栗鸡,子姜：适量 | 板栗：适量 | 鸡：适量,生抽：适量 | 老抽：适量 | 黄豆酱：适量 | 姜：适量,盐：适量,"1 板栗备好。
2 子姜切片。
3 鸡肉飞水。
4 放入锅里炒香。
5 放入板栗。
6 放入子姜。
7 放入适量生抽老抽黄豆酱焖熟。
8 调味即可。
9 开动了。"
659784,https://home.meishichina.com/recipe-659784.html,油三角烧梅豆,油三角：135克 | 梅豆：190克,,酱油：适量 | 盐：适量 | 零卡糖：适量,"1 食材：油三角、梅豆（已清洗折段）。
2 起锅倒入油烧热，下入梅豆翻炒翻炒。
3 接着，合入油三角加适量的清水。
4 加适量的酱油。
5 加适量的盐。
6 加适量的零卡糖。
7 调味烧煮开。
8 然后，烧煮至汤汁差不多了、梅豆熟透即成。"
659786,https://home.meishichina.com/recipe-659786.html,西瓜皮炒夜开花,西瓜皮：2块 | 夜开花：1根,,盐：适量 | 味精：适量,"1 食材：西瓜皮、夜开花。
2 将夜开花去皮清洗清洗捞出。
3 放在案板上切成片。
4 将西瓜皮清洗清洗捞出。
5 放在案板上切去一些瓜瓤和表皮、切成片。
6 起锅倒油烧热，下入切好的夜开花翻炒翻炒。
7 随后，加适量的水。
8 翻动翻动煮上5到6分钟。
9 接着，合入切好的西瓜皮翻炒翻炒。
10 然后，加适量的盐。
11 加适量的味精。
12 调味炒匀即成。"
659783,https://home.meishichina.com/recipe-659783.html,油煎鸡胸肉,鸡胸肉：200克,姜片：适量 | 玉米淀粉：适量,料酒：适量 | 酱油：适量 | 盐：适量 | 零卡糖：适量 | 白胡椒粉：适量,"1 食材：鸡胸肉（已清洗）、姜片。
2 将鸡胸肉放在案板上片刻。
3 放入大盆里搁入姜片，加适量的料酒。
4 加适量的酱油。
5 加适量的盐。
6 加适量的零卡糖。
7 加适量的白胡椒粉。
8 加适量的玉米淀粉。
9 抓匀腌制20分钟。
10 取平底锅置火上倒油烧热，下入腌制好的鸡胸肉煎至两面金黄盛出。
11 最后，放在案板上切开。
12 装盘开吃。"
659261,https://home.meishichina.com/recipe-659261.html,芦笋炒口蘑,芦笋：适量,口蘑：适量,花生油：适量 | 盐：适量,"1 芦笋洗净备用。
2 将芦笋改刀切小段。
3 口蘑洗净。
4 改刀切薄片。
5 锅中水烧开放入适量花生油。
6 芦笋下锅焯烫几秒后捞出备用。
7 锅中热油放入口蘑。
8 翻炒出汁。
9 放入口蘑。
10 少许盐调味。
11 大火快速翻炒均匀即可。"
659675,https://home.meishichina.com/recipe-659675.html,蒸菜,云苋菜：一大把,玉米面：适量,蒜：三四瓣 | 盐：少许 | 香油：少许,"1 云苋菜清洗干净。
2 放入筐中淋水。
3 喷少许油翻拌一下，上面那点绿菜梗是红薯叶梗。
4 加入少许玉米面翻拌均匀，锅开上火蒸五分钟，就可以出锅。
5 将蒜瓣压成沫，放入少许盐、香油和蒸菜拌匀，一份简单又美味的蒸菜就好了，这个蒜泥适合各种蒸菜。"
659567,https://home.meishichina.com/recipe-659567.html,洋葱炒回锅肉,白切肉：适量 | 洋葱：适量,生抽：适量 | 糖：适量 | 腊肠：适量,盐：适量,"1 洋葱切小块。
2 瘦肉切厚片。
3 锅子烧热放入腊肠。
4 放入肉片。
5 放入适量生抽和糖。
6 放入洋葱翻炒。
7 调味即可。
8 开动了。"
659766,https://home.meishichina.com/recipe-659766.html,泡椒黄喉毛肚,毛肚：适量 | 黄喉：适量,韭菜：适量,泡椒：适量 | 泡姜：适量 | 大蒜：适量 | 青花椒：适量,"1 葱姜料酒烧涨把黄喉毛肚依次焯水，先毛肚20秒捞出沥干，黄喉30秒捞出沥干。
2 焯水后沥干。
3 泡椒泡姜切断切片蒜切颗青花椒些许。
4 韭菜切断。
5 热锅烧油。
6 倒入泡椒泡姜姜蒜花椒炒干水分。
7 一勺豆瓣一点点白糖炒香。
8 炒香。
9 倒入黄喉毛肚翻炒炒卷。
10 倒入韭菜翻炒加入一勺生抽两勺鸡精就可以出锅了。
11 超下饭，第二天还可以拿来煮米线。"
659744,https://home.meishichina.com/recipe-659744.html,酥炸多春鱼,多春鱼：10条,五香粉：适量 | 料酒：少许 | 玉米淀粉：适量 | 食用油：适量（炸魚用）,盐：适量,"1 多春魚洗净，加入适量盐、五香粉及料酒拌匀入味。
2 玉米淀粉。
3 将每条多春魚都均匀沾满淀粉。
4 油烧至5层热，逐条下入多春魚炸制。
5 第一遍炸完，进行二次复炸，掌握火候、金黄色捞出装盘，酥香可口。"
659747,https://home.meishichina.com/recipe-659747.html,砂锅焗鱼腩,鲩鱼腩：一块,金不换：适量 | 姜：适量 | 小洋葱：1个 | 蒜：1头,油：1勺 | 盐：2匙 | 酱油：1勺 | 蚝油：1勺 | 老抽：半勺 | 黄豆酱：1勺 | 料酒：5g | 淀粉：2匙 | 糖：1匙 | 清水：小半碗 | 啤酒：半碗,"1 鱼腩里放入盐、酱油、蚝油、料酒、淀粉调味。
2 抓拌入味。
3 配料：姜、葱、蒜。
4 金不换。
5 用老抽、豆瓣酱、糖、淀粉加小半碗水，调个料汁备用。
6 取砂锅，热锅倒油，把配料炒香。
7 放入鱼块。
8 加入啤酒。
9 烧开。
10 焗5分钟。
11 开盖后加入料汁。
12 放入金不换增香即可。"
659227,https://home.meishichina.com/recipe-659227.html,虎皮鸡爪,鸡爪：适量,葱花：适量 | 八角：适量 | 桂皮：适量 | 香叶：适量 | 生姜：适量,花生油：适量 | 生抽：适量 | 老抽：适量 | 蚝油：适量 | 盐：适量,"1 鸡爪剪去甲后洗净。
2 鸡爪冷水下锅焯烫后洗净备用。
3 将鸡爪擦干水份，放入老抽涂抹均匀上色。
4 锅中热油放入鸡爪。
5 炸至金黄。
6 炸好的鸡爪泡入冰水里。
7 锅中热油放入香料炒香。
8 放入鸡爪。
9 少许老抽，生抽，蚝油，盐。
10 翻炒均匀上色入味。
11 鸡爪转入电饭煲里。
12 加入适量清水。
13 按煮饭键至结束即可。"
659226,https://home.meishichina.com/recipe-659226.html,盐焗鸡翅,鸡中翅：适量,黄栀子：适量,花生油：适量 | 盐焗粉：适量,"1 鸡中翅洗净备用。
2 将鸡翅冷水下锅焯烫后再洗净。
3 鸡翅加入盐焗粉和花生油。
4 抓拌均匀腌制20分钟左右即可。
5 腌制过的鸡翅倒入电饭煲里。
6 放入黄栀子。
7 加入适量清水。
8 电饭煲蒸煮30分钟。
9 焖好的鸡翅取出晾凉即可。"
659734,https://home.meishichina.com/recipe-659734.html,鸡肉丸,鸡胸肉：2块,鸡蛋：1个 | 水：50g | 淀粉：2勺,葱姜：少许 | 盐：适量 | 料酒：1匙 | 十三香：少许,"1 鸡胸肉切小块放料理机杯里，放入鸡蛋，料酒，葱姜末，盐。
2 用料理机搅拌成细腻的肉泥，中间加2次水。
3 分次放入淀粉。
4 搅拌均匀备用。
5 水烧开后专最小火，用勺子把肉腻舀成小丸子放锅里，待定型后转中火继续煮至丸子漂起即可捞出来。
6 捞出来过凉水会使丸子口感更加Q弹。
7 成品图。可以做汤，火锅，减脂餐等。"
659068,https://home.meishichina.com/recipe-659068.html,秋葵酿虾滑,秋葵：适量,虾滑：适量,花生油：适量 | 玉米淀粉：适量 | 欧芹碎：适量,"1 虾滑提前解冻备用。
2 秋葵洗净对半切开。
3 对半切开后把籽去除。
4 往秋葵涂抹一下玉米淀粉。
5 将虾滑酿入秋葵里面。
6 将所有秋葵酿好备用。
7 锅中热油放入秋葵。
8 中小火煎至金黄，翻另一面煎断生即可，出锅洒少许欧芹碎。"
659726,https://home.meishichina.com/recipe-659726.html,香浓红烧肉,五花肉：适量,料酒：适量 | 红烧酱油：适量 | 糖：1勺 | 姜丝：适量 | 葱：适量 | 开水：适量,盐：少许,"1 将五花肉洗净、刮皮、锅中水烧开放入花椒、大料、葱叶、姜片焯水至熟。
2 焯好的五花肉晾凉后切块状。
3 锅中放入适量的食用油，下入五花肉，放入料酒、姜丝、1勺白糖、红烧酱油、少许盐、加入开水炖煮。
4 炖煮后收汁，颜色红亮。
5 出锅装盘，红烧肉颜色红亮、口感软糯、香而不腻。"
659731,https://home.meishichina.com/recipe-659731.html,虎皮尖椒,青红椒：200克 | 开水：适量,大块腐乳汤：少许,姜末：适量 | 大祘：一头 | 盐：少许,"1 把青红椒切成大块备用。
2 锅里倒油烧热下入青红椒翻炒。
3 将腐乳汁加祘末姜末调匀备用。
4 将料汁倒入锅里青红椒上小火炖20分钟。
5 在加入盐调味搅匀出锅。"
650388,https://home.meishichina.com/recipe-650388.html,韭苔炒鸡蛋,韭苔：一把 | 鸡蛋：三个,,盐：少许 | 油：适量 | 生抽：少许,"1 韭苔清洗干净。
2 先把韭苔切段，鸡蛋磕入碗中。
3 锅中放入油，因为要炒鸡蛋，比我们平常炒菜的油稍微多一点。
4 油热后，把打散的鸡蛋液倒入炒锅中，轻轻翻炒一下。
5 放入切好的韭苔，少许盐、生抽。
6 简单翻炒一下，就OK了。
7 韭苔炒鸡蛋出锅喽！"
659207,https://home.meishichina.com/recipe-659207.html,东北炖牛排骨,牛排骨：适量 | 四季豆：适量 | 土豆：适量 | 川粉：适量,面粉：500g | 发酵粉：5g | 葱花：适量 | 五香粉：适量 | 花生油：适量,花生油：适量 | 八角：适量 | 桂皮：适量 | 香叶：适量 | 蚝油：适量 | 老抽：适量 | 生抽：适量 | 姜片：适量,"1 面粉加入发酵粉。
2 加入清水，水量大概260克，搅拌成面絮。
3 揉成面团后放置一旁醒发。
4 牛排骨冷水下锅焯烫出血水后洗净。
5 八角，桂皮，香叶，生姜备用。
6 锅中热油把香料炒香。
7 牛排骨下锅炒香。
8 加入蚝油，老抽，盐。
9 翻炒均匀上色入味。
10 炒过的牛排骨转入高压锅中。
11 加入多一点水，大火煮开转小火压20分钟。
12 土豆去皮洗净切滚刀块。
13 四季豆洗净切段。
14 锅中热油把土豆下锅。
15 炸至金黄后盛出。
16 四季豆也下锅炸至微微虎皮后盛出。
17 焖好的牛排骨倒出铁锅里（菜量都是两份）。
18 放入土豆和四季豆。
19 大火煮开转小火将土豆焖熟（这是另外一锅，同样操作）。
20 面团醒发至拉起呈蜂窝状，取出揉面排出空气。
21 面团擀薄，加入适量花生油。
22 放入葱花和五香粉。
23 将面皮卷起后再分切小块。
24 按压扭成卷即可。
25 土豆焖断生后放入川粉煮开。
26 放入花卷。
27 盖上把花卷焖断生后即可。
28 花卷吸满牛排骨的油脂，非常香。"
642808,https://home.meishichina.com/recipe-642808.html,炸鸡排,鸡胸肉：一块,面粉：适量 | 鸡蛋：一个 | 面包糠：适量,胡椒粉：适量 | 五香粉：适量 | 蚝油：适量 | 白砂糖：适量,"1 鸡胸肉切片，用刀背剁肉，剁松散。
2 放适量五香粉，蚝油，生抽，胡椒粉，白砂糖，搅拌匀，腌制一小时。
3 准备适量面粉，鸡蛋液，面包糠。首先两面粘上面粉。
4 然后两面裹上蛋液。
5 后两面粘上面包糠。
6 中小火炸至两面金黄。
7 滤油。
8 盛盘。可以切条沾番茄酱吃。"
659720,https://home.meishichina.com/recipe-659720.html,蚝油文蛤菜,文蛤菜：适量(或小青菜),姜：适量,蚝油：1勺 | 盐：适量,"1 菜杆和菜叶洗净掰开分开（虽然嫩但是我还是喜欢现炒菜杆后放菜叶只要扒拉几下就好了）。
2 烧空气。
3 倒油，姜丝煸香（生姜是削皮后切丝的）。
4 先炒菜杆，扒拉几下以后再倒菜叶，翻炒几下倒耗油撒点盐扒拉扒拉就好啦～几点中间扣个洞不然容易闷黄的哟。"
659717,https://home.meishichina.com/recipe-659717.html,烤土豆地瓜块,小土豆：4个 | 小地瓜：1个,油：1勺,欧芹蒜香盐：适量 | 胡椒盐：适量,"1 土豆、地瓜去皮备用。
2 滚刀切成小块，洗掉表面的淀粉后备用。
3 用一勺油拌匀后放入空气炸锅中。
4 200度大火烤10分钟后翻面再烤2分钟即可。
5 撒上欧芹蒜盐粉、胡椒盐调味即可，味道棒极了，简单的减脂餐就做好了。"
659206,https://home.meishichina.com/recipe-659206.html,豆腐焖牛肉,牛肉：适量 | 豆腐：适量,葱花：适量,花生油：适量 | 老抽：适量 | 蚝油：适量 | 玉米淀粉：适量 | 盐：适量 | 生抽：适量,"1 豆腐切块备用。
2 牛肉洗净切薄片。
3 加入玉米淀粉，老抽，蚝油抓匀。
4 再加入少许花生油抓匀锁住住水份腌制备用。
5 锅中热油放入豆腐。
6 将豆腐煎至两面金黄。
7 放入牛肉。
8 加入适量清水。
9 适量蚝油，生抽，盐调味，大火煮开焖两三分钟左右。
10 淀粉水勾芡后煮开。
11 洒上葱花即可。"
659187,https://home.meishichina.com/recipe-659187.html,大葱烧豆腐,豆腐：适量,大葱：适量,花生油：适量 | 蚝油：适量 | 生抽：适量 | 盐：适量 | 老抽：适量,"1 豆腐切块备用。
2 大葱洗净切细备用。
3 锅中热油放入豆腐。
4 中小火将豆腐两面煎至金黄。
5 加入适量蚝油，生抽，老抽。
6 少许盐调味。
7 放入大葱。
8 大火快速翻炒均匀即可出锅。"
659691,https://home.meishichina.com/recipe-659691.html,炸猪排,猪排：1块,鸡蛋：1只 | 玉米淀粉：适量 | 黄面包糠：适量 | 番茄沙司：适量 | 姜片：适量,料酒：适量 | 盐：适量 | 白胡椒粉：适量,"1 食材：猪排（已清洗）、鸡蛋、玉米淀粉、黄面包糠、姜片。
2 将鸡蛋打成蛋液。
3 将猪排放在案板上切去肥肉、用刀背两面剁一剁。
4 放入盘中，搁入姜片、加适量的料酒。
5 加适量的盐。
6 加适量的白胡椒粉。
7 调味抓匀腌制20分钟。
8 接着，蘸上玉米淀粉。
9 蘸鸡蛋液。
10 蘸上黄面包糠。
11 然后，油锅五成热放入猪排不要动它用中小火炸上1分半。
12 反面再炸上1分半捞出。
13 放在厨房纸上吸一吸油。
14 最后，放在案板上切开。
15 装盘开吃。"
645226,https://home.meishichina.com/recipe-645226.html,菊花菜,菊花菜：适量,,盐：适量,"1 菊花菜洗干净。
2 锅里放适量油，烧热。
3 倒菊花菜翻炒，放适量盐。
4 盛盘即可。"
659690,https://home.meishichina.com/recipe-659690.html,鲍鱼蒸蛋,鸡蛋：3个 | 鲍鱼：适量,葱：少许,盐：少许 | 蒸鱼豆豉：少许 | 小麻油：少许,"1 准备食材：鲍鱼去壳去内脏，碗里打入3个鸡蛋。
2 将鸡蛋打散，加入少许盐，和适量的温水搅拌均匀，然后用滤网过滤掉表面的浮沫。盖上保鲜膜，扎些洞，水开后，蒸10分钟。
3 再将鲍鱼煮3分钟捞出备用。
4 最后将鲍鱼放入蒸凝固的鸡蛋羹上，蒸1分钟左右，放入葱丝，淋上蒸鱼豆豉和麻油即可。我娃不吃葱，所以我最后将葱丝夹出来了！"
659671,https://home.meishichina.com/recipe-659671.html,什锦炒鸡丁,鸡胸肉：2块,洋葱：半个 | 胡萝卜：半个 | 黄瓜：1根,葱：适量 | 姜：适量 | 蒜：适量 | 生抽：适量 | 盐：适量 | 老抽：适量 | 料酒：少量 | 胡椒粉：少许 | 淀粉：适量 | 食用油：适量,"1 鸡胸肉洗净切丁，加入生抽、老抽、盐、料酒、胡椒粉、淀粉抓拌均匀，放入冰箱腌制一会。
2 胡萝卜、黄瓜洗净削皮切丁，洋葱切丁。
3 葱切段、姜切丝、蒜切片。
4 锅中倒入食用油烧热，放入鸡丁滑炒几下。
5 加入葱姜蒜，继续翻炒至鸡丁变色（也可以加入少许白糖翻炒至金黄）。
6 加入胡萝卜和洋葱，继续翻炒2分钟左右。
7 加入黄瓜丁和少许盐，翻炒1分钟左右。"
659674,https://home.meishichina.com/recipe-659674.html,家常版小炒黄牛肉,黄牛肉：500g,美人椒：5个 | 野山椒：12个 | 小米辣：2个 | 芹菜：2根 | 香菜：1把,生抽：1勺 | 蚝油：2勺 | 太太乐鸡精：适量 | 啤酒：150ml | 鸡蛋清：1个 | 生粉：1勺 | 盐：适量 | 白糖：适量 | 黑胡椒粉：适量 | 菜籽油：两大勺,"1 首先当然尔，是准备好食材。黄牛肉啦，美人椒，野山椒，小米辣，芹菜段，香菜段，姜末，蒜末，各种调料。
2 把牛肉洗净吸干水分沿着纹路切小块。
3 接着开始腌制牛肉，分三次倒入50ml的啤酒，抓拌均匀牛肉，让其吸收啤酒获得水分。
4 接着放入调味料进牛肉。
5 一勺生抽，一勺蚝油，些许盐，白糖，太太乐鸡精，黑胡椒粉粒，适量菜籽油，抓拌均匀腌制牛肉。
6 接着加入一勺生粉，一个鸡蛋清继续抓拌均匀牛肉。
7 最后在腌制好的牛肉上面倒入一勺菜籽油锁住水分，静置腌制15分钟左右。
8 起油锅，放入一大勺菜籽油爆香美人椒，小米辣，姜末，蒜末。
9 再倒入腌制好的牛肉进去大火翻炒五六七八下，翻炒均匀。
10 再倒入芹菜段，香菜段，野山椒进去和牛肉继续翻炒，最后再倒入一勺蚝油和适量太太乐鸡精翻炒均匀，即可装盘出锅食用。
11 OKK.一道快手好吃下饭的家常版小炒黄牛肉就做好了。
12 很好吃喔！真的是香迷糊了，晚饭都可以吃多两碗米饭??。
13 上个家常版小炒黄牛肉的全家福照片结束今天的菜谱介绍。"
659665,https://home.meishichina.com/recipe-659665.html,渣渣牛肉,牛肉沫：150g | 牛肉丝：150g,辣椒面：30g | 姜末：30g | 泡椒段：50g | 花椒面：2g | 芹菜末：150g | 蒜苗花：20g | 水淀粉：适量 | 水：1250g | 生牛油：100g,《火娃》牛油老火锅底料：200g | 《火娃》调味粉：30g,"1 准备《火娃》的牛油老火锅底料200g。
2 准备这些食材，还有50g的泡椒段、300g的牛肉沫和牛肉丝没有拍进照片里。
3 第一步先把300g的牛肉沫和牛肉丝炒熟。锅到六成热，有点冒烟的时候下牛肉。注意：这步炒牛肉不需要下油哈。
4 快速翻炒，把牛肉炒熟，差不多炒2-3分钟，牛肉泛红，没有血丝了就可以出锅。
5 把炒好的牛肉放在一边，备用。
6 锅里下100g的生牛油。不停搅拌牛油，1分钟左右生牛油就能烧化。
7 将30g姜末倒入融化得差不多的牛油里。
8 跟着下50g泡椒段。
9 翻炒出香味。
10 开始下《火娃》老火锅牛油底料。经过多次尝试，这个底料炒渣渣牛肉是最香的。
11 下辣椒面。
12 倒2斤半的开水进去。
13 再倒30g的味粉。
14 搅拌一下锅底，把味粉翻炒均匀，1分钟即可。
15 下适量水淀粉，这一步可做可不做，加水淀粉会让牛肉更嫩，汤更可口。
16 把之前炒好备用的牛肉沫倒进去。
17 煮1-2分钟就可以出锅了。
18 我用的是美蛙锅，拿一个比较大的盆来装也行。
19 撒上芹菜末，就可以出餐了。"
659089,https://home.meishichina.com/recipe-659089.html,孜然土豆牛肉粒,牛板腱：适量,土豆：适量,花生油：适量 | 孜然粉：适量 | 盐：适量 | 欧芹碎：适量,"1 牛板腱提前解冻。
2 切成小粒状。
3 加入蚝油，老抽，花生油抓匀腌制半小时左右。
4 土豆去皮洗净改刀切小粒。
5 锅中热油倒入土豆。
6 炸至金黄断生后盛出。
7 牛肉粒下锅大火快速翻炒。
8 煎炒至微微焦。
9 放入土豆和少许盐。
10 快速翻炒均匀。
11 出锅前洒上孜然粉即可。"
659669,https://home.meishichina.com/recipe-659669.html,牛肉炒土豆丁,牛肉：舌量,胡萝卜丁：适量 | 土豆丁：适量 | 青瓜丁：适量,蚝油：适量 | 胡椒盐：适量,"1 牛肉用蚝油、姜丝、油腌制片刻，所有食材切丁备用。
2 用少油把土豆丁煎至金黄捞出备用。
3 把牛肉炒熟后加入土豆、胡萝卜炒软。
4 最后加入青瓜丁翻炒片刻，加入胡椒盐拌匀即可出锅。"
659668,https://home.meishichina.com/recipe-659668.html,碎肉豆角,长嫰豆角：适量,蒜瓣：5颗 | 碎瘦肉：适合,蚝油：适量,"1 豆角洗净焯水备用。
2 碎肉腌好备用。
3 把焯熟的豆角切碎，用这个方法可以保持豆角的翠绿，又能保证熟了不中毒。
4 肥肉炼成油后，根据自己的需要选择油量，因为我家孩子不吃蒜，所以我没切碎，用油煎至金黄。
5 加入碎猪肉炒熟。
6 加入豆角炒匀即可食用，非常好下饭哦。"
659667,https://home.meishichina.com/recipe-659667.html,豆腐焖鱼,草鱼肚：适量 | 水豆腐：适量,葱：适量 | 蒜蓉：适量 | 姜碎：适量 | 西红柿：1个,蚝油：适量 | 腐乳：1块 | 咸酸梅：2颗,"1 鱼在菜市场让老板洗净切成块，回家后拿姜、料酒、蚝油腌制片刻。
2 用少量的油煎至两面金黄。
3 水豆腐煎至金黄备用。
4 切好蒜粒备用。
5 西红柿切碎备用。
6 用蒜末炒西红柿出沙后，加入适量的清水、蚝油、盐、胡椒粉、腐乳、咸酸梅，加入煎好的豆腐，鱼块闷5分钟左右。
7 出锅前加入葱段即可开吃。"
659664,https://home.meishichina.com/recipe-659664.html,紫苏甲蒌叶炒魔芋豆腐,魔芋豆腐：500g,蒜蓉：适量 | 姜蓉：适量 | 紫苏叶：适量 | 甲蒌叶：适量,蚝油：2勺,"1 豆腐摊里买了一块魔芋豆腐。
2 切成小细条，焯水捞出洗净备用。
3 把蒜、姜剁碎，好吃的关键就是这姜蒜的香味，吃得辣的多放几颗。
4 把紫苏叶和甲蒌叶切成丝备用。
5 热油把姜蒜炒香，加入焯水后的魔芋丝翻炒均匀，出锅前加入蚝油调味，加入切丝的叶片拌均即可出锅。
6 这个味道真的好绝，比肉都好吃??"
659660,https://home.meishichina.com/recipe-659660.html,一锅鲜,玉米：1根 | 胡萝卜：半根 | 大虾：3只 | 鸡腿：1个,西兰花：5朵 | 黑木耳：适量,鸡汤：适量 | 盐：适量,"1 玉米剥皮洗净，胡萝卜去皮洗净。
2 大虾、西兰花、木耳分别洗净待用。
3 先将玉米切段入锅煮。
4 不米八分熟再放入胡萝卜块(实际用了半根胡萝卜)继续煮。
5 倒入鸡汤、放入1个煮熟鸡腿，加入适量盐。
6 加入西兰花、大虾、及木耳煮2至3即可。
7 既有鸡腿、大虾、又有玉米、胡萝卜、西兰花、及木耳。"
659658,https://home.meishichina.com/recipe-659658.html,大头菜丝炒梅豆,梅豆：205克 | 大头菜丝：50克,,酱油：适量 | 盐：适量 | 零卡糖：适量,"1 食材：梅豆、干大头菜丝。
2 将梅豆折成段清洗清洗捞出。
3 将干大头菜丝用清水浸泡5到10分钟。
4 随后，将浸泡好的大头菜丝捞出控干水分。
5 起锅倒入油烧热，下入梅豆翻炒翻炒。
6 接着，加适量的清水。
7 加适量的酱油。
8 加适量的盐。
9 加适量的零卡糖。
10 调味烧煮7到8分钟。
11 然后，合入大头菜丝翻炒翻炒即成。"
659657,https://home.meishichina.com/recipe-659657.html,梅干菜烧夜开花,夜开花：3根 | 梅干菜：60克,,酱油：适量 | 零卡糖：适量 | 味精：适量,"1 食材：夜开花、梅干菜。
2 将梅干菜用清水浸泡1个小时。
3 随后，将浸泡好的梅干菜淘洗干净捞出。
4 将夜开花去皮清洗清洗捞出。
5 放在案板上切成滚刀块。
6 起锅倒油烧热，下入切好的夜开花翻炒翻炒。
7 接着，合入梅干菜、加适量的清水。
8 加适量的酱油。
9 加适量的零卡糖。
10 调味烧煮开。
11 然后，烧煮至汤汁差不多了、加适量的味精。
12 翻匀即成。"
659656,https://home.meishichina.com/recipe-659656.html,咸菜带豆煮鞭笋,咸菜：160克 | 鞭笋：3株 | 带豆：150克,小苏打：适量,盐：适量 | 味精：适量,"1 食材：咸菜（已清洗）、鞭笋、带豆。
2 将带豆放入大盆里加适量的小苏打。
3 放入清水浸泡片刻。
4 随后，浸泡好的带豆清洗清洗捞出。
5 折成段。
6 将鞭笋剥壳清洗清洗捞出。
7 放在案板上切成片。
8 将咸菜放在案板上切段。
9 起锅倒油烧热，下入切好的鞭笋和带豆翻炒翻炒。
10 接着，合入切好的咸菜加适量的清水。
11 翻动翻动煮上6到7分钟。
12 然后，加适量的盐。
13 加适量的味精。
14 调味翻匀即成。"
659650,https://home.meishichina.com/recipe-659650.html,炒红苋菜,苋菜：适量,大蒜头：3瓣,盐：适量 | 味精：适量,"1 苋菜切断洗干净沥水。
2 大蒜子拍一下去皮切丁（随便来几刀，不来也行）。
3 锅烧空气微微冒烟。
4 加点食用油。
5 炒香大蒜。
6 倒苋菜翻炒，中途加一点点的水最后会有红色汤汁（最爱汤泡饭）。
7 出锅前加一小勺猪油可以提亮菜色。
8 装盘（中间用筷子扣个小洞，妈妈说了这样菜不容易闷在里面黄掉）。"
659643,https://home.meishichina.com/recipe-659643.html,红烧羊蝎子,羊蝎子：4斤,葱段：4段,八角：1个 | 香叶：3片 | 草果：1个 | 白芷：2块 | 桂皮：1块 | 生抽酱油耗油老抽：步骤内看配比 | 盐鸡精糖：适量,"1 羊蝎子泡血水（多换几次水），放入锅内加凉水和葱段水开后（不要加料酒和姜）焯水10-15分钟。盛出用热水冲洗浮沫备用。
2 生抽酱油耗油老抽按照:2:1:0.5:0.5调配好放入碗中（计量单位:炒菜的勺子??），起锅烧油放入八角，爆香调料汁，加热水放入高压锅。
3 放入调料和葱段，开水没过肉肉，开火上汽之后5-7分钟。盐鸡精糖散气之后可根据自家咸淡添加。
4 开吃！"
659642,https://home.meishichina.com/recipe-659642.html,番茄焖豆腐,炸豆腐：400g | 番茄：1个,小葱：适量,油：1勺 | 盐：1.5g | 酱油：1勺 | 蚝油：1勺 | 糖：1匙 | 淀粉：2匙 | 清水：适量,"1 炸豆腐。
2 切成小三角块。
3 番茄一个。
4 去皮切成小块。
5 适量的葱段。
6 碗内放入蚝油、酱油、糖、淀粉、胡椒粉，加上小半碗水，调一个料汁。
7 起锅热油，放入番茄。
8 番茄炒出汁。
9 加入清水烧开。
10 放入豆腐，加入盐调味。
11 上盖焖三分钟。
12 开盖后倒入料汁。
13 大火收汁。
14 最后放入葱段增香，出锅。"
659634,https://home.meishichina.com/recipe-659634.html,金不换煎鸡蛋,土鸡蛋：4个,金不换：1小把 | 小葱：1小把 | 蒜：2瓣,油：2勺 | 盐：1.5克 | 清水：小半碗,"1 鸡蛋。
2 金不换、小葱、蒜。
3 把佐料切碎。
4 切好的佐料放入碗内
5 打入鸡蛋。
6 加入盐调味。
7 加入小半碗清水。
8 充分搅拌均匀。
9 起锅热油，倒入鸡蛋液。
10 转动一下锅，使鸡蛋充分受热均匀，定型成块。
11 翻个面，两面煎至金黄即可。
12 成品。下饭菜。"
659631,https://home.meishichina.com/recipe-659631.html,糯米蒸排骨肉,排骨肉：200克 | 糯米：60克 | 姜：几片 | 柱候酱：15克 | 蚝油：5克 | 老抽：3克 | 料酒：5克 | 白胡椒粉：少许,,,"1 用料：排骨肉200克，糯米60克，姜几片，李锦记柱候酱15克，蚝油5克，老抽3克，料酒5克，白胡椒粉少许。
2 糯米用清水浸泡至涨发。
3 肉洗净切块，加入所用调味料。
4 拌匀，放入冰箱冷藏一夜。
5 泡好的糯米控干水分。
6 倒入腌好的肉中。
7 拌匀。
8 装盘。
9 放入电饭煲蒸屉中，蒸煮约2小时。
10 熟透出锅。"
659629,https://home.meishichina.com/recipe-659629.html,油三角夜开花烧排骨,排骨：470克 | 油三角：160克 | 夜开花：1根,,料酒：适量 | 酱油：适量 | 盐：适量 | 零卡糖：适量,"1 食材：排骨（已清洗焯水）、油三角、夜开花。
2 将夜开花去皮清洗清洗捞出。
3 放在案板上切成滚刀块。
4 将已焯水的排骨放入高压锅里。
5 加适量的料酒。
6 加适量的开水。
7 盖上盖、上气烧煮15分钟后关火。
8 焖至没气后开盖。
9 接着，将高压锅烧煮好的排骨倒入炒锅里。
10 然后，合入油三角和切好的夜开花、加适量的酱油。
11 加适量的盐。
12 加适量的零卡糖。
13 调味继续烧煮。
14 最后，烧煮至汤汁差不多了即成。"
659627,https://home.meishichina.com/recipe-659627.html,鸡胸肉炒青瓜,鸡胸肉：200克 | 青瓜：2根,玉米淀粉：适量,料酒：适量 | 酱油：适量 | 盐：适量 | 白胡椒粉：适量 | 油：适量,"1 食材：鸡胸肉（已清洗）、青瓜（已清洗）。
2 将青瓜放在案板上切成小块。
3 将鸡胸肉放在案板上切成小块。
4 放入盘中、加适量的料酒。
5 加适量的酱油。
6 加适量的盐。
7 加适量的白胡椒粉。
8 加适量的玉米淀粉。
9 加适量的油。
10 调味抓匀腌制20分钟。
11 起锅倒油烧热，下入腌制好的鸡胸肉翻炒翻炒。
12 然后，合入切好的青瓜翻炒翻炒即成。"
659626,https://home.meishichina.com/recipe-659626.html,黑木耳鸡蛋炒青瓜,鸡蛋：2只 | 黑木耳：10克 | 青瓜：1根,,盐：适量,"1 食材：鸡蛋、黑木耳（已泡发清洗）、青瓜（已清洗）。
2 将鸡蛋打成蛋液。
3 将青瓜放在案板上切成片。
4 将黑木耳下入沸水锅中焯开捞出。
5 起锅倒油烧热，下入蛋液翻炒翻炒成块。
6 接着，合入焯好的黑木耳和切好的青瓜翻炒翻炒。
7 然后，加适量的盐。
8 调味炒匀即成。"
659590,https://home.meishichina.com/recipe-659590.html,咸菜鞭笋煮圆素鸡,圆素鸡：350克,,,"1 食材：圆素鸡、咸菜（已清洗）、鞭笋。
2 将鞭笋剥壳清洗清洗捞出。
3 放在案板上切成片。
4 将咸菜放在案板上切段。
5 将圆素鸡拆开包装放在案板上切开。
6 起锅倒油烧热，下入切好的圆素鸡两面煎一下盛出。
7 接着，下入切好的鞭笋和咸菜翻炒翻炒。
8 然后，合入煎好的圆素鸡加适量的清水。
9 加适量的盐。
10 调味烧煮5到6分钟即成。"
659624,https://home.meishichina.com/recipe-659624.html,毛豆炒手捏菜,毛豆：350克 | 青菜：460克,,盐：3小勺 | 味精：适量,"1 食材：毛豆、青菜（已洗净）。
2 将毛豆剥壳淘洗干净。
3 将已洗净的青菜放在案板上切碎。
4 放入大盆中，加入3小勺盐。
5 随后，用胖嘟嘟的小手捏一捏。
6 用重物压上，腌制30分钟。
7 接着，将腌制好的青菜捏干水分。
8 然后，将毛豆下入沸水中焯上5到6分钟捞出。
9 起锅倒油烧热，下入腌制好的青菜翻炒翻炒至断生。
10 最后，合入焯好的毛豆、加适量的味精。
11 炒匀即成。"
659007,https://home.meishichina.com/recipe-659007.html,沙茶肥羊卷,肥羊卷：适量,金针菇：适量 | 豆腐：适量 | 洋葱：适量,花生油：适量 | 生抽：适量 | 蚝油：适量 | 沙茶酱：适量 | 盐：适量 | 鸡精：适量,"1 洋葱洗净切细备用。
2 羊肉卷提前解冻备用。
3 豆腐改刀切块。
4 金针菇切去根部洗净。
5 碗中加入沙茶酱，生抽，蚝油，盐，鸡精。
6 加入适量清水搅拌均匀备用。
7 锅中热油放入豆腐。
8 煎至两面金黄盛出。
9 锅里热油把洋葱炒香。
10 放入煎好的豆腐。
11 放入金针菇。
12 放入肥羊卷。
13 淋上沙茶酱汁。
14 盖上煮开转小火。
15 羊肉卷焖断生入味，少许葱花即可出锅。"
659599,https://home.meishichina.com/recipe-659599.html,家常煮黄瓜,黄瓜：三斤,腊肉：一两（肥瘦适中或肥膘）,蒜：一瓣 | 辣椒：一个 | 油：适量 | 盐：适量 | 鸡精：适量,"1 摘两条黄瓜，最好是白皮的那种。绿的也行，就是老一些的口感更好，香味也足。去皮切薄片。
2 蒜瓣拍散去皮取出即可，无须切碎。
3 取辣椒一个，水冲洗一下切细段。
4 腊肉切硬币厚薄小片。
5 锅里放少于油，再下入腊肉小火煸出油脂。以煸干不焦为好。下入黄瓜跟辣椒蒜，
6 出锅前加入鸡精。稍凉味道更好。"
659473,https://home.meishichina.com/recipe-659473.html,银鱼炒鸡蛋,鸡蛋：适量,银鱼干：适量 | 小葱：适量,盐：适量 | 油：适量,"1 银鱼干用水泡软。
2 冲洗干净，控干水分。
3 切点小葱花。
4 将鸡蛋打入银鱼碗里，加入葱花。
5 加入适量盐。
6 搅拌均匀。
7 锅里倒油烧热。
8 倒入鸡蛋液。
9 搅拌炒熟。
10 银鱼炒蛋。"
659595,https://home.meishichina.com/recipe-659595.html,烧椒变蛋,变蛋：4个,杭椒：4个 | 蒜：8瓣,酱油：1勺,"1 食材。
2 变蛋剥皮去壳。
3 辣椒干锅煎。
4 煎出虎皮。
5 焦一点。
6 刮掉烧焦的皮，也不用特别干净。
7 变蛋切块。
8 烧椒切末，蒜切末。
9 油烧热，浇在辣椒末上。
10 拌好的烧椒酱，铺在变蛋上，味道不错。"
659581,https://home.meishichina.com/recipe-659581.html,辣子皮芽子炒木耳,皮芽子：100克 | 水发木耳：5O尤,红辣椒：l个,盐：少许 | 油：少许,"1 皮芽子去皮洗净。
2 红辣椒切小块。
3 泡发的木耳备用撕成小块。
4 敢在盘子里备用。
5 锅上放油烧热下入上述材料。
6 翻炒均匀加盐。"
658978,https://home.meishichina.com/recipe-658978.html,泡椒炒鸭肾,鸭肾：适量,酸泡椒姜：适量,花生油：适量 | 玉米淀粉：适量 | 老抽：适量 | 蚝油：适量 | 盐：适量 | 鸡精：适量,"1 鸭肾搓洗干净备用。
2 洗净的鸭肾切薄片。
3 加入适量玉米淀粉，老抽，蚝油。
4 抓匀腌制半小时左右。
5 酸泡椒备用。
6 蒜头和剁椒切细备用。
7 泡椒姜也切碎备用。
8 锅中热油放入鸭肾大火快速翻炒至七八成熟后盛出。
9 锅中热油放入配料。
10 少许盐，鸡精调味，大火快速翻炒均匀即可。"
659447,https://home.meishichina.com/recipe-659447.html,艾叶鸽子煲,鸽子：一只 | 干艾叶：20g | 熟鸡蛋：4个,红枣：5颗 | 姜片：适量,油：1勺 | 盐：3g | 客家娘酒：半碗 | 清水：1碗,"1 鸽子。
2 三蒸三晒的干艾叶，红枣、姜片。
3 鸽子剁成块，红枣对半切开半，艾叶用清水泡软。
4 准备几个熟鸡蛋。
5 起锅热油，炒香姜片。
6 倒入鸽子翻炒。
7 鸽子炒至干香，放入红枣。
8 倒入娘酒。
9 倒入一碗清水，炆火烧开。
10 取砂锅，锅内放入艾叶。
11 把炒好的鸽子肉铲入砂锅。
12 再把剥好皮的鸡蛋放入锅内一起炖煮。
13 小火焖20分钟即可。
14 成品。味道清香，益气补血。"
658977,https://home.meishichina.com/recipe-658977.html,黄油口蘑牛肉粒,板腱牛排：适量 | 口蘑：适量,黄油：适量,盐：适量 | 生抽：适量 | 蚝油：适量 | 老抽：适量 | 欧芹碎：适量,"1 板腱牛排备用。
2 改刀切小粒。
3 加入适量蚝油，老抽抓匀静置。
4 口蘑泡发清洗干净。
5 将口蘑改刀切小块。
6 黄油融化。
7 放入牛肉粒。
8 小火慢煎，喜欢焦香的可以煎久一点，煎好备用。
9 锅中继续适量黄油融化。
10 放入口蘑翻炒。
11 少许盐调味。
12 放入煎过的牛肉粒。
13 大火快速翻炒均匀即可。
14 出锅前再加上少许欧芹碎。"
659457,https://home.meishichina.com/recipe-659457.html,清蒸白切肉和腐竹,猪肉：适量 | 腐竹：适量,大蒜：适量 | 生抽：适量 | 香醋：适量 | 香油：适量 | 芥末：适量,盐：适量,"1 猪肉飞水。
2 腐竹泡发。
3 码在蒸层。
4 平铺好。
5 猪肉放在上面蒸40分钟。
6 切好码盘即可。
7 大蒜捣成蓉，加入适量生抽香醋香油拌匀。
8 再准备好芥末生抽。
9 开动了。"
659564,https://home.meishichina.com/recipe-659564.html,胡萝卜豆筋烧排骨,排骨：300克 | 豆筋：2根 | 胡萝卜：1根半 | 姜：10克 | 大蒜：几瓣 | 柱候酱：20克 | 蚝油：6克 | 老抽：3克 | 料酒：10克 | 菜籽油：15克 | 白胡椒粉：少许,,,"1 用料：排骨300克，豆筋2根，胡萝卜1根半，姜10克，大蒜几瓣，李锦记柱候酱20克，蚝油6克，老抽3克，料酒10克，菜籽油15克，白胡椒粉少许。
2 豆筋提前泡发。
3 泡好的豆筋和洗净的胡萝卜分别切滚刀块，备用。
4 排骨洗净，放入锅中焯烫去除血水，捞出冲洗干净。
5 炒锅烧热放油。
6 下姜片、蒜瓣爆香。
7 倒入排骨翻炒几下。
8 烹入料酒去腥增香。
9 加入李锦记柱侯酱、蚝油、老抽、白胡椒粉翻炒均匀。
10 加入适量沸水没过排骨表面，盖上锅盖，大火烧开。
11 加入豆筋，用小火焖煮至排骨软烂。
12 加入胡萝卜，继续用小火焖煮10分钟。
13 打开锅盖，汤汁收干。
14 出锅装盘，享用。"
659559,https://home.meishichina.com/recipe-659559.html,香炸鱼条,草魚中段：一块 | 食用油：适量（炸魚用）,姜丝：适量 | 花椒：适量 | 小葱段：适量 | 胡椒粉：适量,盐：适量,"1 将花椒用热水浸泡一下，晾凉再放入姜丝及小葱。
2 草魚取中段切粗条状，把料水倒入魚条中，加入适量盐及胡椒粉，抓拌均匀使其入味入味。
3 再翻拌一下均匀入味。
4 碗中准备普通面粉、玉米淀粉各半混合均匀。
5 将2个鸡蛋打散，魚条先沾满鸡蛋液。
6 再沾满粉类。
7 锅中倒入食用油烧至五层热下入魚块中小火炸制。
8 第一遍全部炸好后，这是第二次复炸一遍，使其金黄酥脆。
9 捞出炸好的魚条，颜色金黄、口感外酥里软鲜香。
10 香炸魚条再搭配米饭圈，很有食欲呦。"
659563,https://home.meishichina.com/recipe-659563.html,海鲜娃娃菜,娃娃菜：1颗 | 鲜虾：150g | 鱿鱼卷：200g,豆腐：200g | 花生油：1勺 | 洋葱：少许,生抽：1匙 | 醋：1匙 | 盐：适量,"1 炒锅放油烧热，放入处理好的鲜虾炒变色，再放入洋葱。
2 放娃娃菜翻炒。
3 娃娃菜炒软后加1碗水，生抽，醋，盐，豆腐炖5分钟。
4 最后放入鱿鱼卷（提前用开水焯一遍）再煮半分钟。
5 搅拌均匀。"
659543,https://home.meishichina.com/recipe-659543.html,酸菜炖排骨,排骨：适量,酸菜：适量 | 粉条：适量 | 葱：适量 | 姜：适量,油：适量 | 盐：适量 | 生抽：适量 | 八角：适量 | 料酒：适量 | 老抽：适量 | 十三香：适量,"1 排骨冷水下锅，放入料酒，葱姜，烧开煮几分钟。
2 捞出来清洗干净，控干水分。
3 锅里倒油烧热，放入葱姜，八角炒香。
4 下入排骨，加入料酒，生抽，十三香，一点点老抽上个色，翻炒均匀，炒出香味。
5 把排骨倒入压力锅，加水持平，炖熟。
6 粉条泡软。
7 酸菜冲洗两遍，挤干水分。
8 锅里倒油，下入酸菜炒两分钟。
9 倒入压好的排骨和汤，煮10分钟。
10 下入泡好的粉条，再煮5分钟。
11 加适量盐调味。
12 连汤一起盛出来。
13 撒上小葱花，酸爽下饭。"
659552,https://home.meishichina.com/recipe-659552.html,油泼绿豆芽,绿豆芽：适量,花生油：1勺,蒜末：1匙 | 生抽：1匙 | 醋：2匙 | 辣椒粉：半匙 | 盐：适量,"1 自己发的绿豆芽。
2 把绿豆芽用开水焯一遍，捞出来过凉水沥干水份。
3 先把半匙蒜泥与生抽，醋，盐，调成料汁淋在豆芽上，剩下的蒜泥放豆芽上，撒上辣椒粉。
4 把油烧热泼在蒜泥与辣椒粉上，激出香味。
5 搅拌均匀即可。"
659550,https://home.meishichina.com/recipe-659550.html,木耳炒皮芽子,木耳：10克 | 皮芽子：2个,红辣椒：1个,盐：少许 | 油：少许,"1 皮芽子去老皮。
2 红辣椒1个洗净切成小块。
3 木耳泡发备用。
4 切成小块装入盘子里。
5 锅里加油烧热倒入锅里。
6 翻炒加盐炒均匀。
7 装盘。"
650491,https://home.meishichina.com/recipe-650491.html,小海螺,小海螺：适量,生姜：适量 | 白酒：适量,生姜丝：适量 | 蒜末：适量 | 生抽：适量 | 醋：适量 | 芥末：适量,"1 小海螺用盐搓洗，洗净小海螺上面的粘液。
2 调料：大蒜切碎，生姜切条，生抽，醋适量，芥末适量，搅拌匀。
3 锅里放2片生姜，适量白酒，烧开。
4 放入洗好的小海螺，煮3分钟。
5 捞出来，放冰箱冷藏，吃的时候醮调料吃即可。"
659538,https://home.meishichina.com/recipe-659538.html,白切猪肚,猪肚：1个 | 小肚：1个,沙姜：2块 | 红葱头：适量 | 五指毛桃：30g | 红枣：3颗 | 姜：3片,花生油：2勺 | 酱油：2勺 | 料酒：1勺,"1 已处理干净的猪肚，我们这里是大小肚搭着一起卖。
2 沙姜、红葱头。
3 猪肚凉水入锅，放入三片姜，加入一勺料酒，焯水十分钟。
4 焯好水的猪肚捞出。
5 猪肚放入电压力锅，加入清水，放入一把五指毛桃和红枣，用煮饭键煮至时间结束。。
6 接下来的时间调酱汁，把葱头和沙姜剁碎。
7 炝入滚烫的花生油。
8 加入酱油即可。
9 时间到。把炖好的猪肚捞出，剩下的原汤还可以喝，一举两得。
10 猪肚切成块，装盘。
11 蘸上沙姜红葱酱，味超赞！"
659503,https://home.meishichina.com/recipe-659503.html,黑木耳板栗蒸咸鸡,咸鸡：适量 | 黑木耳：适量 | 板栗：适量,荆芥叶：适量,,"1 黑木耳泡发。
2 板栗去皮。
3 咸鸡分大块。
4 放入盘里。
5 放入板栗。
6 放入咸鸡。
7 大火蒸20分钟。
8 开动了。"
659534,https://home.meishichina.com/recipe-659534.html,虾仁炒带豆,虾仁：80克 | 带豆：150克,,料酒：适量 | 盐：适量 | 味精：适量,"1 食材：虾仁（已清洗）、带豆。
2 将带豆折成段、加适量的小苏打。
3 用清水浸泡片刻。
4 随后，将浸泡好的带豆清洗清洗捞出。
5 将虾仁放在案板上背部划开去虾线。
6 放入盘中加适量的料酒。
7 拌匀。
8 将带豆下入沸水锅中焯上5到6分钟捞出。
9 起锅倒油烧热，下入虾仁翻炒翻炒。
10 接着，合入焯熟的带豆翻炒翻炒。
11 然后，加适量的盐。
12 加适量的味精。
13 调味炒匀即成。"
659533,https://home.meishichina.com/recipe-659533.html,酥炸茄盒,肉末：适量 | 茄子：适量 | 鸡蛋：适量,姜：适量 | 面粉：适量 | 淀粉：适量,油：适量 | 料酒：适量 | 生抽：适量 | 蚝油：适量,"1 肉末加盐、料酒、生抽、蚝油、水淀粉拌匀。
2 大茄子一个。
3 切成连刀片，即两片中间不切段。
4 夹入肉馅成茄盒。
5 鸡蛋、面粉、淀粉、适量清水。
6 拌匀成稠面糊。
7 茄盒挂上一层面糊。
8 锅中放油烧六成热，放入茄盒炸至金黄。
9 炸好的茄盒捞出，等油温升高，再放入锅中炸半分钟左右。
10 放上吸油纸，成品外酥里嫩。"
659532,https://home.meishichina.com/recipe-659532.html,茄子烧百叶结,茄子：3根 | 百叶结：238克,,酱油：适量 | 盐：适量 | 零卡糖：适量 | 味精：适量,"1 食材：茄子、百叶结。
2 将茄子去蒂清洗清洗捞出。
3 放在案板上切成滚刀块。
4 起锅倒油烧热，下入切好的茄子翻炒翻炒。
5 接着，合入百叶结加适量的清水。
6 加适量的酱油。
7 加适量的盐。
8 加适量的零卡糖。
9 调味烧煮5到6分钟。
10 然后，加适量的味精。（加不加味精自愿）
11 翻匀即成。"
659531,https://home.meishichina.com/recipe-659531.html,榨菜丝带豆炒茭白,茭白：2株 | 榨菜丝：80克 | 带豆：175克,小苏打：适量,盐：适量 | 味精：适量,"1 食材：茭白（已剥壳清洗）、榨菜丝、带豆。
2 将带豆折成段、加适量的小苏打。
3 用清水浸泡片刻。
4 随后，将浸泡好的带豆清洗清洗捞出。
5 将茭白放在案板上切成片。
6 将带豆下入沸水锅中焯上5分钟。
7 接着，合入切好的茭白焯上2分钟捞出。
8 起锅倒油烧热，下入焯好的带豆、茭白和榨菜丝翻炒翻炒。
9 然后，加适量的盐。
10 加适量的味精。
11 调味炒匀即成。"
658940,https://home.meishichina.com/recipe-658940.html,虾仁炒牛肉,牛肉：适量 | 虾仁：适量,洋葱：适量 | 葱花：适量 | 蒜头：适量,花生油：适量 | 生抽：适量 | 玉米淀粉：适量 | 蚝油：适量 | 老抽：适量 | 胡椒粉：适量,"1 牛肉洗净切薄片。
2 加入适量玉米淀粉，蚝油，老抽抓匀。
3 加入花生油抓匀锁住水份。
4 虾去壳去虾线开背。
5 适量胡椒粉抓匀静置备用。
6 洋葱洗净切细，蒜头剁碎备用。
7 锅中热油放入牛肉。
8 炒至七八成熟后盛出。
9 虾仁下锅炒变色盛出。
10 锅中热油倒入蒜末炒香。
11 放入虾仁和牛肉。
12 加入适量蚝油，生抽。
13 放入洋葱。
14 大火快速翻炒均匀出锅。"
659530,https://home.meishichina.com/recipe-659530.html,西红柿闷鸡蛋,西红柿：适量 | 鸡蛋：适量,蒜：适量 | 葱：适量,盐：适量 | 胡椒粉：适量 | 白糖：适量 | 生抽：适量,"1 西红柿给他切十字刀，用开水烫下去皮。切成丁。
2 碗里打入5个鸡蛋。锅里热油，把鸡蛋倒下去，煎至两面微黄盛出来切小块。
3 锅里留底油，放入葱蒜。倒入西红柿。给他炒出，多炒一会儿，炒出酱来。放生抽，倒入一点清水。把鸡蛋放下扣上锅盖。开了倒入盐，白糖，胡椒粉扣上锅盖煮3分钟。浓稠撒入葱花。"
659529,https://home.meishichina.com/recipe-659529.html,烧鸡翅根,鸡翅根：适量,八角：适量 | 干辣椒：适量 | 姜：适量 | 蒜：适量,盐：适量 | 味精：适量 | 白糖：适量 | 生抽：适量 | 老抽：适量 | 料酒：适量 | 胡椒粉：适量,"1 鸡翅根洗干净以后给改刀。冷水下锅，倒入鸡翅，放入料酒。水打去浮沫。捞出控水。
2 锅里热油，倒入鸡翅煎至两面金黄。取出备用。
3 锅里热油倒入姜蒜，干辣椒，八角，炒香。倒入鸡翅根，翻炒均匀倒入料酒，生抽，老抽。白糖，翻炒至上色，加入热水。水开后，转小火盖上锅盖烧10分钟左右，加入食盐和胡椒粉调味，翻炒均匀在烧10分钟，10分钟后开大过火。加入青椒和蒜瓣，将青椒翻炒至断生。出锅装盘。"
659489,https://home.meishichina.com/recipe-659489.html,清炖排骨,排骨：1500g,小葱：3根 | 姜片：适量 | 枸杞子：1匙,花椒：1匙 | 八角：1颗 | 盐：适量 | 生抽：1匙 | 老抽：1匙 | 醋：1匙,"1 排骨放锅里加凉水煮开，焯出血水。
2 把小葱姜片放高压锅里，花椒八角放料包里。
3 排骨焯水后放入高压锅里。
4 加热水，盐，生抽，老抽，醋，枸杞子。盖上锅盖启动程序。
5 程序结束即可。
6 用吸油纸吸除排骨汤表面的油膜。"
659528,https://home.meishichina.com/recipe-659528.html,红烧鱼块,鱼：适量,辣椒：适量 | 姜：适量 | 蒜：适量,料酒：适量 | 生抽：适量 | 老抽：适量 | 醋：适量 | 蚝油：适量 | 白糖：适量 | 盐：适量 | 味精：适量,"1 把鱼膜洗干净。把鱼切块。
2 锅里热油，撒点盐。大火把鱼放进去煎。不要动！把鱼煎成黄色。翻另一面。煎制定型，盛出控油。
3 锅里热油放姜蒜粒。炒一下。放豆瓣酱小火慢慢炒。把鱼块下锅，放入料酒。生抽，少一点老抽加开水。水开，少放一点醋，放一点蚝油。放味精，白糖煮10分钟。放青红椒，葱断。煮3分汤汁浓稠出锅。"
645271,https://home.meishichina.com/recipe-645271.html,炒毛豆,毛豆：适量,青红辣椒：适量 | 蒜子：适量,盐：适量 | 鸡精：适量 | 耗油：适量,"1 把毛豆拨壳清洗干净，大蒜切成厚片，切一点青红椒。
2 热油，油热，放入大蒜子炒香，在放入豆子炒至变色，倒入小半碗水。
3 调大火煮3-5分钟，煮熟，水快烧干把辣椒倒入翻炒均匀，倒入盐，鸡精耗油翻炒均匀出锅。"
659516,https://home.meishichina.com/recipe-659516.html,鸡腿炖土豆,鸡腿：4个,土豆：2个 | 开水：适量,料酒：适量 | 食用油：适量 | 生抽：适量 | 五香粉：适量 | 盐：适量 | 鸡精：适量,"1 先将鸡腿洗净，剁一刀分成2块，再反复浸泡出血水洗净，焯水至无血水捞出，锅中放入适量食用油加入鸡块翻炒，加入生抽、料酒、五香粉、盐、放入土豆块炖煮。
2 炖煮至留适当汤汁就可以。
3 盛出装盘，撒入小香葱花点缀即可。"
659521,https://home.meishichina.com/recipe-659521.html,番茄炖牛肉,牛肉：1斤,番茄：4个 | 洋葱：半个,蒜：2瓣 | 姜：1块 | 生抽：2勺 | 老抽：半勺 | 蚝油：2勺 | 盐：适量,"1 新鲜的牛肉（选带筋的更好吃）切成小块。
2 冷水下锅焯水，把血水煮掉，撇去浮沫，捞出备用。
3 姜、蒜切片备用。
4 番茄划十字。
5 下锅煮2分钟，捞出去皮。
6 去皮后的番茄，2个切成小丁，2个切成厚片，备用。
7 洋葱切丝备用。
8 锅热放入适量食用油，油热后放入姜、蒜炒香。
9 加入洋葱继续翻炒，炒至洋葱变软。
10 加入焯好水的牛肉翻炒2分钟，加入切成小丁的番茄、生抽2勺、老抽半勺、蚝油2勺，炒至番茄出沙。
11 加入适量的水，水没过牛肉即可，加入适量盐。
12 煮开后倒入高压电饭锅，加入切成厚片的番茄，选择牛肉功能。
13 成品。汤鲜味美。"
659514,https://home.meishichina.com/recipe-659514.html,大头菜炒毛豆,干大头菜丝：45克 | 毛豆：353克,,盐：适量 | 味精：适量,"1 食材：毛豆、干大头菜丝。
2 将毛豆剥壳淘洗干净。
3 将干大头菜丝用清水浸泡5到10分钟。
4 接着，将浸泡好的大头菜丝捞出控干水分。
5 将毛豆下入沸水中焯上5到6分钟捞出。
6 起锅倒入油烧热，下入焯好的毛豆和大头菜丝翻炒翻炒。
7 然后，加适量的盐。
8 加适量的味精。
9 调味炒匀即成。"
659513,https://home.meishichina.com/recipe-659513.html,乌狼鲞烤肉,乌狼鲞：265克 | 猪肉：350克,姜片：适量,料酒：适量 | 酱油：适量 | 零卡糖：适量,"1 食材：乌狼鲞、猪肉（已清洗切开焯水）、姜片。
2 将乌狼鲞用清水浸泡5个小时。
3 随后，将浸泡好的乌狼鲞清洗清洗捞出。
4 放在案板上切成块。
5 起锅倒油烧热，下入猪肉翻炒翻炒至微黄。
6 接着，加适量的料酒。
7 加适量的开水。
8 先烧煮10分钟。
9 然后，合入切好的乌狼鲞加适量的酱油。
10 加适量的零卡糖。
11 调味继续烧煮。
12 最后，烧煮至汤汁差不多了即成。"
659512,https://home.meishichina.com/recipe-659512.html,咸菜毛豆炒千张,毛豆：250克 | 厚千张：70克 | 咸菜：137克,,盐：适量 | 味精：适量,"1 食材：毛豆、厚千张、咸菜（已清洗）。
2 将毛豆剥壳淘洗干净。
3 将厚千张放在案板上切开，咸菜切碎。
4 起锅倒入油烧热，下入毛豆翻炒翻炒。
5 接着，合入切好的咸菜和厚千张、加适量的清水。
6 翻动翻动煮上5到6分钟。
7 然后，加适量的盐。（试试味道再加盐）
8 加适量的味精。
9 调味炒匀即成。"
659442,https://home.meishichina.com/recipe-659442.html,红烧茄子,茄子：适量,青椒：适量 | 香葱：适量 | 小红椒：适量 | 蒜末：适量,白胡椒：少量 | 白砂糖：少量 | 盐：适量 | 老抽：适量 | 蚝油：适量,"1 茄子净净切条，泡盐水里浸泡5分钟。
2 滤水，放蒸锅蒸8分钟。
3 肉片放入少量油，老抽，蚝油，淀粉，拌匀。
4 配料切好。蒜切末，小红椒切断，葱切断，青椒切丝。
5 锅里放油，先放小红椒和蒜末炒。
6 再放入肉片炒至变色。
7 倒入蒸好的茄子。
8 放适量老抽，蚝油，少量胡椒粉，白砂糖调味。
9 倒入青椒丝翻炒，倒入芶芡水，翻拌再放入葱丝即可。
10 装盘。"
659486,https://home.meishichina.com/recipe-659486.html,酸辣娃娃菜炒红参,即食北极红参：150g,娃娃菜：1颗 | 花生油：1勺 | 小葱：适量,酸汤肥牛料包：20g | 盐：少许 | 生抽：1匙 | 醋：1匙,"1 食材图，娃娃菜洗干净切块，红参解冻后切块，小葱洗干净切段。
2 红参凉水入锅加料酒，烧开焯烫一下去除腥味。
3 炒锅放油烧热，放入小葱爆香。
4 放入酸汤肥牛料，红参翻炒。
5 放入娃娃菜。
6 加盐，生抽，醋翻炒娃娃菜变软即可。"
658925,https://home.meishichina.com/recipe-658925.html,腐竹木耳蒸鸡,鸡肉：适量,腐竹：适量 | 木耳：适量 | 葱花：适量,花生油：适量 | 老抽：适量 | 玉米淀粉：适量 | 蚝油：适量 | 盐：适量,"1 腐竹提前泡发。
2 木耳泡发备用。
3 鸡肉洗净斩块。
4 加入玉米淀粉，老抽，蚝油，盐。
5 抓拌均匀腌制半小时。
6 泡发好的腐竹木耳放入鸡肉里。
7 拌匀备用。
8 锅中水烧开后把鸡肉下锅大火蒸20分钟左右。
9 蒸好后洒上葱花即可。"
659500,https://home.meishichina.com/recipe-659500.html,雪里红炒豆腐,豆腐：适量 | 雪里红：适量 | 肉末：适量,姜片：适量 | 蒜：适量,干辣椒：适量 | 小米辣：适量 | 盐：适量 | 味精：适量 | 油：适量,"1 热油爆香姜片和蒜片以及干辣椒和小米辣。
2 先放入肉末炒香。
3 然后放入根翻炒两分钟。
4 继续放入叶子部分翻炒。
5 翻炒片刻加入切好的豆腐。
6 加入适量盐和味精调味。
7 起锅啦。
8 颜色还不错。"
659499,https://home.meishichina.com/recipe-659499.html,腊排骨焖土豆,腊排骨：适量 | 土豆：适量,,油：适量 | 生抽：适量 | 糖：适量 | 蚝油：适量 | 盐：适量,"1 热锅下油，放入切块的土豆，小火慢煎。
2 煎到土豆表面有点焦黄焦黄。下点盐，给土豆一点底味。
3 煎过的土豆盛出来放盘子里。
4 锅里加一点油，把剁好的腊排骨放进去，照样小火慢煎。
5 煎到排骨有点焦香。
6 倒入煎过的土豆，加生抽、白糖翻炒均匀。
7 加一点水进去锅里，盖上锅盖焖透，关键是让他们味道融合。
8 焖得土豆合适了就可以出锅了，出锅前加点蚝油。"
659491,https://home.meishichina.com/recipe-659491.html,红焖五花肉,五花肉：适量,料酒：适量 | 老汤：适量 | 生抽：适量 | 红烧酱油：适量 | 五香粉：适量 | 红曲粉：适量,盐：适量,"1 将五花肉洗净，浸泡出血水，反复洗净。
2 锅中放水加入五花肉，料酒、姜片、小葱结煮制无血水即可。
3 加入老汤，五花粉、生抽、红烧酱油、红曲粉、盐高压锅压制15分钟（各家高压锅不同，时间自行掌握)。
4 红焖肉凉透取出，切成片状装盘，颜色红亮、味道浓香。"
659484,https://home.meishichina.com/recipe-659484.html,西红柿焖紫茄,西红柿：适量 | 紫茄：适量,黄豆酱：适量 | 葱花：适量,盐：适量,"1 西红柿去皮切块。
2 茄子切段。
3 锅子烧热放入西红柿。
4 放入茄子。
5 放入适量黄豆酱。
6 焖至软烂即可。
7 开动了。"
659482,https://home.meishichina.com/recipe-659482.html,丝瓜炒虾仁,丝瓜：适量,大虾：适量 | 葱：适量 | 蒜：适量 | 干椒：适量,油：适量 | 盐：适量 | 松茸鲜：适量,"2 丝瓜适量，洗干净，去皮，备用。
3 大虾适量，去皮挑出虾线，处理干净，备用。
4 丝瓜改刀切小块，备用。
5 大虾冷水下锅焯烫去生味，熟了捞出，备用。
6 锅里适量油，葱蒜干椒爆锅。
7 放入食材大火翻炒，加入适量的盐，炒制断生。
8 炒好，加入适量松茸鲜调味。
9 炒好出锅。"
659477,https://home.meishichina.com/recipe-659477.html,丝瓜炒鸡蛋,丝瓜：适量,鸡蛋：3个 | 葱：适量,油：适量 | 盐：适量 | 松茸鲜：适量,"2 丝瓜适量，洗干净，备用。
3 丝瓜去皮，备用。
4 丝瓜改刀切小块，备用。
5 锅里适量油，烧开，鸡蛋打散，蛋液倒入锅中，煎熟，盛出备用。
6 锅里少许，葱干椒爆香，放入食材翻炒断生。
7 放入鸡蛋加入适量盐，翻炒均匀。
8 炒好，加入适量松茸鲜调味，出锅。"
659067,https://home.meishichina.com/recipe-659067.html,孜然肥羊卷,肥羊卷：适量,洋葱：适量,花生油：适量 | 盐：适量 | 孜然粉：适量 | 鸡精：适量,"1 羊肉卷提前解冻备用。
2 洋葱洗净切细备用。
3 将肥羊卷冷水下锅焯烫后备用。
4 锅中热油放入洋葱炒香。
5 放入羊肉卷。
6 适量蚝油炒匀。
7 少许盐和鸡精调味。
8 加入孜然粉，大火快速翻炒均匀即可。"
658876,https://home.meishichina.com/recipe-658876.html,鱼片蒸蛋,鲈鱼鱼片：适量 | 鸡蛋：适量,葱花：适量,花生油：适量 | 薄盐生抽：适量 | 玉米淀粉：适量 | 蛋清：适量,"1 鲈鱼洗净取肉切薄片。
2 切好的鱼片清水冲洗一下。
3 加入玉米淀粉。
4 一个蛋清。
5 将鱼片抓拌至起胶。
6 加入适量花生油抓匀备用。
7 碗中打入鸡蛋。
8 加入蛋液同等份量的清水，（鸡蛋和清水比例1:1）搅拌均匀。
9 将蛋液过筛到碗里。
10 锅中水烧开放入鸡蛋液。
11 盖上大火蒸，时间取决于你用的碗具和鸡蛋的量。
12 鸡蛋蒸至定型。
13 鱼片放到蒸蛋上。
14 将鱼片蒸断生。
15 加入薄盐生抽和适量花生油即可。"
659438,https://home.meishichina.com/recipe-659438.html,香煎鸡胸肉,鸡胸肉：500g,淀粉：1勺,蜜汁味腌肉料：1包,"1 用烤肉腌料腌制鸡肉。
2 鸡胸肉切厚片，加腌肉料抓匀腌制4小时。
3 放入1勺淀粉抓匀。
4 平底锅刷油，把鸡肉片平铺在锅里小火煎，盖上锅盖会熟的快些。
5 煎2面金黄即可。"
659454,https://home.meishichina.com/recipe-659454.html,干锅蛙,蛙肉：500g | 土豆条：300g,姜粒：20g | 蒜粒：20g | 红椒：10g | 青椒：10g | 洋葱：15g | 大葱节：10g,火娃美蛙鱼底料：200g | 火娃调味粉：80g | 火娃蛙肉腌粉：25g,"1 准备材料。
2 倒腌粉。
3 揉搓均匀，把蛙肉腌制好。
4 热锅下油，油量按照自己用的锅的大小，能把蛙肉淹没就行。平底锅油炸也可以，但要不停翻炒，时间也久，所以建议大家用炒锅。
5 油温达到220度后，下蛙肉。
6 炸1-2分钟，蛙肉微微焦黄就行。
7 把土豆和蛙肉炸到微微焦黄就行，就图片这个状态。
8 锅底加一点菜籽油，下入姜蒜。
9 姜蒜爆香后，加300g水。
10 下入300g底料，翻炒半分钟。
11 底料翻炒半分钟，下蛙肉。
12 下蛙肉厚煮5-8分钟，火候不同煮的时间不同，煮到汤汁浓郁的状态。
13 煮到汤汁浓郁后，下入洋葱鲜椒，翻炒。
14 翻炒到收汁，就可以出锅了。"
659460,https://home.meishichina.com/recipe-659460.html,大头菜丝拌绿豆芽,干大头菜丝：40克 | 绿豆芽：204克,,盐：适量 | 味精：适量 | 芝麻油：适量,"1 食材：干大头菜丝、绿豆芽（已清洗）。
2 将干大头菜丝用清水浸泡5到10分钟。
3 随后，将浸泡好的大头菜丝捞出控干水分。
4 将绿豆芽下入沸水中焯开，捞出。
5 用凉开水过过凉。
6 接着，将过凉好的绿豆芽捞出控干水分。
7 然后，合入大头菜丝、加适量的盐。
8 加适量的味精。
9 加适量的芝麻油。
10 调味拌匀即成。"
659459,https://home.meishichina.com/recipe-659459.html,蘑菇炒西瓜皮,西瓜皮：4块 | 蘑菇：85克,,盐：适量,"1 食材：西瓜皮、蘑菇（已洗净）。
2 将西瓜皮清洗清洗捞出。
3 放在案板上切去剩下的瓤和表皮、切成片。
4 将蘑菇放在案板上切成片。
5 起锅倒入油烧热，下入切好的蘑菇翻炒翻炒。
6 接着，合入切好的西瓜皮翻炒翻炒。
7 然后，加适量的盐。
8 调味炒匀即成。"
659458,https://home.meishichina.com/recipe-659458.html,鱼板炒夜开花,鱼板：80克 | 夜开花：1根,,盐：适量 | 味精：适量,"1 食材：鱼板、夜开花。
2 将夜开花去皮清洗清洗捞出。
3 放在案板上切成片。
4 将鱼板取80克放在案板上切成片。
5 起锅倒油烧热，下入切好的夜开花翻炒翻炒。
6 随后，加适量的水煮开、煮至夜开花熟软。
7 接着，合入切好的鱼板翻炒翻炒。
8 然后，加适量的盐。
9 加适量的味精。
10 调味炒匀即成。"
659456,https://home.meishichina.com/recipe-659456.html,茄子烧毛豆,毛豆：367克 | 茄子：3根,,酱油：适量 | 盐：适量 | 零卡糖：适量 | 味精：适量,"1 食材：毛豆、茄子。
2 将毛豆剥壳淘洗干净。
3 将茄子去蒂清洗清洗捞出。
4 放在案板上切成滚刀块。
5 起锅倒油烧热，下入切好的茄子和毛豆翻炒翻炒。
6 接着，加适量的清水。
7 加适量的酱油。
8 加适量的盐。
9 加适量的零卡糖。
10 调味烧煮5到6分钟。
11 然后，加适量的味精。
12 翻匀即成。"
659444,https://home.meishichina.com/recipe-659444.html,鸭血炒韭菜,鸭血：适量 | 韭菜：适量,葱：适量 | 姜：适量 | 蒜子：适量 | 泡椒：适量 | 青红辣椒：适量,料酒：适量 | 生抽：适量 | 蚝油：适量 | 盐：适量 | 鸡精：适量 | 白糖：适量 | 淀粉：适量,"1 鸭血切块，韭菜切段。锅里放水放盐，料酒，把鸭血倒进去，煮开。水烧开后把上面的浮沫弄掉再煮一分钟，用漏勺捞出。用冷水冲洗干净。
2 锅里热油放入葱。姜蒜，泡椒粒炒出香味。炒香后沿着锅边放一勺料酒。一勺生抽继续翻炒均匀，加入少许清水。水的量没过鸭血就可以
3 然后把鸭血倒进去。放盐，鸡精，白糖，蚝油用铲子把它搅拌均转中火烧三分钟放入青红小米辣粒。煮1分钟放入韭菜。
4 炒至断生最后淋入淀粉勾芡，汤汁收至浓稠，出锅。"
659445,https://home.meishichina.com/recipe-659445.html,洋葱炒牛肉,牛肉：适量 | 洋葱：适量,香菜：适量 | 小米椒：适量 | 蒜子：适量 | 蛋清：适量,老抽：适量 | 料酒：适量 | 蚝油：适量 | 盐，：适量 | 味精：适量 | 胡椒粉：适量 | 淀粉：适量,"1 牛肉不要洗。顺着纹理切块，然后再顺过来切成大小均匀的薄片。
2 切好的牛肉放入大碗里。放点小苏打给它抓拌均匀。多抓一抓，放点清水。给他洗干净，把水分挤干。
3 牛肉挤干净水分，放一勺生抽一勺老抽，盐，胡椒粉，一点点料酒给他抓拌均匀抓透，放入蛋清再给他抓一下，放入干淀粉。拌均匀，再放入一点点油。放旁边腌制8~10分钟。
4 香菜切段。切小米辣。蒜子，洋葱切断把它抓散。
5 锅里热油，油温4~5成热时放入牛肉不要翻动。定型以后给它搅开搅散。不要煮时间长，变色以后直接捞出
6 锅里热油放入小米辣，蒜子炒香，放入洋葱放入牛肉放半勺生抽老抽盐鸡精胡椒粉炒一下放入蚝油。不要炒太长时间，变色以后放入。香菜，出锅前淋入一点香油。"
658875,https://home.meishichina.com/recipe-658875.html,粉皮烧排骨,排骨：适量 | 粉皮：适量,八角：适量 | 桂皮：适量 | 香叶：适量 | 葱花：适量 | 姜：适量,花生油：适量 | 生抽：适量 | 蚝油：适量 | 老抽：适量,"1 排骨冷水下锅焯烫出血水后洗净。
2 八角，桂皮，香叶，姜片备用。
3 锅中热油放入香料下锅炒出香味。
4 放入排骨翻炒。
5 加入适量蚝油，生抽，老抽。
6 翻炒均匀上色入味。
7 加入适量清水。
8 大火煮开转小火一小时。
9 红薯粉皮提前泡发一下后小块。
10 排骨焖软烂后放入红薯粉皮。
11 将粉皮煮软入味即可。"
659414,https://home.meishichina.com/recipe-659414.html,火锅兔,鲜兔：500g | 笋子：150g,姜片：10g | 蒜粒：10g | 辣椒：15g | 泡椒：50g | 酸菜：50g | 花椒：10g,火娃牌清油火锅5号底料：500g | 火娃牌清油火锅3号红油：500g | 火娃牌肥兔腌粉：一斤兔15g腌粉 | 火娃调味粉：80g,"1 准备3斤兔肉，控干水分。
2 用15g肥兔腌粉加25g料酒混合腌制兔肉，这个腌粉选的是火娃牌子的，腌得比较入味，也不用其他腌粉了。
3 腌制兔肉，抓揉均匀至充分上粉。
4 这个状态就是充分上了粉。
5 准备这些辅料，泡椒和酸菜可以根据自己的口味选择性放50g。
6 兔肉下锅滑油，下完后10秒就能捞出，放一旁备用。
7 这时候开始炒料，下50g猪油。
8 把辅料倒进去，翻炒出香，最多就翻炒一分钟。
9 倒3斤白开水。
10 倒500g的底料，这个底料叫火娃清油底料3号。
11 倒80g调味粉，调味粉和底料是一套的。
12 把炸好的兔肉倒下去。
13 翻炒均匀，煮10分钟。
14 煮兔的时候，把500g红油倒进锅底。
15 煮好兔肉后，倒入红油锅底。
16 把红油翻上来，出餐！"
659429,https://home.meishichina.com/recipe-659429.html,苦瓜炒辣子,苦瓜：|根,红辣椒：|个 | 青椒：1个,盐：少许 | 松耸鲜：2勺,"1 苦瓜洗净切片放盘备用。
2 青红椒洗净备用。
3 切丝备用。
4 锅里加水烧开后加入油和盐。
5 倒入苦瓜焯烫一秒钟。
6 捞出过凉水备用。
7 另起锅倒油热后下入苦瓜片。
8 下入翻炒均匀。
9 加入盐和松耸鲜搅匀装盘。"
659074,https://home.meishichina.com/recipe-659074.html,玉米龙牙豆焖大骨,大骨：适量 | 玉米：适量 | 龙牙豆：适量,姜：适量 | 胡椒粉：适量,盐：适量,"1 龙牙豆洗净分小段。
2 玉米洗净。
3 大骨飞水。
4 放入锅里。
5 放入玉米。
6 放入龙牙豆。
7 焖熟即可。
8 开动了。"
659410,https://home.meishichina.com/recipe-659410.html,青椒炒牛肉,菜椒：400g(青椒) | 鲜牛肉：200g,,生抽：1匙 | 生粉：少许 | 鸡粉：少许 | 胡椒粉：少许 | 盐：1匙,"1 鲜牛肉切薄片，用少许生抽、生粉、胡椒粉(太干可以加一点点清水），抓拌均匀，腌制20分钟。
2 菜椒去籽，切块备用。
3 锅中倒入适量油，把肉片炒至断生，盛出备用。
4 锅中倒入适量油，倒入菜椒。
5 撒入盐。
6 以及胡椒粉。
7 还有少许鸡粉，翻炒一下，加少许清水中火焖煮2-3分钟。
8 最后加入肉片，继续翻炒2分钟即可出锅。"
659408,https://home.meishichina.com/recipe-659408.html,焖煎老豆腐,老豆腐：500g,蒜蓉辣椒：1勺,盐：1匙 | 白糖：1匙 | 陈醋：1勺 | 生抽：少许,"1 老豆腐切块，锅烧热后倒入适量油，均匀撒入盐，再把豆腐慢火煎至两面金黄。
2 舀入蒜蓉辣酱。
3 再加少许生抽。
4 以及陈醋。
5 再加点白砂糖。
6 倒入一碗清水，中小火焖煮至汤汁收干即可。"
659400,https://home.meishichina.com/recipe-659400.html,炒魔芋,魔芋豆腐：500g,蒜苗：适量 | 葱花：2颗,蚝油：1勺 | 生抽：1勺,"1 菜市场里的豆腐摊里切了一块魔芋豆腐。
2 切成条焯水备用，切好蒜末葱段备用。
3 大火爆炒牛肉段生后加入蒜泥和葱、加入焯过水的魔芋丝，加入适量的蚝油、生抽炒匀后即可出锅。
4 味道和吃肉一样的好吃??减肥必备。"
659399,https://home.meishichina.com/recipe-659399.html,粉蒸排骨,肋排：3根,米粉：1袋,生抽：4匙 | 耗油：1匙 | 姜片：5块 | 豆瓣酱：3匙 | 大蒜瓣：5个 | 白胡椒粉：1匙,"1 购买新鲜肋排。
2 面粉浸泡，洗净。
3 加入适量调料，抓匀。
4 加入米粉，抓匀腌制一夜。
5 上锅蒸一个多小时。"
659384,https://home.meishichina.com/recipe-659384.html,酸辣土豆丝,土豆：适量,干辣椒：适量 | 蒜：适量,醋：适量 | 鸡精：适量 | 白糖：适量 | 盐：适量,"1 土豆切成大小均匀的丝，放水里多洗几遍，洗到水干净，放清水里泡10-20分钟。
2 水开把土豆丝放进去焯水，放点白醋。再次煮开，马上捞出。控干水分。
3 锅里热油放入干辣椒，蒜，炒出香味。放入土豆丝放第一遍醋。大火翻炒均匀放鸡精白糖，盐，翻炒放第二遍醋。翻炒均匀。放辣椒油出锅。
4 锅里热油放入干辣椒，蒜，炒出香味。放入土豆丝放第一遍醋。大火翻炒均匀放鸡精白糖，盐，翻炒放第二遍醋。翻炒均匀。放辣椒油出锅。"
659397,https://home.meishichina.com/recipe-659397.html,咸菜鱼板炒毛豆,毛豆：287克 | 咸菜：145克 | 鱼板：80克,,盐：适量 | 味精：适量,"1 食材：毛豆、咸菜（已清洗）、鱼板。
2 将毛豆剥壳淘洗干净。
3 将咸菜放在案板上切碎，鱼板切成片。
4 将毛豆下入沸水中焯上5到6分钟捞出。
5 起锅倒入油烧热，下入切好的咸菜、鱼板和焯好的毛豆翻炒翻炒。
6 然后，加适量的盐。
7 加适量的味精。
8 调味炒匀即成。"
659383,https://home.meishichina.com/recipe-659383.html,韭菜炒豆干,韭菜：适量 | 豆腐干：适量,红辣椒：适量 | 蒜：适量,盐：适量 | 糖：适量 | 味精：适量 | 料酒：适量 | 生抽：适量 | 蚝油：适量,"1 韭菜切断。豆干切成大小均匀的丝，肉切丝，红椒切丝。
2 锅里水开把豆干放进去焯水。放点盐。再次水开10多秒盛出。
3 锅里热油放点猪油。肉丝放进去炒熟。放蒜花放豆干，放红椒丝，放料酒，半勺生抽，蚝油。鸡精，白糖，盐！大火翻炒均匀。放入韭菜。把韭菜炒嫩出锅。"
659381,https://home.meishichina.com/recipe-659381.html,酱豆腐家常版,豆腐：5斤（可自行增减）,菜籽油：适量,香叶/草果：3片/1个 | 姜/八角：3片/1个 | 葱段：3块 | 生抽酱油/耗油：各1勺/0.5勺 | 盐/鸡精：按自家咸淡加 | 太太乐鸡汁：20克 | 黄冰糖：适量（不吃可不放）,"1 豆腐切成相同的块儿，用厨房用纸吸水（不用也可以但有可能会嘣油）
2 豆腐顺锅边放不容易烫伤，2分钟左右再翻面。待豆腐呈金黄色飘起，说明已炸透。想吃软的现在捞出，想吃硬的再多炸一会儿。
3 葱姜爆锅，爆香调料（调料提前放入碗中，一起倒入锅中爆香），加入热水盖过豆腐，放鸡汁和冰糖。（可以把热水换成鸡汤，临时起意酱豆腐我改成鸡汁了，一样好吃），煮10分钟关火，浸泡一夜更好吃??
4 开吃??"
659260,https://home.meishichina.com/recipe-659260.html,黄瓜炒虾仁,冷冻生南美白虾：十五只 | 黄瓜：一根,熟玉米粒：一把 | 熟豌豆：一把 | 蒜：少许,花生油：少许 | 盐：少许 | 白胡椒粉：少许 | 料酒：少许,"1 冷冻生南美白虾，备用。
2 把虾去壳去线，清洗干净后放入盘中，滴少量料酒，抓匀后，腌制一会儿即可。
3 黄瓜洗干净，切丁，备用。
4 熟玉米粒和豌豆，备用。
5 蒜剁碎，备用。
6 锅中倒入少许油，放入虾仁翻炒变色，再放入蒜末炒香，继续放入黄瓜丁、熟豌豆和熟玉米粒加少许盐和白胡椒粉调味，翻炒片刻即可。
7 出锅装盘。
8 鲜香美味。"
659377,https://home.meishichina.com/recipe-659377.html,鲍鱼油焖笋,闽正鲍鱼：5只 | 春笋：1根,葱花：少许,生抽：2勺 | 老抽：1勺 | 料酒：3勺 | 糖：5克 | 盐：适量,"1 鲍鱼取肉去黑膜去内脏，清洗干净后切花刀备用。
2 春笋切段，取锅加水烧热，放少许盐，放入春笋焯水3分钟盛出沥干备用。
3 将料酒、生抽、老抽、糖混合均匀制作料汁。
4 水倒掉后，加多一些油，放笋段翻炒。
5 倒入料汁和鲍鱼，翻炒至大火收汁，鲍鱼不宜烧得太久以免口感老。
6 撒上葱花，盛出装盘即可。"
659265,https://home.meishichina.com/recipe-659265.html,千张炒香芹,千张：适量 | 香芹：适量,黄豆酱：适量 | 生抽：适量 | 大蒜：适量,盐：适量,"1 香芹洗净切段。
2 千张切丝。
3 锅子烧热放入千张。
4 放入适量黄豆酱。
5 加入适量生抽。
6 放入香芹翻炒入味。
7 调味即可。
8 开动了。"
659373,https://home.meishichina.com/recipe-659373.html,炒时蔬,西红柿：1个 | 元葱：1个,豌豆粒：适量 | 料酒：适量,盐：适量,"1 西红柿切成丁。
2 豌豆粒焯水。
3 锅中放适量的食用油，先炒元葱丁。
4 再加入豌豆、少许料酒粒翻炒。
5 加入西红柿，加入适量盐、全程快速翻炒。
6 快速翻炒。
7 炒至入味即可出锅。
8 出锅装盘，颜色美观、红、绿、紫三种颜色，诱人食欲，且有营养。
9 早餐还准备了:银耳羹、煮鸡蛋、煮玉米、红枣、及樱桃，加炒时蔬，提供了身体一上午的能量需求。"
659368,https://home.meishichina.com/recipe-659368.html,冰糖肘子,肘子：适量,冰糖：适量 | 黄豆酱：适量 | 生抽：适量 | 老抽：适量 | 香叶：适量 | 桂皮：适量 | 姜：适量 | 洋葱：适量 | 胡椒粉：适量,姜：适量,"1 肘子飞水。
2 锅子烧热放入冰糖。
3 炒好糖色后加入热水放入肘子。
4 加入适量生抽老抽。
5 加入适量黄豆酱。
6 加入材料小火炖一个半小时。
7 取出用刀划几道。
8 取适量煮肘子汤水，加入水淀粉。
9 淋在肘子上。
10 开动了。"
659363,https://home.meishichina.com/recipe-659363.html,荷叶蒸鸡,土鸡：半只,香菇：50g | 虫草花：15g | 红枣：8颗 | 姜丝：10g | 葱：5g,花生油：1勺 | 盐：3g | 酱油：1勺 | 蚝油：1勺 | 胡椒粉：1匙 | 生粉：1勺,"1 半只鸡。
2 剁成块。
3 准备香菇、虫草花、红枣。
4 姜丝、葱适量。
5 把所有食材倒一起。
6 放入盐、酱油、蚝油、胡椒粉、生粉抓拌均匀，最后淋入花生油锁住水分，腌制时间为半小时。
7 荷叶放锅里煮10分钟，把叶子煮软，并起到高温消毒的作用。
8 把荷叶张开。
9 把腌制好的鸡肉放入荷叶里。
10 包裹起来，入蒸锅。
11 蒸30分钟。
12 时间到。
13 成品。荷叶蒸鸡，鲜香嫩滑，还带有荷叶的清香。"
658793,https://home.meishichina.com/recipe-658793.html,大葱烧鸡腿,鸡腿：适量,大葱：适量,花生油：适量 | 玉米淀粉：适量 | 生抽：适量 | 蚝油：适量 | 老抽：适量,"1 鸡腿洗净斩块。
2 加入适量玉米淀粉，生抽，老抽，蚝油，花生油。
3 抓拌均匀腌制半小时左右。
4 大葱洗净切细。
5 碗中适量薄盐，蚝油搅拌均匀备用。
6 锅中热油放入鸡腿。
7 将鸡腿摊平开。
8 中小火煎至两面金黄。
9 倒入料汁。
10 放入大葱。
11 大火快速翻炒均匀即可出锅。"
659348,https://home.meishichina.com/recipe-659348.html,原味荔枝菌,荔枝菌：适量,油：适量,盐：适量,"1 荔枝菌洗净。
2 加入适量盐。
3 加入适量油。
4 拌匀。
5 大火蒸15分钟即可。
6 漂亮啊。
7 开动了，又香又鲜。"
659347,https://home.meishichina.com/recipe-659347.html,番茄煮油三角,油三角：130克 | 番茄：3个,,盐：适量 | 零卡糖：适量,"1 食材：油三角、番茄（已清洗）。
2 将番茄放在案板上划个十字刀。
3 放入大盆里，用开水泡一会儿，去皮。
4 放在案板上切成块。
5 起锅倒油烧热，下入切好的番茄翻炒翻炒。
6 接着，合入油三角加适量的清水。
7 加适量的盐。
8 加适量的零卡糖。
9 调味煮上5分钟即成。"
659346,https://home.meishichina.com/recipe-659346.html,白腐乳菠菜,白腐乳：3块 | 菠菜：480克,,,"1 食材：白腐乳、菠菜。
2 取白腐乳3块放入碗中。
3 接着，用勺子捣碎。
4 将菠菜去根洗净捞出。
5 放在案板上切开。
6 随后，在清水加适量的盐。
7 加适量的油。
8 煮开。
9 接着，下入切开的菠菜焯一下捞出。
10 用清水过过凉。
11 然后，将过凉好的菠菜控干水分。
12 起锅倒油烧热，下入菠菜加入捣碎的白腐乳。
13 翻炒翻炒即成。"
657374,https://home.meishichina.com/recipe-657374.html,蘸汁儿菜,儿菜：适量,剁椒：适量 | 大蒜：适量,醋：适量 | 香油：适量 | 酱油：适量,"1 儿菜用盐水浸浸泡，洗净控水。
2 外皮稍微处理一下。
3 将儿菜切片备用。
4 汤锅入水煮沸，放入儿菜煮熟。
5 碗中加入酱油，醋，香油，剁椒，蒜片拌匀。
6 清爽又低脂，好吃无负担。"
645416,https://home.meishichina.com/recipe-645416.html,蔬菜虾仁厚蛋饼,胡萝卜：1根 | 西葫芦：半根 | 虾仁：8个 | 面粉：适量,鸡蛋：2个 | 花生油：1勺,盐：1匙 | 五香粉：半匙,"1 胡萝卜西葫芦洗干净切丝。
2 放盐，五香粉，打入鸡蛋，
3 搅拌均匀后加入面粉。
4 搅拌均匀成糊状。
5 四孔锅烧热刷油，舀入面糊7分满，摆入虾仁。
6 底部煎金黄色翻面。
7 煎2面金黄，按压蛋饼有弹性即可关火。"
659344,https://home.meishichina.com/recipe-659344.html,带豆土豆烧油三角,油三角：180克 | 土豆：3个 | 带豆：240克,,酱油：适量 | 盐：适量 | 零卡糖：适量,"1 食材：油三角、土豆、带豆。
2 将带豆折段清洗清洗捞出。
3 将土豆洗净捞出、去皮。
4 放在案板上切成块。
5 起锅倒油烧热，下入切好的土豆翻炒翻炒。
6 接着，合入带豆和油三角加适量的清水。
7 加适量的酱油。
8 加适量的盐。
9 加适量的零卡糖。
10 调味烧煮开。
11 然后，烧煮至汤汁差不多了土豆熟软即成。"
659342,https://home.meishichina.com/recipe-659342.html,粽叶鸡翅中,鸡翅中：270克,粽叶：十几张 | 棉线：适量 | 姜片：适量,料酒：适量 | 酱油：适量 | 盐：适量 | 零卡糖：适量,"1 食材：鸡翅中（已清洗）、粽叶、棉线、姜片。
2 将鸡翅中放在案板上正反用刀划上几刀。
3 放入盘中，搁入姜片、加适量的料酒。
4 加适量的酱油。
5 加适量的盐。
6 加适量的零卡糖。
7 调味拌匀腌制2个小时。
8 接着，取粽叶放入腌制好的鸡翅中。
9 将鸡翅中包好，绑上棉线。
10 放入盘中。
11 然后，放入炒锅里盖上盖，开锅隔水蒸15到20分钟关火。
12 开盖取出。
13 最后，解去棉线剥壳粽叶可以吃吃了。"
658767,https://home.meishichina.com/recipe-658767.html,茄汁荷包蛋,鸡蛋：适量,葱花：适量 | 蒜蓉：适量,花生油：适量 | 番茄酱：适量 | 玉米淀粉：适量 | 白糖：适量,"1 适量鸡蛋和香葱备用。
2 蒜头拍扁剁碎备用。
3 碗里加入番茄酱，适量白糖和玉米淀粉，加入清水搅拌均匀备用。
4 锅中热油打入鸡蛋煎成荷包蛋。
5 将荷包蛋全部煎备用。
6 锅中热油炒香蒜蓉。
7 倒入料汁。
8 大火煮开，放入荷包蛋。
9 煮开转中小火将鸡蛋焖煮入味，出锅前加入少许葱花即可。"
659118,https://home.meishichina.com/recipe-659118.html,土豆洋葱炒肉丝,土豆：适量 | 洋葱：适量 | 瘦肉：适量,生抽：适量 | 生粉：适量 | 胡椒粉：适量 | 姜：适量 | 大蒜：适量,盐：适量,"1 瘦肉切丝。
2 加入适量生抽老抽胡椒粉糖盐拌匀。
3 洋葱切片。
4 土豆切丝泡水防氧化。
5 锅子烧热放入肉丝翻炒。
6 放入土豆丝。
7 放入洋葱翻炒。
8 调味即可。
9 开动了。"
659293,https://home.meishichina.com/recipe-659293.html,千张蒸猪手,猪手：适量 | 千张：适量,生姜：适量 | 生抽：适量 | 老抽：适量 | 黄豆酱：适量 | 冰糖：适量,盐：适量,"1 千张卷起打结。
2 猪手飞水。
3 冰糖融化后放入猪手。
4 加入适量生抽老抽。
5 加入适量黄豆酱炒香。
6 放入千张炒入味。
7 码盘蒸50分钟。
8 开动了。
9 好吃。"
659333,https://home.meishichina.com/recipe-659333.html,油炸薄荷,新鲜薄荷叶：适量,鸡蛋：一个 | 面粉：适量（中粉) | 苏打粉：3克,盐：适量 | 色拉油：适量,"1 把新鲜薄荷加盐浸泡一会后清洗干净，沥干水分备用。
2 在一个碗中加入面粉苏打粉盐混合均匀，加入鸡蛋水搅匀，静置一会。
3 锅中倒入油，等油温升高。
4 把薄荷叶放入到面糊中，让薄荷叶均匀的裹上一层薄薄的面糊。
5 把沾有面糊的薄荷放入到锅中，中途记得翻面，等到薄荷叶两面出现金黄色捞出。
6 装盘即可食用。"
659331,https://home.meishichina.com/recipe-659331.html,红烧黑鱼,黑鱼：一条,蘑菇：少许,糖：少许 | 醋：少许 | 生抽：少许 | 红辣椒：少许,"1 黑鱼剁块，焯水，去掉粘液。
2 菇子焯水备用。
3 备好调料。
4 鱼下锅，油煎定型。
5 放调料，加醋生抽温水。
6 大火烧开，转小火煮10分钟。
7 放入菇子再煮10分钟，夹去煮黄的葱和辣椒。
8 重新放入备好的葱末和辣椒末，大火收汁，就齐活了。"
659328,https://home.meishichina.com/recipe-659328.html,山茶油炒鸡,土鸡：一只1500g,大蒜：适量 | 生姜：适量 | 香葱：适量 | 酸辣椒：适量 | 酸萝卜：适量,婺百村土榨山茶油：适量 | 生抽：适量 | 老抽：适量 | 料酒：适量 | 盐：适量 | 糖：适量 | 桂皮：一小段 | 八角：两颗,"1 处理鸡肉：将鸡洗净后切成小块，大小适中以便快速熟透并入味。可以保留部分带皮带骨的部分，以增加口感层次。用少量料酒、盐、少许生抽腌制鸡肉大约20分钟，让其初步入味。
2 准备配料：生姜切片，大蒜拍碎，辣椒切段，葱切段备用。
3 炒制过程：大火热锅，加入山茶油，待油温升至七成热时（约180°C），先下入姜片、桂皮、八角和部分蒜瓣，小火炸香。转大火，迅速将腌好的鸡肉倒入锅中，快速翻炒，使鸡肉表面均匀受热，炒至鸡肉变色，表面略显金黄。加入剩余的大蒜、酸辣椒、酸萝卜和一半的葱段，继续翻炒，让香味充分融合。按个人口味加入适量的生抽、老抽调色，加入一小勺糖提鲜，继续翻炒均匀。根据需要，可加入少量水或鸡汤，转中小火，盖上锅盖焖煮几
4 装盘享用：将炒好的山茶油炒鸡装盘，香气四溢，色泽诱人，搭配一碗热腾腾的白米饭，绝对是不可多得的美味。"
658749,https://home.meishichina.com/recipe-658749.html,菠萝咕噜排骨,肋排：适量,菠萝：适量,花生油：适量 | 小酥肉粉：适量 | 生抽：适量 | 蚝油：适量 | 玉米淀粉：适量 | 番茄酱：适量 | 白醋：适量 | 白糖：适量,"1 猪肋排改刀切块抓洗干净。
2 排骨加入生抽，蚝油，玉米淀粉。
3 抓拌均匀加入适量花生油锁住水份，腌制入味。
4 菠萝切小块后用盐水浸泡着备用。
5 小酥肉粉加入鸡蛋，搅拌均匀成酸奶状的面糊。
6 排骨均匀裹上面糊。
7 锅中热油把排骨下锅。
8 小火将排骨炸定型后捞出。
9 锅中油温升高后把排骨下锅复炸几秒后捞出。
10 碗中加入番茄酱，玉米淀粉，白糖，白醋，加入适量清水搅拌均匀。
11 将酱汁倒入锅中煮开至浓稠。
12 放入炸好的排骨。
13 放入菠萝。
14 大火快速翻炒收汁，让排骨均匀裹上酱汁即可。"
659161,https://home.meishichina.com/recipe-659161.html,洋葱炒千张丝,洋葱：适量 | 千张：适量,黄豆酱：适量 | 生抽：适量,盐：适量,"1 洋葱切片。
2 千张切丝。
3 锅子烧热放入千张丝。
4 加入适量黄豆酱。
5 放入洋葱翻炒。
6 调味即可。
7 开动了。"
659264,https://home.meishichina.com/recipe-659264.html,青橄榄炖腱子肉,橄榄：适量 | 腱子肉：适量,姜：适量,盐：适量,"1 青橄榄洗净。
2 砍断。
3 腱子肉飞水。
4 放入青榄。
5 放入大碗里。
6 加入适量矿泉水，蒸半小时即可。
7 开动了。"
659162,https://home.meishichina.com/recipe-659162.html,肉片浸春菜,瘦肉：适量 | 春菜：适量,姜：适量 | 大蒜：适量 | 生抽：适量 | 胡椒粉：适量,盐：适量,"1 春菜洗净。
2 材料如下。
3 切段。
4 叶子分开。
5 瘦肉切片。
6 锅子烧热放入肉片。
7 炒香后放入春菜梗。
8 放入春菜叶翻炒后煮十五分钟。
9 开动了。"
659310,https://home.meishichina.com/recipe-659310.html,牛肉炒芽菜,鲜牛肉：200g | 绿豆芽：350g,生姜：少许,盐：1匙 | 胡椒粉：少许 | 生粉：1匙 | 生抽：1匙,"1 鲜牛肉切薄片备用。
2 生姜切丝备用。
3 肉片用少许生粉、生抽、胡椒粉抓拌均匀，腌制20分钟。
4 锅中倒入适量油，爆香姜丝。
5 倒入肉片，快速翻炒。
6 炒至断生盛出备用。
7 锅中留底油，直接倒入绿豆芽，撒入盐，翻炒一下。
8 炒至豆芽软身即可倒入肉片继续翻炒。
9 最后倒入少许生抽再炒两分钟即可。"
659165,https://home.meishichina.com/recipe-659165.html,四季豆千张焖鸡腿肉,四季豆：适量 | 千张：适量 | 鸡腿肉：适量,姜：适量 | 大蒜：适量 | 黄豆酱：适量 | 生抽：适量,盐：适量,"1 鸡腿肉飞水。
2 四季豆洗净分段。
3 千张切丝。
4 锅子烧热放入鸡腿肉。
5 放入四季豆。
6 放入适量黄豆酱。
7 放入千张焖至收汁。
8 开动了。"
659297,https://home.meishichina.com/recipe-659297.html,青椒炒肚片,猪肚：适量 | 薄皮青椒：适量,蒜：适量 | 姜：适量,油：适量 | 盐：适量 | 料酒：适量 | 生抽：适量,"1 猪肚处理干净煮熟切条（猪肚的烧煮以前发过菜谱）。
2 薄皮青椒去籽洗净切粗丝，姜蒜切片。
3 热锅冷油，放入姜蒜青椒翻炒均匀。
4 放入猪肚，加盐、料酒生抽调味炒匀。"
658715,https://home.meishichina.com/recipe-658715.html,黑椒牛肉粒,牛肉粒：适量,彩椒：适量 | 洋葱：适量,花生油：适量 | 蚝油：适量 | 黑椒酱：适量 | 盐：适量,"1 牛肉粒提前解冻一下。
2 将牛肉粒改刀细小块一些。
3 加入适量蚝油，黑椒酱，抓拌均匀腌制。
4 彩椒和洋葱洗净改刀切小块。
5 锅中热油放入牛肉粒。
6 中小火煎牛肉粒，喜欢焦香的可以煎到金黄。
7 放入彩椒。
8 翻炒均匀。
9 放入洋葱。
10 少许盐调味。
11 大火快速翻炒均匀即可。"
659273,https://home.meishichina.com/recipe-659273.html,芹菜炒肉,芹菜：适量 | 猪肉：适量,辣椒段：适量,油：适量 | 盐：适量 | 酱油：适量 | 味精：适量 | 十三香：适量,"1 猪肉切片，不要太薄了，一个硬币那么厚就可以。
2 芹菜叶清理下，然后芹菜切断，用开水焯水3分钟。
3 锅里放入油，先炒猪肉，然后放入芹菜，加入调料放入喜欢的蒜葱，炒5分钟。
4 成品，开吃。"
658988,https://home.meishichina.com/recipe-658988.html,自创版钵钵鸡,金针菇：适量 | 木耳：适量 | 藕片：适量 | 鸡翅尖：适量 | 鸭肾：2个,子姜：适量 | 蒜蓉：适量 | 柠檬：1个 | 咸酸梅：5个 | 辣椒：适量,陈醋：5勺 | 白糖：3勺 | 生抽：适量,"1 把食材准备好。
2 切好备用。
3 把所有食材混合在一起，加入适量的盐、白糖、陈醋、泡椒水、生抽、冰块拌匀。
4 金针菇焯水备用。
5 所有的食材都煮熟备用。
6 用竹签串好。
7 泡入调好的汁水中。
8 因为不喜欢油腻的，所以辣椒油都没有放，有点泡椒凤爪的味道了。"
658672,https://home.meishichina.com/recipe-658672.html,黑椒牛排骨,牛排骨：适量,彩椒：适量 | 洋葱：适量 | 姜片：适量,花生油：适量 | 生抽：适量 | 蚝油：适量 | 老抽：适量 | 黑椒酱：适量,"1 牛排骨清水泡发去血水洗净备用。
2 生姜切片。
3 彩椒，洋葱切块备用。
4 锅中热油放入姜片炒香。
5 放入牛排骨翻炒炒干水份。
6 加入生抽，蚝油，老抽，黑椒酱。
7 翻炒均匀上色入味。
8 加入适量清水。
9 电高压锅牛羊肉焖煮入味。
10 锅中热油放入彩椒和洋葱翻炒。
11 加入焖好的牛排骨。
12 翻炒入味，彩椒断生收汁即可。"
658696,https://home.meishichina.com/recipe-658696.html,紫苏叶炒牛肉,牛肉：适量,紫苏叶：适量,花生油：适量 | 生抽：适量 | 老抽：适量 | 蚝油：适量 | 玉米淀粉：适量,"1 牛肉洗净切薄片。
2 加入玉米淀粉先抓匀。
3 加入蚝油，老抽抓拌均匀。
4 加入花生油抓匀锁住水份。
5 紫苏洗净改刀切细一些。
6 锅中热油放入牛肉。
7 将牛肉滑开炒散。
8 炒至八分熟。
9 放入紫苏叶。
10 适量生抽调味。
11 大火快速翻炒均匀即可。"
659239,https://home.meishichina.com/recipe-659239.html,豉香青椒炒腊肠,腊肠：3根 | 青椒：3个,葱：1段 | 姜：3片 | 蒜：5瓣,豉香川辣酱：1包 | 鸡精：1勺,"1 快手菜，特别适合上班族。
2 腊肠切片，青椒去籽切片，葱姜蒜改刀。
3 锅中倒油，油微热下腊肠，小火炒出油脂，盛出。
4 锅留底油，倒入葱姜蒜，炒香。
5 倒入青椒，炒两三分钟，倒腊肠。
6 倒入炒好的腊肠，加一包豉香川辣酱、鸡精，炒匀出锅。
7 青椒的清新与腊肠的醇香完美融合。
8 咸香不腻，开胃又下饭。
9 好好吃"
659237,https://home.meishichina.com/recipe-659237.html,红辣椒炒空心菜梗,空心菜：400g,红辣椒：一个,食用油：少许 | 盐：少许 | 蒜瓣：少许 | 胡椒粉：少许 | 猪油：少许 | 生抽：少许,"1 蒜瓣切成片备用。
2 空心菜摘洗干净备用，可以撒一点点盐杀一下水份。
3 红辣椒一个切片。
4 热锅凉油，加入食用油再加少许猪油，倒入空心菜梗辣椒蒜片大火颠炒片刻，再加入盐生抽胡椒调味即成。
5 装盘。
6 再来张成品图。"
659228,https://home.meishichina.com/recipe-659228.html,上汤苋菜,青苋菜：一把 | 皮蛋：2个 | 猪肉：80g,蒜：2瓣,油：1勺 | 盐：2g | 胡椒粉：1匙,"1 苋菜清洗干净。
2 皮蛋切小块，蒜切片。
3 适量的肉末。
4 起锅烧油，爆香蒜片。
5 倒入肉末。
6 肉末炒至变色，倒入皮蛋。
7 皮蛋炒香。
8 加入适量的开水，汤汁煮至浓白。
9 放入苋菜。
10 苋菜煮软后，加入盐和胡椒粉调味即可。"
659214,https://home.meishichina.com/recipe-659214.html,蒸鲈魚,鲈魚：1条,西兰花：1朵（点缀用） | 豌豆：适量 | 黄椒碎：适量 | 小红椒圈：少许 | 姜：3片 | 元葱：3片,料酒：适量 | 食用油：适量 | 白灼汁：适量 | 盐：少许,"1 将鲈魚收拾干净，魚身切花刀。
2 加入适量料酒、盐、元葱片、姜片腌制入味。
3 锅中水烧开，放入魚盘蒸10分钟，然后倒出盘中的汁水(小心烫手呦，倒掉第一遍蒸魚的汁水不腥)。
4 捡出姜片、元葱片，加入适量的白灼汁、食用油、豌豆、黄椒碎点缀，再蒸3分钟取出，红椒圈点缀。"
659211,https://home.meishichina.com/recipe-659211.html,牛筋炒四季豆,牛筋：适量 | 四季豆：适量,姜：适量 | 红葱头：适量 | 干辣椒：适量,油：适量 | 盐：适量 | 料酒：适量 | 生抽：适量,"1 四季豆折去两端，掰成段，清洗干净。
2 沸水中加点盐，放入四季豆焯水八分熟捞出过凉。
3 熟牛筋切片，姜、红葱头、干辣椒切好。
4 热锅冷油，先后放入葱姜辣椒、牛筋翻炒。
5 烹入料酒、生抽上色。
6 放入四季豆炒匀，加少许水盖盖焖2分钟，加盐调味。"
659210,https://home.meishichina.com/recipe-659210.html,羊尾笋洋芋艿煮夜开花,羊尾笋：110克 | 夜开花：2根 | 洋芋艿：3只,,盐：适量 | 味精：适量,"1 食材：羊尾笋、夜开花、洋芋艿。
2 将羊尾笋用清水浸泡1小时半抽去一部分盐份。
3 将洋芋艿洗净捞出。
4 放入高压锅里，加适量的清水。
5 盖上盖上气烧煮2到3分钟关火。
6 焖至没气后开盖捞出
7 放在案板上晾凉剥去皮。
8 切成块。
9 将夜开花清洗清洗捞出去皮。
10 放在案板上切成滚刀块。
11 将泡好的羊尾笋捞出放在案板上切成段。
12 起锅倒油烧热，下入切好的夜开花翻炒翻炒。
13 接着，加适量的清水煮上6分钟。
14 然后，合入切好的羊尾笋和洋芋艿翻动翻动煮上2分钟。
15 最后，加适量的盐。
16 加适量的味精。
17 调味翻匀即成。"
659209,https://home.meishichina.com/recipe-659209.html,黑木耳鸡蛋烧油三角,鸡蛋：4只 | 油三角：140克 | 黑木耳：10克,,酱油：适量 | 盐：适量 | 零卡糖：适量,"1 食材：鸡蛋（已煮熟）、油三角、黑木耳（已泡发清洗）。
2 将鸡蛋剥壳。
3 起锅倒油烧热，下入剥好的鸡蛋翻炒翻炒。
4 接着，将合入油三角和黑木耳加适量的清水。
5 加适量的酱油。
6 加适量的盐。
7 加适量的零卡糖。
8 调味烧煮开。
9 然后，烧煮至汤汁差不多了即成。"
658646,https://home.meishichina.com/recipe-658646.html,土豆焖羊肉,羊肉：适量 | 土豆：适量,生姜：适量 | 八角：适量 | 香叶：适量,花生油：适量 | 生抽：适量 | 蚝油：适量 | 老抽：适量 | 盐：适量,"1 羊肉冷水下锅焯烫出血水。
2 生姜，八角，香叶备用。
3 土豆去皮切滚刀块。
4 锅中热油炒出香味。
5 放入羊肉翻炒炒干水份。
6 加入适量蚝油，生抽，老抽。
7 翻炒均匀上色。
8 加入适量清水。
9 羊肉转入电高压锅中。
10 电高压锅牛羊肉至程序结束。"
659192,https://home.meishichina.com/recipe-659192.html,清蒸马鲛鱼,马鲛鱼：2片,料酒：适量 | 白灼汁：适量 | 小葱花：适量,盐：适量,"1 马鲜魚邮来是两块一袋真空包装的，鲜冻后反复洗净，放入盘中，加入适量料酒少许盐腌制20至30分钟，倒出腌汁，加入白灼汁，锅中水烧开后蒸12分钟（中途蒸6分钟取出盘子倒出盘中汁水，再加入少许白灼汁蒸6分钟取出。
2 撒上小葱花点缀，汁鲜魚嫩，补充蛋白质。
3 马鲛魚肉质鲜嫩，不油不腻，老少皆宜。"
659203,https://home.meishichina.com/recipe-659203.html,青椒虾仁炒茭白,茭白：2株 | 青椒：1个 | 虾仁：125克,,料酒：适量 | 盐：适量 | 酱油：适量,"1 食材：茭白（已剥壳清洗）、青椒（已去蒂去籽清洗）、虾仁（已清洗）。
2 将青椒放在案板上切成块、茭白切成片。
3 将虾仁放在案板上背部划开去虾线。
4 放入碗中加适量的料酒。
5 拌匀。
6 将切好的茭白下入沸水锅中焯上1到2分钟捞出。
7 起锅倒油烧热，下入切好的青椒翻炒翻炒至断生。
8 接着，合入焯好的茭白和虾仁翻炒翻炒。
9 然后，加适量的盐。
10 加适量的酱油。
11 调味炒匀即成。"
659201,https://home.meishichina.com/recipe-659201.html,猪肉海带结烧油三角,猪肉：215克 | 海带结：50克 | 油三角：140克,,料酒：适量 | 酱油：适量 | 盐：适量 | 零卡糖：适量,"1 食材：猪肉（已清洗）、海带结（已提前泡发）、油三角。
2 将猪肉放在案板上切成片。
3 起锅倒油烧热，下入切好的猪肉翻炒翻炒。
4 接着，加适量的料酒。
5 加适量的开水。
6 烧煮15分钟。
7 然后，合入海带结和油三角、加适量的酱油。
8 加适量的盐。
9 加适量的零卡糖。
10 调味继续烧煮。
11 最后，烧煮至汤汁差不多了即成。"
659200,https://home.meishichina.com/recipe-659200.html,尖椒炒口蘑,口蘑：200g,尖椒：1个 | 蒜：3-5瓣,蚝油：1匙 | 酱油：1匙,"1 洗干净，口蘑切片，辣椒切片，蒜切片。
2 热油爆香蒜片和辣椒片。
3 放入口蘑片，炒炒炒。
4 炒软以后，调一点蚝油和酱油汁。"
659196,https://home.meishichina.com/recipe-659196.html,干锅土豆粒,土豆：2个 | 洋葱：1/4个 | 芹菜：6-7根 | 腊肉：1块,剁辣椒酱：2勺,辣椒料：1勺,"1 都是剩菜，洗洗去皮。
2 土豆切小粒，过一下水，腊肉切小粒，芹菜切小段，洋葱切小粒。
3 小火煸炒腊肉出油。
4 倒入土豆粒炒熟，后面没来得及拍照，就是把洋葱和芹菜也倒进去炒炒炒，放两勺剁辣椒酱，放一小袋干辣椒调料。
5 炒炒炒匀。"
659195,https://home.meishichina.com/recipe-659195.html,虾滑白菜煲,虾：300g | 白菜：150g,胡椒粉：1匙 | 盐：1匙 | 淀粉：1勺 | 蛋清：1个,蚝油：1匙 | 酱油：1勺,"1 虾和白菜。
2 虾去皮，虾头留下。
3 虾仁对半切开，取虾线。
4 虾仁剁成虾泥。
5 打一个鸡蛋清。
6 加入盐，胡椒粉调味，搅打均匀，加一点玉米淀粉，继续搅上劲。
7 砂锅烧热，干煸虾头，好多网友都放油，我……没放。
8 虾头变红，挤出虾脑。
9 加热水大火烧开。
10 撇去浮沫，下入虾滑。
11 继续撇去浮沫。
12 虾滑定型以后，放入白菜。
13 白菜软了以后，就熟了，放一丢丢蚝油和酱油调整即可。"
659158,https://home.meishichina.com/recipe-659158.html,秋葵蒸牛肉,牛肉：适量 | 秋葵：适量,葱花：适量,花生油：适量 | 老抽：适量 | 沙茶酱：适量 | 玉米淀粉：适量 | 蚝油：适量,"1 牛肉洗净切薄片。
2 加入玉米淀粉，蚝油，老抽，沙茶酱。
3 抓拌均匀加入花生油拌匀锁住水份。
4 秋葵洗净切去头尾。
5 锅中水开加入花生油，秋葵下锅焯烫。
6 焯烫过的秋葵摆放在盘中。
7 牛肉均匀的铺在秋葵上。
8 锅中水开，牛肉上锅。
9 大火蒸8至10分钟左右，出锅来一把葱花即可。"
659168,https://home.meishichina.com/recipe-659168.html,莴笋炒虾仁,莴笋：两根 | 冷冻生南美白虾：十五只,姜：少许,花生油：少许 | 盐：少许 | 料酒：少许 | 白胡椒粉：少许,"1 冷冻生南美白虾，备用。
2 把虾去壳去线，清洗干净后放入盘中，滴少量料酒，抓匀后，腌制一会儿即可。
3 莴笋刮皮，洗净，斜切片，备用。
4 姜切丝，备用。
5 锅中倒入少许油，放入虾仁翻炒变色，再放入姜丝煸炒，继续放入莴笋片加少许盐和白胡椒粉调味，翻炒片刻即可。
6 出锅装盘即食。
7 清淡可口。"
659171,https://home.meishichina.com/recipe-659171.html,蒜香黄油煎大虾,新鲜大虾：15只,蒜：2瓣 | 柠檬：半颗,黄油：10克 | 橄榄油：20ml | 黑胡椒：适量 | 盐：适量,"1 虾去壳，去虾线后洗净，擦干水分备用。
2 蒜瓣切成较细的蒜蓉备用。
3 取锅加热，倒入橄榄油，并放入黄油，融化后加入蒜蓉拌匀。
4 放入虾仁煎熟一面，翻面撒上盐和黑胡椒。
5 来回翻几次面后挤上柠檬汁，将汤汁收一下即可装盘（可依据喜好撒上点香菜）。"
658559,https://home.meishichina.com/recipe-658559.html,南瓜炒肉沫,南瓜：适量,肉沫：适量,花生油：适量 | 蒜头：适量,"1 前腿肉洗净绞碎备用。
2 南瓜去皮洗净切片。
3 锅中热油爆香蒜头。
4 放入南瓜翻炒。
5 少许盐调味。
6 放入肉沫。
7 翻炒过后加入清水。
8 盖上焖炒至断生。
9 不喜欢汤汁多的可以收一下汁即可。"
659153,https://home.meishichina.com/recipe-659153.html,蚕豆炒肉,蚕豆：适量,猪肉：适量,油：适量 | 盐：适量 | 生抽：适量 | 鸡精：适量,"2 蚕豆适量去掉外壳，扒掉绿衣，冷水下锅焯烫去生味，熟了捞出，过凉水，控干水分备用。
3 猪肉适量，改刀切片，备用。
4 锅里适量油，适量葱姜蒜辣椒爆香，肉炒熟，放入食材，加入适量盐，生抽，大火翻炒。
5 炒好，加入适量鸡精调味，出锅。"
659146,https://home.meishichina.com/recipe-659146.html,蚕豆炒鸡蛋,蚕豆：适量,鸡蛋：2个,油：适量 | 盐：适量 | 鸡精：适量,"2 蚕豆适量，备用。
3 蚕豆去掉外壳，扒掉绿衣，冷水下锅焯烫去生味，熟了捞出，控干水分备用。
4 锅里适量油，油烧开，鸡蛋打散，倒入锅中煎熟。
5 放入食材，加入适量盐，大火翻炒。
6 炒好，加入适量鸡精调味，出锅。"
659120,https://home.meishichina.com/recipe-659120.html,小葱烧豆腐,豆腐：200克,小葱：100克,松茸鲜：2克 | 盐：少许,"1 小葱一把洗净。
2 切成小段。
3 豆腐切成小块。
4 锅里放油烧热下入锅里。
5 下入小葱翻炒。
6 大碗里放入盐。
7 放入自制钙粉。
8 放入松茸菌。
9 加入酱油加点开水。
10 倒入锅里搅匀。"
658540,https://home.meishichina.com/recipe-658540.html,黄豆烧肥肠,肥肠：适量 | 黄豆：适量,八角：适量 | 桂皮：适量 | 香叶：适量 | 生姜：适量,花生油：适量 | 生抽：适量 | 蚝油：适量 | 老抽：适量 | 火锅底料：适量,"1 提前处理洗净好的肥肠。
2 肥肠冷水下锅加入料酒焯烫煮开。
3 焯烫好的肥肠捞出再次洗净。
4 黄豆提前泡发备用。
5 生姜，八角，桂皮，香叶备用。
6 肥肠改刀切块。
7 锅中热油放入配料炒出香味。
8 放入肥肠，将水份炒干。
9 加入火锅底料。
10 加入适量蚝油，生抽，老抽。
11 翻炒均匀上色。
12 肥肠转入高压锅中，放入黄豆。
13 加入适量清水。
14 高压锅煮开小火压20分钟即可。"
659105,https://home.meishichina.com/recipe-659105.html,栗子鸡煲蔬菜,鸡：1只,鸡汤：适量 | 栗子：1斤 | 胡萝卜：1根 | 丝瓜：1根 | 生抽：适量 | 姜丝：适量 | 蒜末：适量,盐：适量,"1 锅中加入适量的食用油、放入熟鸡块翻炒。
2 加入生抽、鸡汤、栗子、胡萝卜块、炖制。
3 丝瓜去皮切滚刀块。
4 放入丝瓜块，加入适量盐、姜丝继续炖煮。
5 加入蒜末，煨?一下上色后即可出锅。
6 盛出装入器皿中上桌，鸡肉、栗子、胡萝卜、丝瓜，汤鲜味美，营养丰富。
7 再加一碗米饭，搭配栗子鸡蔬菜煲，鲜香可口。"
659113,https://home.meishichina.com/recipe-659113.html,鸡蛋网元葱,鸡蛋：2个 | 元葱：1个,食用油：适量,盐：适量,"1 锅中放入适量食用油，将切粗丝的元葱倒入锅中，放入适量的盐快速翻炒。
2 将炒好的元葱盛入盘中(元葱不做炒的太软)。
3 将两个鸡蛋打散，放入少许盐搅打均匀，锅中放入少许油，将鸡蛋液的1/2倒入锅中小火煎成鸡蛋饼。
4 轻轻翻个面。
5 将鸡蛋饼盖在元葱菜肴上即可。
6 另一张鸡蛋饼煎好切成均匀的条状，网在元葱菜肴上，是不是很有新意，又有食欲呢？"
659117,https://home.meishichina.com/recipe-659117.html,羊肉火腿土豆饼,土豆：适量,羊肉：适量 | 火腿：适量,盐：适量 | 十三香：适量 | 葱：适量 | 味精：适量,"1 土豆擦丝，当上羊肉片，火腿。
2 放入盐，调味品，搅拌后净放10分钟。
3 少量加点面粉。
4 面部金黄翻个，出锅。"
659107,https://home.meishichina.com/recipe-659107.html,虾仁豆腐,冷冻生南美白虾：十五只 | 家常豆腐：一块,熟豌豆：一包 | 水淀粉：少许（红薯淀粉） | 姜：一小块 | 清水：少许,花生油：少许 | 盐：少许 | 料酒：少许 | 生抽：少许 | 白胡椒粉：少许,"1 冷冻生南美白虾，备用。
2 把虾去壳去线，清洗干净后放入盘中，滴少量料酒，抓匀后，腌制片刻。
3 豆腐切块，备用。
4 煮熟的豌豆，备用。
5 姜切丝，备用。
6 勾好的粉芡水，备用。
7 锅里倒少许油，把腌制过的虾仁炒至金黄色，放入姜丝，再倒入豆腐和豌豆，翻炒几下，加少许盐、生抽、白胡椒粉和少许清水烧沸，继续倒入勾好的粉芡水。
8 慢炖三分钟左右，大火收汁起锅。
9 装盘即食。
10 勾了芡的菜，色泽明亮，成品不错。"
329079,https://home.meishichina.com/recipe-329079.html,酸辣鸡爪,鸡爪：500g,生姜：适量 | 料酒：适量 | 指天椒：适量 | 生抽：适量 | 醋：适量 | 白糖：适量 | 香菜：适量 | 柠檬：适量 | 紫苏：适量 | 白芝麻：适量 | 大蒜：适量,,"1 鸡爪洗净，剪掉指甲，斩成两半，放滚水里汆煮。加入姜片料酒去腥。
2 鸡爪煮到用筷子能轻松扎透就好，捞出冲水，洗净表面油脂。
3 准备一盆冰水
4 将鸡爪放进去浸泡，最好整盆放冰箱冷藏
5 指天椒切段，姜切片，蒜拍扁，香菜切断，紫苏叶(可有可无)撕碎
6 倒入一个容器中，切几片柠檬
7 加生抽、醋、白糖调味(酸甜咸自己掌握)
8 把鸡爪从冰水里捞出放进容器中，撒点熟芝麻拌匀
9 酸辣咸甜，放冰箱冷藏过夜，更美味哦~"
658539,https://home.meishichina.com/recipe-658539.html,照烧猪排,梅头肉：适量,蜂蜜：适量,花生油：适量 | 生抽：适量 | 蚝油：适量 | 盐：适量 | 玉米淀粉：适量,"1 梅头肉洗净擦干水份。
2 加入生抽，蚝油，蜂蜜，盐。
3 加入适量玉米淀粉。
4 抓拌均匀腌制入味。
5 锅中热油放入猪排。
6 煎至微微金黄。
7 煎好的猪排转入炒锅中。
8 倒入腌肉的汤汁，加入适量清水。
9 将猪排焖煮入味收汁。
10 猪排晾凉切片即可。"
659082,https://home.meishichina.com/recipe-659082.html,家常红烧肉,五花肉：适量,鹌鹑蛋：适量,盐：适量 | 生抽：适量 | 老抽：适量 | 冰糖：适量 | 桂皮：适量 | 八角：适量 | 香叶：适量,"1 准备鹌鹑蛋。
2 五花肉洗干净。
3 切块。
4 入锅煸炒出油。
5 炒冰糖。
6 炒糖色。
7 入五花肉，加料酒。
8 砂锅准备桂皮香叶八角。
9 葱姜蒜。
10 加入适量开水，老抽一勺。
11 生抽三勺。
12 来点醋。
13 鹌鹑蛋煎一下。
14 大火烧开。
15 小火慢炖。
16 摆盘加葱花。"
659063,https://home.meishichina.com/recipe-659063.html,酸辣藕带,藕带：300g,嫩姜：一块 | 干辣椒：一根 | 小葱：少许,食用油：适量 | 盐：适量 | 胡椒：适量 | 白醋：适量,"1 藕带用清水，加少许白醋泡一下。
2 嫩姜一小块洗净备用。
3 藕带切滚刀，姜切片，辣椒切段备用。
4 热锅凉油润一下锅。
5 倒入藕带姜片辣椒大火颠炒，加少许盐白醋小葱即成。
6 装盘成品。"
659072,https://home.meishichina.com/recipe-659072.html,酸梅排骨,排骨：500g,咸酸梅：2颗 | 炒芝麻：少许,油：适量 | 盐：适量 | 酱油：1勺 | 老抽：半勺 | 米醋：1勺 | 冰糖：20g | 淀粉：半勺 | 蚝油：1勺,"1 排骨用盐和面粉抓洗干净。
2 用盐、酱油、蚝油、淀粉、油腌制入味。
3 咸酸梅、冰糖、姜、葱、蒜，备用。
4 咸酸梅去核，碾压成泥。
5 起锅烧油，排骨入锅煎。
6 煎至两面焦黄。
7 放入葱姜蒜炒香。
8 再放入咸酸梅、冰糖和米醋。
9 加入半勺老抽提色。
10 倒入清水，没过排骨，焖煮15~20分钟。
11 时间到，收收汁出锅。
12 撒上白芝麻点缀。
13 成品。酸甜开胃。"
659065,https://home.meishichina.com/recipe-659065.html,上海青炒木耳,上海青：3棵,泡发的木耳：10克,松茸鲜：2克 | 盐：少许 | 葱：少许 | 红辣椒：半个,"1 上海青把叶子放食盐洗净。
2 锅里烧开水放入上海青焯一下水捞出备用。
3 在倒入泡发的木耳焯水捞出备用。
4 红辣椒洗净切成粗丝。
5 上海青叶子切粗丝。
6 锅里倒油烧热下葱丝辣椒丝炒香。
7 下入上海青翻炒。
8 翻炒均匀下入叶子。
9 倒入木耳炒勻。
10 翻炒均匀放入松茸鲜。
11 加入盐调味品搅匀。"
659062,https://home.meishichina.com/recipe-659062.html,黄鱼鲞蒸鸡蛋,深水腌渍黄鱼鲞：1条 | 鸡蛋：2个,红辣椒：1个 | 姜末：适量,料酒：适量,"1 准备食材。
2 取出黄鱼鲞，把深水腌渍黄鱼切成丁，放入盆中。
3 放入提前切碎的姜末。
4 倒入适量的料酒。
5 鸡蛋打散。
6 过滤蛋液。
7 ，把蛋液倒入到盆中。
8 盖上保鲜膜，用叉子在保鲜膜上面扎几个孔。
9 水开后蒸8-10分钟左右。
10 揭开保鲜膜，上面用红辣椒点缀即可食用。"
659057,https://home.meishichina.com/recipe-659057.html,潮汕蚝烙,闽正生蚝：250克,鸭蛋：2颗 | 葱：2根 | 香菜：少许,地瓜粉：1小碗 | 鱼露：适量 | 胡椒粉：少许 | 猪油：适量,"1 生蚝去壳取肉过几次水，洗净后备用。
2 葱切碎和生蚝肉混合，加入地瓜粉、胡椒粉拌匀。
3 另取碗，敲2个鸭蛋，打散备用。
4 取锅烧热下油（猪油最好），倒入混合好材料的生蚝，铺平定型。
5 倒入蛋液，煎至底部金黄酥脆，翻面煎脆另一面。
6 出锅前撒上香菜即可。可凭个人喜好选择甜辣酱、鱼露等蘸料。"
659058,https://home.meishichina.com/recipe-659058.html,红烧龙虾,龙虾：五斤,葱：适量 | 生姜：适量 | 蒜瓣：七八个 | 花椒：适量 | 辣椒：适量 | 啤酒：一罐 | 桂皮：适量 | 八角：适量 | 小葱：三根 | 大葱：一段,盐：适量 | 酱油：适量 | 生抽：适量,"1 准备生姜切块，蒜瓣切片，葱备用。
2 准备花椒，辣椒，桂皮，八角备用。
3 起锅烧油放入所有材料翻炒片刻。
4 倒入洗干净的龙虾。
5 不断翻炒，放入盐，老抽酱油，生抽，再翻炒后倒入一大罐啤酒盖盖焖煮，期间翻面两次。
6 大火煮开，小火煮个十五分钟（锅里还有汤汁的时候）撒上葱段。
7 盛出来吃吧。
8 美美的下酒菜。"
658476,https://home.meishichina.com/recipe-658476.html,番茄麻辣烫,福袋：适量 | 速冻丸子：适量 | 午餐肉：适量 | 豆腐串：适量,番茄：适量 | 番茄火锅底料：适量,花生油：适量 | 二八酱：适量,"1 番茄去皮洗净切小块。
2 番茄火锅底料备用。
3 豆腐串备用。
4 适量速冻丸子和福袋备用。
5 午餐肉切片备用。
6 二八酱加入适量清水兑开搅拌均匀。
7 锅中热油放入番茄。
8 翻炒出汁后放入番茄火锅底料。
9 加入适量清水，大火煮开。
10 放入丸子类。
11 加入适量纯牛奶。
12 煮开后放入豆腐串。
13 大火煮开入味。
14 煮好后分装出来。
15 淋上二八酱即可。"
658846,https://home.meishichina.com/recipe-658846.html,小炒回锅肉,回锅肉：适量,洋葱：适量 | 大蒜：适量 | 生抽：适量 | 姜：适量,盐：适量,"1 洋葱切片。
2 白切肉备好。
3 锅子烧热放入肉片。
4 加入适量生抽糖。
5 放入洋葱。
6 翻炒入味。
7 开动了。"
658864,https://home.meishichina.com/recipe-658864.html,茄子豆豉酱炒洋葱,茄子豆豉酱：适量 | 洋葱：适量,糖：适量 | 胡椒粉：适量,,"1 洋葱切丝。
2 茄子豆豉酱。
3 锅子烧热放入茄子豆豉酱。
4 放入洋葱丝。
5 快速翻炒。
6 装盘即可。
7 开动了。"
659050,https://home.meishichina.com/recipe-659050.html,丝瓜炒鸡蛋,丝瓜：1根,鸡蛋：2个 | 蒜片：适量 | 红椒圈：适量 | 食用油：适量,盐：适量,"1 丝瓜去皮切滚刀块，加适量食盐刹出水后，洗净、换攥去水份。
2 2个鸡蛋打入碗中(其中一个还是双黄的)。
3 锅中放适量的食用油，先炒鸡蛋。
4 炒至此状态倒入盘中待用。
5 蒜片、红椒圈。
6 锅中放适量食用油，放入丝瓜块翻炒，再加入蒜片、红椒圈炒。
7 放入鸡蛋，适量盐翻炒出锅。
8 丝瓜炒鸡蛋装入盘中。
9 今早用高压锅做了主食杂粮粥，丝瓜炒鸡蛋、丑桔、红火龙果，早餐的营养足以。"
659051,https://home.meishichina.com/recipe-659051.html,菠菜鸡蛋,菠菜：400g | 鸡蛋：2个,纯净水：1碗,黄豆酱：1勺 | 生抽：1勺 | 蚝油：适量 | 淀粉水：适量,"1 准备食材：菠菜洗净切段，鸡蛋打散备用。
2 锅里水烧开，加入一勺盐，些许食用油。
3 将菠菜放入焯水28秒捞出。
4 放入凉水中浸泡片刻，再用手将水分挤干放入盘中。
5 调一个料汁，黄豆酱，生抽，蚝油和淀粉水搅拌均匀。
6 锅内倒油，将鸡蛋煎熟划散，再倒入料汁，收点汁一同铺在菠菜上即可。
7 这道下饭蔬菜就做好了。"
658474,https://home.meishichina.com/recipe-658474.html,柠檬干煎鸡,鸡腿肉：适量,柠檬：适量 | 洋葱：适量 | 姜片：适量,花生油：适量 | 生抽：适量 | 蚝油：适量 | 玉米淀粉：适量,"1 鸡腿去骨洗净。
2 将鸡腿肉改刀切块。
3 加入生抽，蚝油，玉米淀粉，花生油。
4 柠檬，姜片，洋葱洗净切好。
5 锅中热油放入鸡腿肉。
6 煎至两面金黄。
7 放入姜片。
8 放入洋葱和柠檬。
9 加入适量生抽，快速翻拌均匀即可。"
658456,https://home.meishichina.com/recipe-658456.html,贡菜拌毛肚,毛肚：适量 | 贡菜：适量,香菜：适量 | 蒜蓉：适量 | 白芝麻：适量,花生油：适量 | 陈醋：适量 | 生抽：适量 | 蚝油：适量 | 盐：适量 | 辣椒粉：适量 | 烧烤料：适量,"1 贡菜泡发软后洗净。
2 毛肚洗净改刀。
3 泡发好的贡菜改刀切小段。
4 蒜头拍扁剁碎。
5 碗中放入芥末，辣椒粉，白芝麻，烧烤料，盐。
6 淋上热油激发出香味。
7 加入陈醋，生抽搅拌均匀备用。
8 锅中水烧开，放入贡菜煮开后捞出。
9 毛肚下锅煮开后也同样捞出。
10 香菜洗净切段。
11 毛肚和贡菜沥干水份后放入盆中。
12 淋上凉拌汁。
13 放入香菜。
14 抓拌均匀入味。"
658932,https://home.meishichina.com/recipe-658932.html,蒸鸡腿,鸡腿：适量,生抽：适量 | 姜：适量,盐：适量,"1 鸡腿洗净。
2 划几刀方便腌制。
3 加入适量生粉糖盐生抽。
4 拌匀腌制15分钟。
5 锅子烧热放入鸡腿煎香。
6 码盘蒸半小时。
7 开动了。"
658934,https://home.meishichina.com/recipe-658934.html,肉片浸春菜,春菜：适量 | 瘦肉：适量,姜：适量 | 生抽：适量 | 生粉：适量 | 胡椒粉：适量,盐：适量,"1 春菜洗净切段。
2 瘦肉切片。
3 加入适量生抽老抽胡椒粉糖盐。
4 拌匀腌制15分钟。
5 锅子烧热放入春菜。
6 放入肉片。
7 煮熟调味。
8 开动了。"
659025,https://home.meishichina.com/recipe-659025.html,清炒赤松茸,赤松茸：适量 | 青椒：适量,蒜：适量 | 火葱头：适量,油：适量 | 盐：适量 | 生抽：适量,"1 赤松茸清洗干净。
2 切成片。
3 蒜瓣、火葱头切碎，青椒掰成小片。
4 热锅冷油，放入蒜末、火葱头炒香。
5 放入赤松茸翻炒一会。
6 放入青椒炒1分钟，加盐、少许生抽调味炒匀。"
659000,https://home.meishichina.com/recipe-659000.html,韩式鸡爪,鸡爪：10个,韩式辣酱：少许 | 番茄酱：少许,老抽：少许,"1 鸡爪洗净剪去指甲。
2 冷水下锅放姜，葱，料酒，煮沸腾，撇去浮沫。
3 取一小碗，放3勺韩式辣酱，2勺番茄酱，3勺生抽，半勺老抽，1勺白糖，调匀。
4 锅里放油烧热放入大蒜粒。
5 下入鸡爪翻炒。
6 抱酱料全部倒入，放适量盐，放少许水焖煮。
7 大约煮至二十分钟，软烂即可捞出，放入白芝麻粒出锅。
8 配着米饭我可以吃两碗，那一个香啊！"
659012,https://home.meishichina.com/recipe-659012.html,黑米醋姜猪脚,猪脚：适量 | 鸡蛋：适量 | 姜：适量,,油：适量,"1 准备材料，拍姜，煮鸡蛋剥壳，猪脚焯水。
2 小火炒姜。
3 呆姜微黄，加入猪脚翻炒。
4 姜猪脚放入慢炖锅，加适量黑米醋，不加水。
5 再加入鸡蛋。
6 炖两个钟，保温泡一个钟，完成。"
659011,https://home.meishichina.com/recipe-659011.html,菜苔炒火腿肠,菜苔：一把 | 火腿肠：两根,蒜：少许,花生油：适量 | 盐：少许,"1 择好的菜苔，淘洗干净，放入盆中，备用。
2 切寸段。
3 火腿肠斜切片，备用。
4 蒜切片，备用。
5 锅烧热放适量油，倒入蒜炒香，再倒入菜苔加少许盐调味，翻炒几下，继续倒入火腿肠，翻炒拌匀即可。
6 出锅装盘。
7 美味可口。"
658982,https://home.meishichina.com/recipe-658982.html,红肠炒红薯叶,红肠：适量 | 红薯叶：适量,糖：适量 | 大蒜：适量,盐：适量,"1 红薯叶洗净。
2 红肠切片。
3 放入锅里煎好。
4 放入红薯叶炒软。
5 调味即可。
6 码盘。
7 开动了。"
658920,https://home.meishichina.com/recipe-658920.html,鸡杂浸小油菜,鸡杂：适量 | 小油菜：适量,姜：适量 | 大蒜：适量 | 胡椒粉：适量,盐：适量,"1 小油菜洗净。
2 鸡杂洗净。
3 锅子烧热水放入小油菜飞水备用。
4 姜蒜放入锅里爆香。
5 放入鸡杂。
6 放入小油菜。
7 调味即可。
8 开动了。"
658870,https://home.meishichina.com/recipe-658870.html,洋葱炒鸡丝,鸡胸肉：适量 | 洋葱：适量,生抽：适量 | 生粉：适量 | 姜：适量 | 胡椒粉：适量 | 糖：适量,盐：适量,"1 鸡胸洗净。
2 切丝。
3 加入适量生粉生抽老抽胡椒粉糖盐拌匀。
4 洋葱切丝。
5 锅子烧热放入鸡丝。
6 放入洋葱翻炒。
7 加入适量生抽即可。
8 开动了。"
658998,https://home.meishichina.com/recipe-658998.html,川味肉末烧豆腐,豆腐：500克 | 肉末：80克,小葱：2棵 | 韭菜：1把 | 生姜：2片,豉香川辣酱：1袋 | 老抽：1勺 | 蚝油：1勺 | 盐：半勺 | 糖：半勺 | 鸡汁：1勺,"1 豆腐切块，姜切丝，葱、韭菜切段。
2 热锅凉油，油微热放肉末，炒散。
3 加料酒、老抽，炒香炒出油脂，倒入一包豉香川辣酱，炒出酱香。放姜丝、葱段，炒香。
4 倒入豆腐，倒入没过豆腐的清水，放小半勺糖和盐，大火烧开，中小火慢炖10分钟，待汤汁快收干，倒入韭菜，加1勺鸡汁，拌匀出锅。
5 豆腐香辣入味，太美味了。
6 吃米饭做一盘，老下饭了。
7 每次连汤汁不剩。"
658997,https://home.meishichina.com/recipe-658997.html,豆角炒肉,豆角：zo克 | 熟大肉：50克,,酱油：适量 | 盐：适易,"1 豆角洗净备用。
2 切成斜刀备用。
3 锅里到油烧热下入豆角。
4 放入熟大肉一起煸烧加入酱油和盐炒匀。"
658960,https://home.meishichina.com/recipe-658960.html,家常炒茄子,茄子：适量 | 肉沫：适量 | 青椒：适量 | 红椒：适量 | 葱花：适量,淀粉：适量,盐：适量 | 味精：适量 | 糖：适量 | 生抽：适量 | 蚝油：适量 | 葱油：适量 | 料酒：适量 | 陈醋：适量,"1 茄子洗净，开对半。
2 剞三刀断一刀，或者一刀一断，会更入味。
3 放入盐水泡十几分钟茄子不会发黑变色。
4 挤掉水分，拍上干淀粉。
5 水烧开后，将裹好粉的茄子蒸5分钟。
6 五花肉或者瘦肉切沫。
7 青红椒切碎（喜欢吃蒜的，可以一起切蒜沫）。
8 切葱花。
9 调酱汁：盐，味精，糖，生抽，蚝油，淀粉，水。
10 热锅冷油。
11 下肉沫，炒至泛白，然后下青红椒（有蒜沫，一起下），炒匀。
12 倒入料酒。
13 调入酱汁，翻炒均匀。
14 倒入茄子，炒匀。
15 加入葱花。
16 加点陈醋炒匀，吃起来更香，不会油腻。
17 起锅前，再加入葱油，炒匀。
18 完成?"
658984,https://home.meishichina.com/recipe-658984.html,酸梅鸭,鸭肉：600g | 咸酸梅：3颗,姜：2块 | 红葱头：1个,油：适量 | 盐：1g | 酱油：1勺 | 蚝油：1勺 | 老抽：半勺 | 冰糖：20g | 香叶：3片 | 八角：1.5个 | 桂皮：1块 | 料酒：2勺,"1 鸭肉凉水入锅，放入姜片和料酒，焯水5分钟后捞出。
2 咸酸梅三粒，去掉核，把果肉压成泥，咸酸梅有点咸，后面制作食材时可以少放些盐。
3 姜片和葱头。
4 起锅烧油，放入姜片和葱头炒香。
5 倒入鸭肉翻炒。
6 鸭肉炒至干香，放入香叶、桂皮、八角。
7 加入盐、酱油、蚝油、老抽、料酒。
8 加入清水，没过鸭肉。
9 倒入咸酸梅。
10 加入冰糖。
11 大火烧开后转中小火，焖半个小时。
12 时间到，夹出大料，汤汁收至浓稠出锅。"
658966,https://home.meishichina.com/recipe-658966.html,窑鸡腿,鸡腿：2个,窑鸡粉：适量 | 葱：适量 | 姜：适量 | 蘸料：适量,料酒：适量 | 老抽：适量 | 酱油：适量 | 盐：适量 | 香油：适量,"2 制作方法:鸡腿洗干净，备用。
3 烧一壶开水淋烫鸡腿上面，鸡皮更紧实容易上色入味，烫一会把水倒掉。
4 鸡腿用牙签表面扎透，加入适量的盐，窑鸡粉，葱姜，料酒，酱油，老抽，白糖少许，均匀抹上料汁，腌制入味。
5 腌制3个小时，更加入味。
6 电压力锅锅底抹少许香油，放入适量葱姜。
7 在加入适量小葱，陈皮一块。
8 放入鸡腿，料汁也倒入锅中。
9 按鸡肉键，时间到出锅。
10 窑鸡腿出锅，撒适量窑鸡蘸料，满屋飘香，肉质鲜美可口。"
658974,https://home.meishichina.com/recipe-658974.html,青椒炒茄子,茄子：1根 | 青椒：5个 | 猪肉：150g,蒜：4瓣,油：适量 | 盐：2g | 酱油：1勺 | 豆瓣酱：1勺 | 蚝油：1勺 | 胡椒粉：1匙 | 淀粉：2匙 | 清水：适量,"1 茄子、青椒。
2 茄子切薄片，撒上盐软化20分钟，再用清水洗去咸味，攥干水分。
3 青椒切小块。
4 肥瘦相间的猪肉切片。
5 蒜拍扁。
6 用酱油、蚝油、豆瓣酱、淀粉、胡椒粉加入半碗清水，拌一个酱汁备用。
7 起锅热油，倒入猪肉。
8 猪肉炒至干香后放入蒜瓣。
9 蒜炒出香气。
10 倒入茄子翻炒2分钟。
11 加入半碗清水，焖2分钟。
12 开盖后倒入青椒。
13 青椒炒至断生。
14 倒入酱汁。
15 大火收汁至浓稠，出锅。"
658967,https://home.meishichina.com/recipe-658967.html,辣子鸡丁,鸡大腿：3 个,干辣椒：1 把 | 麻椒花椒：若干,香葱：1个 | 大蒜：1 个 | 姜：半个 | 胡椒粉：1 勺 | 黄酒：1 勺 | 生抽：1勺 | 白砂糖：少许 | 味精：少许,"1 鸡腿解冻。
2 鸡腿切块，冲洗下，放入胡椒粉、黄酒、生抽、生粉腌制半个钟头入味。
3 干辣椒??切段，倒入清水浸泡下，以防炸制时糊掉。
4 准备好葱姜蒜。
5 炸制鸡块前，鸡块再加次生粉至糊糊状。
6 锅中放宽些油，六成油温下入鸡块。
7 小火炸制成型后捞出控油。
8 油温再次升温后复炸，颜色变深酥脆后捞出。
9 另起锅烧油，依次放入盐辣椒花椒葱姜蒜炒香。
10 下入炸好的鸡丁肉，翻炒均匀，出锅前放白砂糖和味精。
11 出锅，美颜后的成品。"
658964,https://home.meishichina.com/recipe-658964.html,蒜香排骨,大排骨：2排,,,"1 排骨解冻入一大盆，放清水没面，加入精盐1/2大勺，调匀，泡30~60分钟，然后冲水；
2 用厨房纸吸干水，加入腌制材料；
3 手抓均匀，静置30分钟；
4 把蒜头8瓣剁碎；
5 加入面包糠1/2杯，拌匀；
6 腌制时间到后，开油锅，先开大火，把油烧热，放入排骨肉的那面朝下，改小火，炸成金黄色；
7 翻面再炸，也炸成金黄色，捞起；
8 把油升温加入排骨再炸，炸至较深的金黄色，盛起备用；
9 开锅，升小火，倒入伴炒料，点放精盐1/2小勺，不断翻炒；
10 炒至闻到蒜香味，颜色变当浅黄色；
11 熄火，倒入排骨翻拌均匀即可出锅。Enjoy！"
658453,https://home.meishichina.com/recipe-658453.html,蒜蓉甜杆西兰花苔,甜杆西兰花苔：适量,蒜蓉：适量,花生油：适量 | 生抽：适量 | 蚝油：适量,"1 甜杆西兰花苔清洗干净备用。
2 蒜头拍扁剁碎备用。
3 锅中水烧开，加入适量花生油。
4 放入西兰花苔，焯烫至断生后捞出。
5 锅中热油放入蒜蓉。
6 加入适量蚝油。
7 适量生抽和清水。
8 大火煮开。
9 将蒜蓉汁淋在西兰花苔上即可。"
658959,https://home.meishichina.com/recipe-658959.html,回锅牛肉,卤牛肉：150g,黄瓜：一根 | 红辣椒：2个,食用油：少许 | 盐：少许 | 生抽：少许,"1 黄瓜红辣椒洗净先配菜，黄瓜切片，红椒切丝备用。
2 卤牛肉一块，我先蒸了一下。也可以不蒸。
3 牛肉切片备用。
4 热锅凉油，加少许油润锅，然后倒油依次加入红辣椒黄瓜大火颠炒片刻加盐，最后加入牛肉颠炒加生抽调味即成。
5 装盘成品图。
6 和母亲节的鲜花配一张。"
658951,https://home.meishichina.com/recipe-658951.html,炒杏鲍菇,鲜杏鲍菇：1根,蒜蓉：适量 | 辣椒：1个 | 香菜：适量,蚝油：1勺 | 生抽：1勺 | 白糖：1勺 | 陈醋：2勺,"1 杏鲍菇上蒸锅蒸熟后，用手撕成细条状。
2 蒜蓉辣椒切碎备用。
3 大火爆香蒜蓉辣椒，倒入蒸熟的杏鲍菇，加入所有调料调味后快速翻炒均匀即出锅。
4 洒上喜欢的香菜即可。"
658942,https://home.meishichina.com/recipe-658942.html,炒西葫芦,西葫芦：1个,蒜蓉：适量 | 辣椒：1个,蚝油：1勺 | 酱油：2勺 | 白糖：1勺 | 陈醋：2勺,"1 洗净备用。
2 切成条状。
3 用盐腌一会儿，洗净后控干水分备用。
4 蒜蓉炒香。
5 加入西葫芦条，加入蚝油、酱油、白糖翻炒均匀后加入适量陈醋搅拌出锅。
6 非常的赞哟。"
658947,https://home.meishichina.com/recipe-658947.html,简易版炸里脊肉片,猪里脊肉：500g,鸡蛋：2个,姜末：少量 | 五香粉：2勺 | 食盐：3勺 | 淀粉：适量,"1 猪里脊改刀切片。
2 放入姜末、五香粉、淀粉、食盐和鸡蛋。
3 抓拌均匀，放置15分钟腌制入味。
4 锅中倒入适量凉油，烧至冒泡。
5 放入腌制好的肉片，炸至颜色变深。
6 捞出控油装盘即可。"
658433,https://home.meishichina.com/recipe-658433.html,羊肚菌蒸肉饼,五花肉：适量,羊肚菌：适量,花生油：适量 | 盐：适量 | 蚝油：适量 | 鸡精：适量,"1 羊肚菌先泡发一下。
2 五花肉去皮洗净切块。
3 切好的五花肉放入绞肉机里。
4 泡好的羊肚菌切块备用。
5 泡发好的羊肚菌一起放入绞肉机里。
6 加入蚝油，盐，鸡精，花生油。
7 加入适量泡羊肚菌的水。
8 将五花肉绞碎。
9 绞碎的肉沫均匀铺在碗里。
10 炖汤时顺带把肉沫下锅一起蒸，蒸30分钟即可。"
658930,https://home.meishichina.com/recipe-658930.html,地三鲜,茄子：200克 | 土豆：100克,胡萝卜：50克,自种祘苗：少许 | 松鲜鲜：少许 | 盐：少许,"1 胡萝卜洗净切成马蹄块。
2 土豆洗净切成小块。
3 放到大碗里辣椒切成小块。
4 茄子切半。
5 切成小块。
6 泡在白醋里5分钟。
7 洗净沥干水分。
8 锅里放油(稍多些)热后下入茄子翻炒。
9 在倒入士豆和胡萝卜加开水。
10 自种的祘苗洗净切成小段。
11 小火炖。
12 放入祘苗搅匀。
13 加入味极鲜少许加盐搅匀关火。"
658409,https://home.meishichina.com/recipe-658409.html,鸡蛋虾仁炒丝瓜,丝瓜：适量,鸡蛋：适量 | 虾滑：适量,花生油：适量 | 盐：适量,"1 鸡蛋打入碗中搅拌均匀。
2 鲜虾去壳去虾线后洗净开背。
3 丝瓜去皮洗净切滚刀块。
4 锅中热油倒入蛋液，将鸡蛋炒散后盛出。
5 锅中热油放入丝瓜翻炒均匀。
6 倒入炒过的鸡蛋。
7 放入虾仁翻炒均匀。
8 适量盐调味。
9 加入适量清水。
10 大火煮开炒至断生即可。"
658924,https://home.meishichina.com/recipe-658924.html,红烧太阳鱼,太阳鱼：2条,姜：一块 | 蒜：一头 | 小葱：两根 | 金不换：适量,油：2勺 | 盐：3g | 酱油：2勺 | 老抽：半勺 | 豆瓣酱：1勺 | 胡椒粉：1匙,"1 太阳鱼，摊主已帮忙处理好，清洗干净后用盐腌入底味，烹饪前需洗去咸味。
2 配料：姜丝、蒜、葱、金不换。
3 起锅热油，鱼入锅煎。
4 煎至一面金黄后翻面。
5 放入姜蒜煎香。
6 倒入适量的清水，加入酱油、老抽、豆瓣酱、胡椒粉调味。
7 焖五六分钟后开盖。
8 放入葱和金不换增香，拌匀出锅。"
658857,https://home.meishichina.com/recipe-658857.html,椒盐肉片,梅头肉：适量,洋葱：适量,花生油：适量 | 蚝油：适量 | 椒盐粉：适量,"1 洋葱洗净切块。
2 锅中热油放入肉片。
3 将肉片炒至微微金黄。
4 加入适量蚝油炒匀再调一下味。
5 放入洋葱。
6 加入椒盐粉。
7 大火快速翻炒即可。"
658741,https://home.meishichina.com/recipe-658741.html,笋片炒牛筋,牛筋：适量 | 冬笋：适量,蒜苗：适量,油：适量 | 盐：适量 | 料酒：适量 | 生抽：适量,"1 烧熟的牛筋切片。
2 冬笋焯水后切片，蒜苗切段。
3 热锅冷油，放入蒜白炒香。
4 放入牛筋，烹入料酒、生抽炒香。
5 放入笋片翻炒2分钟。
6 放入蒜苗叶子，加盐调味炒匀。
7 出锅。"
658914,https://home.meishichina.com/recipe-658914.html,油三角烧娃娃菜,油三角：245克 | 娃娃菜：425克,,酱油：适量 | 盐：适量 | 零卡糖：适量,"1 食材：油三角、娃娃菜（已洗净切开）。
2 起锅倒油烧热，下入娃娃菜翻炒翻炒。
3 接着，合入油三角、加适量的清水。
4 加适量的酱油。
5 加适量的盐。
6 加适量的零卡糖。
7 调味烧煮开。
8 然后，烧煮至汤汁差不多了即成。"
658913,https://home.meishichina.com/recipe-658913.html,香葱烧百叶结,百叶结：200克 | 香葱：315克,,酱油：适量 | 盐：适量 | 零卡糖：适量,"1 食材：百叶结、香葱（已去根洗净切段）。
2 起锅倒油烧热，下入香葱翻炒翻炒。
3 接着，合入百叶结、加适量的清水。
4 加适量的酱油。
5 加适量的盐。
6 加适量的零卡糖。
7 调味烧煮开。
8 然后，烧煮至汤汁差不多了即成。"
658909,https://home.meishichina.com/recipe-658909.html,皮蛋厚千张丝炒牛心菜,皮蛋：2只 | 厚千张丝：125克 | 牛心菜：1个,,酱油：适量 | 盐：适量,"1 食材：皮蛋、厚千张丝、牛心菜。
2 将牛心菜撕成小块清洗清洗捞出。
3 将皮蛋剥壳放在案板上切成小块。
4 将厚千张丝下入沸水锅中焯开捞出。
5 起锅倒油烧热，下入牛心菜翻炒翻炒。
6 接着，加适量的清水。
7 翻炒翻炒至熟。
8 然后，合入焯好的厚千张丝和切好的皮蛋、加适量的酱油。
9 加适量的盐。
10 调味翻炒翻炒即成。"
658908,https://home.meishichina.com/recipe-658908.html,龙虾尾烧鸡块,龙虾尾：240克 | 鸡块：450克,姜片：适量 | 蒜：适量 | 葱段：适量,料酒：适量 | 酱油：适量 | 盐：适量 | 零卡糖：适量,"1 食材：龙虾尾、鸡块（已清洗焯水）、姜片、蒜（已拍）、葱段。
2 将龙虾尾下入清水锅中焯开捞出。
3 起锅倒油烧热，搁入姜片和蒜炝锅。
4 随后，下入鸡块翻炒翻炒。
5 接着，加适量的清水。
6 加适量的料酒。
7 加适量的酱油。
8 加适量的盐。
9 加适量的零卡糖。
10 调味烧煮7到8分钟。
11 然后，合入龙虾尾翻动翻动继续烧煮4到5分钟。
12 最后，搁入葱段即成。"
658907,https://home.meishichina.com/recipe-658907.html,午餐肉炒莴笋,午餐肉：3包 | 莴笋：1根,,盐：适量 | 味精：适量,"1 食材：午餐肉、莴笋（已去皮清洗）。
2 将莴笋放在案板上切成片。
3 将午餐肉拆开包装放在案板上切开。
4 起锅倒油烧热，下入切好的莴笋和午餐肉翻炒翻炒。
5 然后，加适量的盐。
6 加适量的味精。
7 调味炒匀即成。"
658906,https://home.meishichina.com/recipe-658906.html,百叶结烧夜开花,百叶结：200克 | 夜开花：2根,,酱油：适量 | 盐：适量 | 零卡糖：适量,"1 食材：百叶结、夜开花。
2 将夜开花清洗清洗捞出、去皮。
3 放在案板上切成滚刀块。
4 起锅倒油烧热，下入切好的夜开花翻炒翻炒。
5 接着，合入百叶结加适量的清水。
6 加适量的酱油。
7 加适量的盐。
8 加适量的零卡糖。
9 调味烧煮开。
10 然后，烧煮至汤汁差不多了，夜开花熟软即成。"
658902,https://home.meishichina.com/recipe-658902.html,筒骨蒸肥肠,筒骨：500g | 肥肠：500g | 金针菇干：50g,姜末：10g | 蒜末：15g,热油：适量 | 盐：3g | 酱油：1勺 | 蚝油：1勺 | 胡椒粉：1匙 | 淀粉：1匙 | 料酒：1勺,"1 筒骨用盐和淀粉抓洗干净。
2 加入盐和料酒腌制一天，腌制好的筒骨颜色已变深
3 碗中放入蒜末和姜末，呛入热油。
4 加入酱油、蚝油、胡椒粉、淀粉拌匀。
5 料汁倒入筒骨内。
6 继续腌制入味。
7 已经处理好的肥肠。
8 大肠凉水入锅，加入姜和料酒焯水五分钟。
9 捞出备用。
10 清水泡发好的金针菇。
11 挤干水分后放入盘底，放点菌菇可以吸去油脂，而且增加食材的香味。
12 表面铺上肥肠。
13 再放入筒骨。
14 放入电压力锅，用“蹄筋键”隔水炖煮至时间结束。
15 时间到，出锅。"
658895,https://home.meishichina.com/recipe-658895.html,可乐鸡翅,鸡翅：30只 | 可乐：500g,姜：20g | 葱：2颗 | 盐：20g,老抽：1勺,"1 1.?腌制鸡翅：将鸡翅放入保鲜袋，加入2份料酒、1份生抽、1份蚝油、姜片，腌制15-20分钟，中途翻面保证腌制充分。2.?鸡翅焯水：锅中倒入清水，加入鸡翅、姜片、葱段、料酒，冷水下锅，水开后撇净浮沫，焯水5分钟左右，捞出控干水分。3.?煎鸡翅：另起锅，加入食用油，油热后放入鸡翅，中小火煎至两面金黄，注意勤翻面。
2 4.?调味炖煮：倒入可乐，加入生抽、老抽、盐、糖，烧开后撇去浮沫，盖上盖子，小火炖煮15分钟左右。中途可将葱姜捞出。
3 5.?收汁：开中火收汁，至汤汁浓稠，鸡翅表面裹满酱汁即可出锅。可根据个人口味撒上芝麻。"
658407,https://home.meishichina.com/recipe-658407.html,酸汤肥牛虾滑,肥牛：适量 | 虾滑：适量 | 金针菇：适量,葱花：适量,花生油：适量 | 海底捞酸汤料包：适量,"1 准备一些肥牛卷备用。
2 虾滑提前解冻备用。
3 金针菇切去根部后洗净。
4 锅中水烧开，把肥牛卷下锅。
5 焯烫开后捞出备用。
6 锅中适量花生油。
7 倒入酸汤料包。
8 加入适量清水，大火煮开。
9 虾滑舀成圆球下锅煮开。
10 放入金针菇。
11 再把焯烫过的肥牛卷下锅煮开。
12 最后来点葱花即可。"
658894,https://home.meishichina.com/recipe-658894.html,黄焖鸡,鸡肉：50块 | 甜椒：5只,香菇：20个 | 土豆：15个,老抽：1勺 | 鸡精：1匙 | 食用油：1勺,"1 将鸡腿剁成小块，冷水浸泡2小时，泡出血水。香菇洗净，泡发后对半切开。泡香菇的水不要倒掉。土豆去皮，切成小块。青红椒切块备用。葱姜蒜切末，干辣椒切段。
2 锅中倒入适量清水，放入姜片、料酒，将浸泡好的鸡块冷水下锅焯水，水开后撇去浮沫，捞出冲洗干净，沥干水分备用。-起锅烧油，油热后放入葱姜蒜末、干辣椒段煸炒出香味。加入鸡块翻炒至变色，放入香菇继续翻炒。倒入泡香菇的水，没过食材。加入生抽、老抽、蚝油、黄豆酱、盐、糖、鸡精，搅拌均匀。
3 倒入泡香菇的水，没过食材。加入生抽、老抽、蚝油、黄豆酱、盐、糖、鸡精，搅拌均匀。大火烧开后转小火焖煮20分钟，再放入土豆块焖煮10分钟。最后放入青红椒块，翻炒均匀，大火收汁即可。"
658893,https://home.meishichina.com/recipe-658893.html,鱼香肉丝,猪肉：250g | 胡萝卜：150g | 木耳：100g,莴笋：50g | 青椒：100g,姜蒜：20g | 泡椒：2只 | 白糖：2勺,"1 1.?猪里脊肉切丝，加入盐、料酒、淀粉腌制片刻。2.?胡萝卜、黑木耳、莴笋、青椒切丝备用。3.?姜蒜切末，泡椒切碎备用。4.?调制鱼香汁：白糖、陈醋、酱油、淀粉、适量水搅拌均匀。5.?锅中热油，放入肉丝滑炒至变色后盛出。
2 6.?锅中再加入少许油，放入姜蒜末、泡椒、豆瓣酱炒香。7.?加入胡萝卜丝、黑木耳丝、莴笋丝、青椒丝翻炒均匀。8.?倒入肉丝，翻炒均匀。
3 最后倒入鱼香汁，翻炒至汤汁浓稠即可。"
649880,https://home.meishichina.com/recipe-649880.html,酱肉炒蚕豆土豆,酱肉：适量 | 土豆：适量 | 蚕豆：适量,韭菜：适量,盐：适量 | 料酒：适量 | 生抽：适量,"1 土豆去皮切片，用清水冲洗去淀粉。
2 蚕豆适量剥出豆肉。
3 韭菜切段。
4 酱肉切片，放锅中小火熬出油。
5 放入土豆片翻炒一会，加半碗水烧煮。
6 土豆片半熟时，放入蚕豆瓣烧熟。
7 放入韭菜，加少许盐、生抽调味炒匀。"
658871,https://home.meishichina.com/recipe-658871.html,反沙芋头,荔浦芋头：适量 | 白糖：适量,橙皮：少许 | 小葱：少许,淀粉：少许,"1 所需材料：荔浦芋头、白糖、小葱、橙子、淀粉。
2 橙子用盐搓洗干净。
3 削一点橙皮。
4 把橙皮白色的部分必须去掉。
5 切碎。
6 小葱切碎，和橙皮碎放一起。
7 芋头切条或者切块都行，用清水把表面的淀粉洗干净。
8 用厨房纸把表面水分擦干。
9 放一把淀粉，均匀裹住芋头。
10 中小火浸炸，至外壳酥脆，筷子轻松插透即可。盛出备用。
11 另起锅放少许水、两勺白糖，小火慢慢熬糖浆。
12 熬制大泡消失，变成绵密小泡。
13 放入橙皮碎和葱碎拌匀。
14 放入芋头，关火快速翻拌至反沙，糖霜包裹住芋头即可。
15 完成。"
658869,https://home.meishichina.com/recipe-658869.html,酱香排骨,排骨：约750克,蒜头：少许 | 葱头：少许 | 姜：少许,油：少许 | 蚝油：少许 | 生抽：少许 | 胡椒粉：少许 | 土豆淀粉：少许 | 老抽：少许,"1 准备:黑土猪排骨。
2 排骨用盐，面粉抓洗干净。
3 用厨房纸吸干水分，调蚝油，生抽，胡椒粉，土豆淀粉。
4 抓匀腌制20分钟。
5 准备:蒜头，姜，葱头(红葱头更香，家里刚好没了)。
6 热锅放少许油因为是不粘锅不需要放太多的油，放入排骨，中火煎制。
7 煎至两面焦香。
8 放入蒜头，葱头，姜，炒出香味。
9 然后把食材转到珐琅锅里调少许老抽上色(珐琅锅可以省时而且肉的口感更好)。
10 适量的开水(不需要太多的水)。
11 中火烧开后转最小火。
12 盖上盖子烧25分钟(视各人喜欢的软烂程度)。
13 这是25分钟后，汤汁有点多。
14 稍微调大火收汁即可。"
658860,https://home.meishichina.com/recipe-658860.html,金针菇鸡煲,土鸡：半个 | 金针菇干：50g,姜丝：10g,油：适量 | 盐：3g | 酱油：1勺 | 蚝油：1勺 | 胡椒粉：1匙 | 淀粉：1匙 | 清水：半碗,"1 土鸡半个。
2 鸡肉剁成块。
3 放入盐，酱油，蚝油，胡椒粉，淀粉调味。
4 搅拌均匀后放入花生油锁住水分，腌制入味半个小时。
5 金针菇干。
6 用清水泡发五分钟。
7 泡好的金针菇干，再切点姜丝。
8 准备一口砂锅，锅底喷入油，撒上姜丝。
9 垫入金针菇，放一旁备用。
10 起锅热油，倒入鸡肉。
11 两面煎至焦黄。
12 炒好的鸡肉铲入砂锅。
13 加入半碗清水，烧开后转小火炖十分钟即可。
14 成品。香味浓郁！"
658859,https://home.meishichina.com/recipe-658859.html,黄瓜炒牛肉,黄瓜：2个 | 牛肉：200g | 菜椒：4个,姜丝：10g,油：适量 | 盐：2g | 酱油：2勺 | 蚝油：1勺 | 胡椒粉：1匙 | 淀粉：1勺 | 清水：半碗,"1 牛肉用盐、酱油、蚝油、胡椒粉、淀粉、花生油，腌制入味。
2 小黄瓜。
3 去皮后切成四分。
4 内瓤带籽容易出水，影响口感，切去。
5 再斜刀切厚片。
6 农家菜椒，很脆带微微辣，口感特好。
7 菜椒切成块。
8 再切点姜丝，配菜准备就绪。
9 用酱油、蚝油、淀粉和小半碗水调一个芡汁。
10 起锅热油，倒入黄瓜翻炒。
11 黄瓜炒2分钟后放入菜椒，加适量的盐翻炒入味。
12 炒至断生盛出备用。
13 锅中再次热油，放入姜丝。
14 倒入牛肉。
15 炒至变色。
16 倒入黄瓜翻炒。
17 最后倒入芡汁。
18 大火收汁，出锅。"
658847,https://home.meishichina.com/recipe-658847.html,雷笋蚕豆炒雪菜,雷笋：适量 | 蚕豆：适量 | 雪菜：适量,姜：适量 | 火葱：适量 | 干辣椒：适量,油：适量 | 盐：适量 | 白糖：适量,"1 雪菜用水清洗几遍（如果太咸就用水泡一泡）。
2 蚕豆瓣适量，我还放了一些豌豆。
3 雷笋剥壳焯水后切细，火葱、姜丝、干辣椒切好备用。
4 锅中水烧开，放入蚕豆、豌豆焯水2分钟捞出。
5 锅中放油，小火煸香葱姜辣椒。
6 放入雪菜和雷笋翻炒一会。
7 放入豆瓣炒匀烧几分钟。
8 放入葱叶，加适量盐和白糖调味炒匀。"
658375,https://home.meishichina.com/recipe-658375.html,虾滑酿羊肚菌,羊肚菌：适量 | 虾滑：适量,葱花：适量,花生油：适量 | 玉米淀粉：适量 | 蚝油：适量 | 生抽：适量,"1 羊肚菌用清水泡发一下。
2 虾滑提前解冻备用。
3 羊肚菌剪开后酿入虾滑。
4 酿好后一个个摆放在盘中。
5 冷水上锅蒸15分钟左右。
6 羊肚菌蒸好后先取出。
7 锅中少量花生油，倒入泡羊肚菌的水，加入蚝油，生抽炒匀上色。
8 适量淀粉水勾芡。
9 搅拌均匀煮开关火。
10 将汤汁淋在羊肚菌上，洒上葱花即可。"
657922,https://home.meishichina.com/recipe-657922.html,红酒肘子,肘子：适量 | 红酒：适量,洋葱：适量 | 桂皮：适量 | 香叶：适量 | 八角：适量 | 姜：适量 | 生抽：适量 | 老抽：适量 | 黄豆酱：适量 | 糖：适量,盐：适量,"1 肘子飞水。
2 材料如下。
3 放入锅里煮出味。
4 放入肘子。
5 放入适量红酒。
6 加入适量生抽老抽。
7 放入洋葱炖一个半小时。
8 雕个洋葱花码盘。
9 开动了。"
112837,https://home.meishichina.com/recipe-112837.html,盐煎肉,猪瘦肉：适量 | 青椒：适量,郫县豆瓣酱：适量 | 红油：适量,,"1 （因为此菜大体可表述为“辣椒油炒辣椒”，所以呛得眼睛疼没有来得及拍图。图片下回补上！谅解啦！）青椒去籽切块，肉切小片。厚度参考图片。
2 准备红油与郫县豆瓣酱。这里没做过川菜的各位一定要注意！红油和普通辣椒油的区别，郫县豆瓣和一般豆瓣酱也是不同的！郫县豆瓣酱超市有卖。而红油是川菜的精髓，不要随便以为普通油加辣椒粉就能比拟。怕麻烦的还是自己做个青椒炒肉片，不用学这个。附红油具体制作步骤：热油，炒八角桂皮少量，麻椒几粒，生姜两片（实在没有就放十三香对付吧……）。7、8成热后放容器内，捞出调料，撒辣椒粉。凉至5成热及3成热的时候再放两次辣椒粉。OK。不要怕辣，只是看起来很红，味道是很香的。
3 下红油，煎青椒至虎皮状。这样做出来的菜好吃！出锅放一边。
4 下红油，下豆瓣酱。（川菜油放的很多，我们也不要放太少，红油和豆油不一样，吃起来不是很腻。）翻匀，三成熟的时候下肉。
5 肉炒熟一点干一点。比主图那个样子还要干一点。放盐，煎。下青椒翻几下，出锅。"
658834,https://home.meishichina.com/recipe-658834.html,茄子芋头花,茄子：适量 | 芋头花：适量,蒜：适量 | 姜：适量 | 干辣椒：适量,辣酱：适量 | 盐：适量 | 胡椒粉：适量 | 菜籽油：适量,"1 食材：茄子和芋头花。
2 去除芋头花的花芯。
3 去除芋头花的尾部。
4 洗净的芋头花，切成小段备用。（芋头花的花杆部分不用去皮）
5 茄蒂和茄子分开，去除茄蒂里的硬杆。
6 茄子和处理过的茄蒂洗净并切成小段。
7 切好的茄子和茄蒂泡水，防止茄子变黑。
8 准备辣酱，蒜和姜切丝，干辣椒掰成小段。
9 菜籽油烧热后先放入干辣椒段炒至变色，再放蒜丝和姜丝炒香。（喜欢吃花椒的朋友，还可以加一些干花椒或鲜花椒一起炒，味道更香）
10 接着放入辣酱，炒出红油。
11 继续放入茄子和芋头花煸炒，炒至水分收干，锅内出红油。
12 炒过的茄子芋头花入蒸锅蒸25—30分钟，即可。（芋头花要熟透了才好吃，所以需要再蒸一蒸，确保熟透）"
658480,https://home.meishichina.com/recipe-658480.html,灯笼椒炒蛋,灯笼椒：适量 | 鸡蛋：适量,大葱：适量,盐：适量,"1 灯笼椒洗净切丝。
2 鸡蛋打散。
3 加入葱花和盐。
4 锅子烧热放入蛋液。
5 煎至定型。
6 放入灯笼椒翻炒。
7 调味即可。
8 开动了。"
658829,https://home.meishichina.com/recipe-658829.html,素炒青萝卜丝,青萝卜：半个,红椒：半个,盐：少许,"1 半个青萝卜洗净。
2 切成大片。
3 西红柿洗净去皮切成芽。
4 放入盘中备用。
5 锅里放油烧热后下萝卜丝和红椒丝、翻炒。
6 放入西红柿翻炒均匀。"
658555,https://home.meishichina.com/recipe-658555.html,洋葱炒红肠,洋葱：适量 | 红肠：适量,生抽：适量,盐：适量,"1 洋葱切斜刀。
2 红肠切厚片。
3 锅子烧热放入红肠。
4 放入洋葱翻炒。
5 放入适量生抽。
6 翻炒入味。
7 码盘即可。
8 开动了。"
658691,https://home.meishichina.com/recipe-658691.html,芹菜炒肉丝,芹菜：适量 | 瘦肉：适量,生粉：适量 | 胡椒粉：适量 | 糖：适量 | 生抽：适量,盐：适量,"1 芹菜洗净切段。
2 瘦肉切丝。
3 加入适量生抽胡椒粉糖盐。
4 加入适量生粉。
5 拌匀腌制15分钟。
6 锅子烧热放入肉丝滑开。
7 放入芹菜翻炒。
8 调味即可。
9 开动了。"
658826,https://home.meishichina.com/recipe-658826.html,原味排骨,排骨：适量,生抽：适量 | 姜：适量,盐：适量,"1 排骨洗净。
2 飞水备用。
3 锅里放姜片，放入排骨。
4 加入适量生抽炖半小时。
5 加入适量盐炖半小时。
6 捞出来码盘。
7 开动了。"
658818,https://home.meishichina.com/recipe-658818.html,小龙虾,小龙虾：2斤,姜：适量 | 蒜：适量 | 香叶：适量 | 花椒：适量,,"1 这个时节的小龙虾很肥。
2 少许油加入小龙虾，姜蒜，香叶，花椒，少许水，放入盐和料酒和酱油煮15分钟左右即可。
3 留少许汁水，剥出的肉可以蘸水。"
658556,https://home.meishichina.com/recipe-658556.html,蒜香上海青,上海青：适量,大蒜：适量,盐：适量,"1 上海青洗净。
2 大蒜切片。
3 锅子烧水放入适量盐和猪油。
4 放入上海青。
5 灼熟即可捞出来。
6 另起锅蒜片爆香后放入上海青。
7 调味即可。
8 开动了。"
658710,https://home.meishichina.com/recipe-658710.html,洋葱炒苦瓜,洋葱：适量 | 苦瓜：适量,大蒜：适量,盐：适量,"1 苦瓜切片。
2 洋葱切丝。
3 大蒜切碎。
4 锅子烧热放入苦瓜。
5 放入洋葱炒熟。
6 调味即可。
7 开动了。"
658801,https://home.meishichina.com/recipe-658801.html,芦笋炒口蘑,芦笋：适量 | 口蘑：适量,姜：适量,食用油：少许 | 松鲜鲜：适量 | 海盐黑胡椒：适量,"1 芦笋洗净，芦笋切去较老的根部，削去较老的皮。口蘑洗净，去梗。
2 芦笋切断，烧适量开水水沸后，放入芦笋，煮2-3分钟。喜欢软的可以多煮几分钟，根据个人口感喜好决定。口蘑切片，备用。生姜切适量，备用。
3 热锅中放油，放入生姜，稍微爆香，倒入口蘑，翻炒几分钟，此过程中可加少量的盐，增加口蘑的味道。
4 口蘑八成熟时，放入煮熟的芦笋段，翻炒。
5 加松鲜鲜，翻炒。加海盐黑胡椒，翻炒。水基本干了。出锅。出锅后可以根据个人喜好再加少许海盐黑胡椒"
658799,https://home.meishichina.com/recipe-658799.html,青椒萝卜干炒鸡蛋,青椒：120g | 萝卜干：150g | 鸡蛋：3个,蒜：3瓣,油：适量 | 盐：少许 | 酱油：1勺,"1 准备所有的食材，萝卜干用水泡淡咸味。
2 鸡蛋加少许盐调散。
3 青椒去籽。
4 用刀拍扁。
5 切碎。
6 萝卜干和蒜末也切碎，食材准备就绪。
7 起锅烧油，炒香蒜末。
8 倒入萝卜干。
9 炒至干香。
10 倒入青椒，炒至表面起酥皮。
11 倒入鸡蛋液。
12 定定型。
13 最后淋入酱油翻拌入味即可。"
658800,https://home.meishichina.com/recipe-658800.html,酱烧茄子,茄子：3根,植物油：4勺 | 美人椒：5根,甜面酱：1勺 | 香其酱：1勺 | 盐：1/3匙,"1 锅中加入植物油，放入切片茄子煎至两面金黄。
2 余油把切段美人椒煎出虎皮。
3 放入茄子，加甜面酱，香其酱，盐和少许清水，拌一拌大火收汁即可。"
658350,https://home.meishichina.com/recipe-658350.html,梅干菜蒸五花肉,五花肉：适量,梅干菜：适量,花生油：适量 | 蚝油：适量 | 生抽：适量 | 老抽：适量 | 盐：适量,"1 梅干菜提前泡发洗净。
2 五花肉焯过水后洗净切块。
3 锅中热油放入五花肉。
4 煸炒出油脂后盛出部分。
5 加入蚝油，生抽，老抽。
6 翻炒均匀上色入味。
7 放入梅干菜。
8 翻炒均匀，少许盐调味。
9 炒好后盛入碗中。
10 放入电压力锅中，隔水蒸压20分钟左右。"
658797,https://home.meishichina.com/recipe-658797.html,十多香蒜味咸猪肉,梅头肉：1000克,蒜头：8~10瓣 | 花椒：1/2大勺 | 十多香粉：1/2大勺 | 红椒粉：1小勺 | 海盐：1大勺 | 白酒：1大勺,,"1 准备好材料；
2 把蒜头切成小块入粉碎器，再加入花椒，打碎，有颗粒感就可以了，不要打成酱；
3 把粉碎机的材料用扫子扫入碗里，再加十多香、海盐、红椒粉和白酒；
4 搅拌均匀；
5 把肉改刀成四大条，治净后用厨房纸吸干水；
6 将调料均匀地抹在猪肉条上面，用小刀插密密地入肉里好让肉条入味，然后稍按摩；
7 用薄膜包好，先不要放入雪藏柜，如果是冬天可在室温里放几小时以让猪肉入味，如果是夏天可放在平时放温度零上的那格几小时再放雪藏格；
8 冷冻一天后就可以吃了，解冻后用厨房纸抹掉多余出来的调料，蒜头很容易煎糊，所以把蒜头打成颗粒状是有很道理的；
9 肉条入锅，放水约1/4杯；
10 盖好锅盖，小火焖约15分钟，然后开盖，观察肉熟情况，如果尚没完全熟透，可再加2大勺水盖锅盖再焖；
11 时间到后观察肉基本熟了，有探肉针的可以用探入针插在肉最厚的地方探热，如果备探肉针的朋友可以用筷子插入最厚肉的部分看看有否血水渗出，也可以用刀切一口子观察；
12 开中大火，把肉两边煎至焦黄，搞掂，切片享用啦。"
658784,https://home.meishichina.com/recipe-658784.html,番茄炖牛腩,牛腩：1000g | 番茄：4个,姜：1块 | 植物油：1勺 | 大葱：1段 | 小葱：1根,料酒：1勺 | 青花椒粉：1匙 | 五香粉：1匙 | 生抽：2勺 | 盐：1匙,"1 牛腩泡出血水，切块后冷水入锅，加姜片和料酒焯出血水，温水洗净。
2 锅中加入植物油炒香葱姜，放入牛腩翻炒一会儿。
3 加入青花椒粉，五香粉和生抽，炒匀后倒入适量温水。
4 转入砂锅，加入切块番茄，烧开转中火炖40分钟，加盐，中火稍微收下汁，出锅撒葱花即可。"
658781,https://home.meishichina.com/recipe-658781.html,客家蒜头焖猪肉,刀肉：500g | 蒜头：1扎,,油：1勺 | 盐：1g | 冰糖：20g | 料酒：1勺 | 酱油：1勺 | 老抽：半勺 | 蚝油：1勺 | 南乳酱：1勺 | 五香粉：1匙 | 胡椒粉：1匙 | 开水：500ml,"1 刀肉（或五花肉）切大块，不喜欢太肥所以用了刀肉。
2 自家姐姐种的红皮蒜头，特别香，剥洗干净。
3 用酱油、蚝油、老抽、南乳酱调一个酱汁。
4 起锅热油，刀肉入锅煎热。
5 煎至表面泛黄。
6 加入盐、冰糖、料酒，翻炒入味。
7 倒入酱汁。
8 加入五香粉和胡椒粉增香。
9 倒入蒜头。
10 加入开水与肉持平。
11 盖盖焖半小时。
12 时间到，收汁出锅。"
658702,https://home.meishichina.com/recipe-658702.html,酱烧排骨,排骨适量：适量,葱：适量 | 东北大酱：适量 | 姜：适量 | 清水：适量,酱油：适量 | 老抽：适量 | 八角：适量 | 陈皮：适量 | 香叶：适量 | 鸡精：适量,"2 排骨适量，洗干净，备用。
3 排骨放入高压锅中，加入适量，盐，八角香叶，陈皮，大酱，酱油，老抽，盐，焖熟。
4 焖熟排骨倒入锅中，大火收汁。
5 排骨炖好，加入适量鸡精调味，出锅。"
658703,https://home.meishichina.com/recipe-658703.html,炸鸡排,鸡胸肉：适量,面包糠：适量 | 鸡蛋：1个 | 淀粉：适量,油：适量 | 盐：适量 | 胡椒粉：适量 | 料酒：适量,"2 鸡胸肉洗干净，用刀从中间片开，加入适量盐，黑胡椒粉，料酒，抓拌均匀，腌制入味。
3 加入鸡蛋一个，淀粉少许，抓拌均匀入味。
4 鸡胸肉抓拌均匀，备用。
5 面包糠适量，均匀裹上一层。
6 鸡胸肉全部裹上面包糠，做好备用。
7 锅里适量油，八成热下锅炸制，炸熟捞出。"
658664,https://home.meishichina.com/recipe-658664.html,红烧排骨,排骨：适量,葱：适量 | 姜：适量 | 八角：适量 | 香叶：适量 | 陈皮：适量,酱油：适量 | 老抽：适量 | 冰糖：适量 | 鸡精：适量,"2 制作方法:排骨适量清洗干净，加入适量葱姜，陈皮，八角，香叶。
3 加入适量清水，盐，冰糖，酱油，老抽，高压锅焖熟。
4 排骨焖熟，倒入锅中，大火收汁。
5 收好汁，加入适量鸡精调味，出锅。"
658663,https://home.meishichina.com/recipe-658663.html,麻辣香锅,大虾：适量 | 笋尖：适量 | 鱼丸：适量 | 香菇：适量 | 干豆腐丝：适量 | 土豆：适量 | 金针菇：适量 | 油麦菜：适量 | 香肠：1根 | 方便面：1包 | 藕片：适量,香菜：适量 | 火锅底料：适量 | 葱：适量 | 姜：适量 | 蒜：适量 | 干椒段：适量,麻油：适量 | 油：适量 | 酱油：适量 | 盐：适量 | 鸡精：适量,"2 制作方法:准备食材都洗干净，适量藕切，香菇切，笋尖，改刀切好，大虾去掉虾线，备用。
3 准备好，方便面一包，干豆腐丝适量，火腿切小块，备用。
4 油麦菜和香菜适量，洗干净，改刀切小段，备用。
5 所有食材冷水下锅焯烫去生味，熟了捞出。
6 所有食材冷水下锅焯烫去生味，熟了捞出。
7 锅里适量油，葱姜蒜爆干椒段香，放入适量火锅底料炒出红油。
8 加入适量白芝麻，麻油。
9 放入食材翻炒，加入适量酱油，生抽，盐，香油。
10 放入蔬菜，大火翻炒断生。
11 炒好，加入适量鸡精调味，出锅。"
658742,https://home.meishichina.com/recipe-658742.html,甜豆腰果炒鸡丁,鸡胸肉：适量 | 甜豆角：适量 | 腰果：适量 | 笋：适量 | 蒜苔：适量,淀粉：适量,油：适量 | 盐：适量 | 料酒：适量 | 生抽：适量,"1 鸡胸肉切丁，加盐、料酒、生抽、水淀粉拌匀腌制10分钟。
2 甜豆角摘取两端切段，笋片焯水备用，蒜苔切段。
3 腰果炒熟。
4 锅中放油烧热，放入鸡肉丁滑炒变色盛出。
5 锅中留余油，放入甜豆、笋片、蒜苔翻炒至九分熟。
6 放入腰果。
7 放入肉丁，加适量盐调味炒匀。"
658780,https://home.meishichina.com/recipe-658780.html,蒸臭豆腐,臭豆腐：4块,葱：适量,盐：适量 | 辣椒面：适量 | 猪油：适量,"1 臭豆腐4块。
2 臭豆腐洗净。
3 洗净的臭豆腐用手掰成小块放碗里，撒上一层薄盐。
4 撒上辣椒面。
5 放上适量猪油。
6 继续铺上第二层臭豆腐，撒盐、辣椒面，放上猪油，入蒸锅蒸10—15分钟。
7 取出蒸熟的臭豆腐，放入适量葱花，猪油烧热后焦到葱花上。
8 成品图（食用时搅拌均匀即可）。"
658734,https://home.meishichina.com/recipe-658734.html,虾仁炒芦笋,芦笋：适量,虾：少许 | 青红辣椒：各1个,黑椒酱：少许,"1 虾仁洗净加姜丝，料酒，盐，胡椒粉拌匀腌好。
2 芦笋削皮，斜切成段。
3 青椒切斜段，胡萝卜切薄片，蒜切粒。
4 水烧开加盐与少许油，倒入芦笋焯烫二分钟。
5 捞出芦笋晾凉。
6 油锅烧热，下入虾仁翻炒，捞出。
7 锅中放油下入大蒜粒与姜片。
8 放入青红椒与胡萝卜翻炒。
9 在倒入芦笋与虾仁，放盐，在放少许黑椒酱。
10 翻炒出锅即可！简单美味的家常菜做好了！"
658773,https://home.meishichina.com/recipe-658773.html,牛肉士豆烧胡萝卜,熟牛肉：适量一 | 土豆：100克,胡萝卜：半根,松茸鲜：l克,"1 土豆洗净去皮切成小块。
2 胡萝卜及青萝卜切成小块备用。
3 半个白菜切成四半。
4 白菜叶子切成两半。
5 锅里水烧开下入土豆及萝卜块。
6 放入熟牛肉下入白菜叶子。
7 翻炒均匀炖十分钟收汤汁出锅。"
658735,https://home.meishichina.com/recipe-658735.html,油炸南瓜花,南瓜花：少许,鸡蛋：1个,小酥肉粉：1包,"1 南瓜花洗净沥干水。小酥肉粉加入一个鸡蛋，少许的食油和水。
2 把小酥肉粉的胡调成稀稀的流动状态。把南瓜花在壶里面蘸一下。
3 锅中的油烧热，油热后放入南瓜花炸香。
4 捞出装盘即可。喜欢吃味道重的可以撒一点椒盐或辣椒面等等。"
658766,https://home.meishichina.com/recipe-658766.html,烧百叶包,薄百叶：128克 | 肉末：275克,香葱：适量,料酒：适量 | 酱油：适量 | 盐：适量 | 零卡糖：适量,"1 食材：薄百叶、肉末、香葱、面糊。
2 在肉末中加适量的料酒。
3 加适量的酱油。
4 加适量的盐。
5 调味拌匀。
6 将薄百叶放在案板上用剪刀剪开。
7 放入大盆里用开水泡一下。
8 随后，将泡好的千张放在案板上放上拌好的肉末。
9 包起来抹的面糊。
10 像包春卷一样包好。
11 起锅倒油烧热，下入包好的百叶包两面煎一下。
12 然后，加适量的清水。
13 加适量的油。
14 加适量的盐。
15 加适量的零卡糖。
16 调味烧煮15分钟左右。
17 最后，搁入香葱即成。"
658764,https://home.meishichina.com/recipe-658764.html,酒酿鸡腿,鸡腿：5个 | 酒酿：大勺,植物油：1勺 | 大葱：1段 | 姜：1块 | 蒜：3粒 | 八角：1颗 | 小葱：1根,青花椒粉：1匙 | 料酒：1勺 | 生抽：1勺 | 老抽：1/2勺 | 盐：1/2匙,"1 锅中加入植物油，放入剁块的鸡腿翻炒至变色。
2 加入葱姜蒜和八角炒香，放入青花椒粉，料酒，生抽，老抽，酒酿和盐炒匀。
3 倒入适量清水烧开转中火盖盖炖20分钟，转大火收汁，出锅撒葱花即可。"
658763,https://home.meishichina.com/recipe-658763.html,鸡胸肉炒大头菜丝,干大头菜丝：50克 | 鸡胸肉：180克,姜片：适量,料酒：适量 | 盐：适量 | 酱油：适量,"1 食材：干大头菜丝、鸡胸肉（已清洗）、姜片。
2 将干大头菜丝用清水浸泡10分钟。
3 随后，将浸泡好的大头菜丝捞出控干水分。
4 将鸡胸肉和姜片下入清水锅中，加适量的料酒。
5 焯开、15分钟后关火捞出。
6 晾凉。
7 接着，将晾凉好的鸡胸肉撕成丝。
8 起锅倒油烧热，下入撕好的鸡胸肉加适量的盐。
9 加适量的酱油。
10 调味翻炒翻炒。
11 然后，大头菜丝翻炒翻炒即成。"
658761,https://home.meishichina.com/recipe-658761.html,咸菜夜开花煮厚千张丝,厚千张丝：125克 | 咸菜：120克 | 夜开花：1根,,盐：适量 | 味精：适量,"1 食材：厚千张丝、咸菜（已清洗切碎）、夜开花（已清洗）。
2 取125克厚千张丝放入盘中。
3 将夜开花去皮放在案板上切成滚刀块。
4 起锅倒油烧热，下入切好的夜开花和咸菜翻炒翻炒。
5 接着，合入厚千张丝加适量的清水。
6 翻动翻动煮上5分钟。
7 然后，加适量的盐。（试试味道再盐）
8 加适量的味精。
9 调味翻匀即成。"
658758,https://home.meishichina.com/recipe-658758.html,茭白牛心菜炒粉丝,粉丝：80克 | 茭白：1株 | 牛心菜：1个,,酱油：适量 | 盐：适量 | 味精：适量,"1 食材：粉丝、茭白（已剥壳清洗）、牛心菜。
2 将粉丝用清水泡软。
3 将牛心菜撕成小块清洗清洗捞出。
4 将茭白放在案板上切成片。
5 随后，将泡软的粉丝控干水分、加适量的酱油。
6 拌匀。
7 起锅倒油烧热，下入牛心菜和切好的茭白翻炒翻炒。
8 接着，加适量的清水。
9 翻炒翻炒至牛心菜断生。
10 然后，合入粉丝翻炒翻炒。
11 加适量的盐。
12 加适量的味精。
13 调味炒匀即成。"
658757,https://home.meishichina.com/recipe-658757.html,黑木耳茭白素炒芹菜,芹菜：170克 | 茭白：2株 | 黑木耳：10克,,酱油：适量 | 盐：适量,"1 食材：芹菜、茭白（已剥壳清洗）、黑木耳（已提前泡发清洗）。
2 将芹菜摘去叶子去根清洗清洗，捞出。
3 放在案板上切成段。
4 将茭白放在案板上切成丝，黑木耳也切成丝。
5 接着，将切好的茭白和黑木耳下入沸水锅中焯上2分钟捞出。
6 起锅倒油烧热，下入焯好的黑木耳和茭白加适量的酱油翻炒翻炒。
7 然后，合入切好的芹菜翻炒翻炒。
8 最后，加适量的盐。
9 调味炒匀即成。"
658756,https://home.meishichina.com/recipe-658756.html,毛笋烧豆腐,豆腐：350克 | 毛笋：120克,香葱：适量,酱油：适量 | 盐：适量,"1 食材：豆腐、毛笋（已焯熟）、香葱。
2 将豆腐撕开包装倒扣在盘中，用刀划开。
3 将毛笋放在案板上切成片。
4 起锅倒油烧热，下入切好的毛笋翻炒翻炒。
5 接着，合入豆腐加适量的酱油。
6 加适量的盐。
7 加适量的清水。
8 调味烧煮3到4分钟。
9 然后，搁入香葱即成。"
658755,https://home.meishichina.com/recipe-658755.html,毛笋烧猪肉,猪肉：520克 | 毛笋：1株,,料酒：适量 | 酱油：适量 | 盐：适量 | 零卡糖：适量,"1 食材：猪肉（已清洗切开焯水）、毛笋。
2 将毛笋剥壳清洗清洗捞出。
3 放在案板上切成块。
4 随后，将切好的毛笋下入清水锅中焯开捞出。
5 起锅倒油烧热，下入猪肉翻炒翻炒至微黄。
6 接着，加适量的料酒。
7 加适量的开水。
8 先烧煮10分钟。
9 然后，合入焯好的毛笋加适量的酱油。
10 加适量的盐。
11 加适量的零卡糖。
12 调味继续烧煮。
13 最后，烧煮至汤汁差不多了即成。"
658754,https://home.meishichina.com/recipe-658754.html,鸡蛋炒萝卜丝,鸡蛋：2只 | 干萝卜丝：50克,,料酒：适量 | 盐：适量,"1 食材：鸡蛋、干萝卜丝。
2 将干大萝卜丝用清水浸泡10分钟。
3 将鸡蛋打入碗中加适量的料酒。
4 打成蛋液。
5 接着，将浸泡好的萝卜丝捞出控干水分。
6 起锅倒入油烧热，下入萝卜丝加适量的盐。
7 调味翻炒翻炒。
8 然后，合入蛋液。
9 翻炒翻炒至熟即成。"
658750,https://home.meishichina.com/recipe-658750.html,西红柿烧茄子,茄子：2个 | 西红柿：1个,土豆淀粉：1勺 | 植物油：半锅 | 姜：1块 | 蒜：2颗,番茄酱：1勺 | 生抽：1勺 | 盐：1/2匙 | 鸡精：1匙,"1 茄子去皮切块，放入淀粉晃匀。
2 油温7成热放入茄子炸至金黄捞出。
3 锅中余油炒香姜蒜片，放入西红柿炒出汁水。
4 加入番茄酱炒匀，放入茄子块。
5 加入生抽，盐，鸡精和适量清水，大火收至汤汁浓稠即可。"
658726,https://home.meishichina.com/recipe-658726.html,大头菜丝炒莴笋,干大头菜丝：35克 | 莴笋：1根,,盐：适量 | 味精：适量,"1 食材：干大头菜丝、莴笋（已去皮清洗）。
2 将干大头菜丝用清水浸泡10分钟。
3 随后，将浸泡好的大头菜丝捞出控干水分。
4 将莴笋放在案板上切成片。
5 起锅倒油烧热，下入切好的莴笋和大头菜丝翻炒翻炒。
6 然后，加适量的盐。
7 加适量的味精。
8 调味炒匀即成。"
658730,https://home.meishichina.com/recipe-658730.html,简易烧排骨,排骨：适量,,油：适量 | 生抽：适量 | 老抽：适量 | 白糖：适量,"1 烧一些水，把排骨放下去煮去血水、浮沫。
2 焯过水的排骨放碗里，然后放入电压力锅隔水蒸。就用煮饭的功能就可以了，不用太久太烂。
3 热锅下油，把蒸过的排骨放进锅里小火慢煎。注意排骨尽量别带水，要不然会溅锅。蒸过排骨的碗里的汁可以留着煮面啥的。
4 煎到排骨焦黄后放入适量生抽、老抽和白糖翻炒均匀。
5 加入一点水，盖上锅盖稍微焖一下，目的是为了入味。
6 水干得差不多时收汁。
7 出锅。"
658732,https://home.meishichina.com/recipe-658732.html,茭白烧鸡块,鸡块：410克 | 茭白：4株,,料酒：适量 | 酱油：适量 | 盐：适量 | 零卡糖：适量,"1 食材：鸡块（已清洗焯水）、茭白（已剥壳清洗）。
2 将茭白放在案板上切成滚刀块。
3 起锅倒油烧热，下入鸡块翻炒翻炒。
4 接着，加适量的料酒。
5 加适量的开水。
6 烧煮5分钟。
7 然后，合入切好的茭白加适量的酱油。
8 加适量的盐。
9 加适量的零卡糖。
10 调味继续烧煮。
11 最后，烧煮至汤汁差不多了即成。"
658731,https://home.meishichina.com/recipe-658731.html,萝卜丝炒毛豆,毛豆：310克 | 干萝卜丝：40克,,盐：适量 | 味精：适量,"1 食材：毛豆、干萝卜丝。
2 将干大萝卜丝用清水浸泡10分钟。
3 接着，将浸泡好的萝卜丝捞出控干水分。
4 将毛豆剥壳淘洗干净。
5 将毛豆下入沸水中焯上5到6分钟捞出。
6 起锅倒入油烧热，下入焯好的毛豆和萝卜丝翻炒翻炒。
7 然后，加适量的盐。
8 加适量的味精。
9 调味炒匀即成。"
658728,https://home.meishichina.com/recipe-658728.html,菠萝咕咾肉,菠萝：1个 | 里脊肉：1块,番茄酱：适量 | 黄冰糖：适量 | 山楂：适量 | 柠檬：2片,白醋：适量 | 白胡椒粉：适量 | 生抽：2匙 | 料酒：2匙,"1 购买新鲜菠萝，精品小里脊。
2 菠萝切块，放进盐水浸泡去涩味。
3 里脊肉切块。
4 加入适量盐，白胡椒粉，料酒，生抽腌制。
5 再打入一个鸡蛋，加入适量面粉，生粉。
6 充分抓匀，呈凝固状。
7 锅里倒油，五成热，肉下锅炸。
8 炸至金黄色，沥干备用。
9 倒入适量水，白醋，后加入黄冰糖，山楂片熬。
10 熬到锅里气泡，加入番茄酱，再加入柠檬片。
11 糖醋汁熬好，先加入菠萝块翻炒。
12 再加入炸好的肉块，一起翻炒均匀。
13 撒上些白芝麻，一盘色泽亮丽，果香可口的菠萝咕咾肉就做好了。"
658729,https://home.meishichina.com/recipe-658729.html,大头菜丝烧百叶结,百叶结：200克 | 干大头菜丝：60克,,酱油：适量 | 盐：适量 | 零卡糖：适量,"1 食材：百叶结、干大头菜丝。
2 将干大头菜丝用清水浸泡10分钟。
3 随后，将浸泡好的大头菜丝捞出控干水分。
4 起锅倒油烧热，下入百叶结翻炒翻炒。
5 接着，加适量的清水。
6 加适量的酱油。
7 加适量的盐。
8 加适量的零卡糖。
9 调味烧煮5分钟。
10 然后，大头菜丝烧煮2分钟即成。"
658722,https://home.meishichina.com/recipe-658722.html,梅干菜炒江白虾,江白虾：160克 | 梅干菜：35克,,料酒：适量 | 盐：适量 | 酱油：适量,"1 食材：江白虾（已剪去虾须清洗）、梅干菜。
2 将梅干菜用清水浸泡1个小时。
3 随后，将浸泡好的梅干菜清洗干净捞出控干水分。
4 起锅倒油烧热，下入梅干菜翻炒翻炒。
5 接着，合入江白虾加适量的料酒。
6 翻炒翻炒。
7 然后，加适量的盐。
8 加适量的酱油。
9 调味炒匀即成。"
658719,https://home.meishichina.com/recipe-658719.html,青椒香干炒大头菜丝,香干：110克 | 青椒：1个 | 干大头菜丝：70克,,盐：适量 | 味精：适量,"1 食材：香干、青椒（已去蒂去籽清洗）、干大头菜丝。
2 将干大头菜丝用清水浸泡10分钟。
3 将青椒放在案板上切成丝，香干切开。
4 随后，将浸泡好的大头菜丝捞出控干水分。
5 起锅倒油烧热，下入切好的香干和青椒翻炒翻炒至青椒断生。
6 接着，合入大头菜丝翻炒翻炒。
7 然后，加适量的盐。
8 加适量的味精。
9 调味炒匀即成。"
658708,https://home.meishichina.com/recipe-658708.html,炒春笋,鲜笋：300g,薄荷叶：适量 | 假蒌叶：适量,蚝油：2勺,"1 菜市场买处理好的春笋，回家洗净即可使用。
2 鲜薄荷叶洗净备用。
3 蒜和鲜叶切好备用。
4 有五花肉最好，我用猪油把鲜笋炒干片刻。
5 加入所有的调味和配料拌均匀即可出锅。
6 薄荷和鲜笋真的是绝配啊。"
658698,https://home.meishichina.com/recipe-658698.html,虾酱豆腐条,硬豆腐：450克 | 西芹：约100克 | 红椒：1条 | 青椒：1条 | 红萝卜：1/2条 | 大蒜：约50克,姜片：约8片、 | 蒜头：约4瓣 | 香葱：1棵,虾酱：1大满勺 | 酱油糕：2大勺 | 精盐：1/4小勺 | 蚝油：1大勺 | 白糖：1小勺 | 生粉：1/2大勺 | 味啉：1小勺 | 清水或高汤：1/3杯,"1 把豆腐切条，煎至金黄色，锅底留油；
2 西芹、红椒、青椒、红萝卜和大蒜切丝，香葱切段、姜切片、蒜头剁成两半；
3 再升大火，放入红萝卜丝，煸出红油；
4 煸出红油后把红萝卜拨在一边，加入姜片和蒜粒爆片刻；
5 加入虾酱1大满勺，爆香；
6 倒入准备好碗汁，用酱油糕2大勺、精盐1/4小勺、蚝油1大勺、白糖1小勺、生粉1/2大勺、味啉1小勺、清水或高汤1/3杯调制，搅拌均匀，不断搅拌，烧至起大泡；
7 倒入西芹丝、红椒丝、青椒丝和大蒜丝；
8 翻拌均匀，使汁能裹住材料；
9 倒入葱段，稍翻片刻即出锅。Enjoy！"
658680,https://home.meishichina.com/recipe-658680.html,煨牛肉,牛肋条肉：1000g,料酒：适量 | 生抽：适量 | 红烧酱油：适量 | 老抽：适量 | 花椒：适量 | 大料：2个 | 桂皮：1小块 | 红干椒：3个 | 冰糖：1大块,盐：适量,"1 买的牛肋条肉加入少许面粉，反复搓洗冲洗干净。
2 将锅中水烧开，放入料酒，葱段焯水。
3 随时撇去浮沫，直至将肉焯透。
4 准备调料:花椒、大料、桂皮、红干椒。
5 锅中放入适量的食用油，放入调料小火煸香。
6 将切成块的牛肉，放入锅中翻炒。
7 放入适量生抽、老抽、红烧酱油翻炒上香，再加入一块冰糖。
8 放入适量红曲粉(没有可以不放)炖煮10分钟。
9 先将牛肉块取出放入高压锅中，再将所有调料过滤掉，只保留汤汁。
10 高压锅煨制30分钟即可。
11 煨制牛肉香气宜人，口感软烂鲜香，亦可做牛肉面食用。"
658684,https://home.meishichina.com/recipe-658684.html,蘑菇焖酿豆腐,酿豆腐：4块 | 蘑菇：200g | 番茄：1个,小葱：2根,油：适量 | 盐：1g | 酱油：1勺 | 淀粉：2匙 | 清水：适量,"1 买的酿豆腐，没买多，只买了四块。
2 鲜蘑菇、番茄、葱，分别切好。
3 用淀粉加水调一个芡汁备用。
4 起锅热油，酿豆腐入锅煎，酿肉的那面朝下。
5 两面煎香，盛出备用。
6 接着炒蘑菇和番茄。
7 加入适量的盐，炒出汁。
8 加入适量的清水。
9 放入刚刚煎好的酿豆腐，盖盖焖3分钟。
10 时间到，倒入芡汁。
11 倒入酱油调味，把汤汁收至浓稠。
12 最后，放入葱段，拌匀出锅。"
658681,https://home.meishichina.com/recipe-658681.html,鲍鱼椰子鸡,闽正鲍鱼：适量 | 鸡：适量 | 椰青：2颗,枸杞：10颗 | 红枣：3颗 | 小青桔：1颗 | 蒜：3瓣 | 小米辣：1个 | 香菜：适量,生抽：2勺 | 糖：少许,"1 鸡肉切块洗净，加3片姜片焯水，再过清水洗净备用。
2 椰青开口取水备用，对半劈开椰壳用勺子刮下椰肉，切段洗净备用。
3 取汤锅放入鸡肉、椰肉、椰子水、枸杞、红枣，再倒入不超过椰子水量的矿泉水。开大火煮15分钟后，放入鲍鱼转文火慢煨20分钟。
4 趁着炖煮的空隙可以准备椰子鸡的灵魂蘸料。小青桔对半切，搭配蒜泥、小米辣、糖、生抽、香菜即可。
5 文火20分钟时间到后即可出锅，无需另外放其他调料。"
658579,https://home.meishichina.com/recipe-658579.html,酱拌茄子,圆茄子：1个,蒜蓉酱：1勺 | 紫苏酱：1勺,酱油：1勺 | 香油：1勺,"1 圆茄子。
2 切块。
3 入锅蒸15分钟。
4 趁蒸茄子的时间做个酱汁，碗中加入蒜蓉酱、紫苏酱、酱油和香油，拌匀备用。
5 蒸好的茄子。
6 把茄子放入酱碗内。
7 拌匀即可。"
658172,https://home.meishichina.com/recipe-658172.html,蜜汁口蘑鸡翅,鸡中翅：适量 | 口蘑：适量,葱花：适量,花生油：适量 | 生抽：适量 | 蚝油：适量 | 老抽：适量 | 蜂蜜：适量,"1 鸡中翅洗净，再用剪刀对半剪开。
2 加入蚝油，老抽，生抽。
3 抓拌均匀后腌制半小时以上入味。
4 口蘑用淀粉水浸泡洗净。
5 将口蘑改刀切块。
6 锅中热油放入鸡中翅。
7 中小火煎至金黄。
8 放入口蘑。
9 将口蘑煎炒出汁。
10 加入适量蜂蜜。
11 再加入少许薄盐生抽，翻炒均匀即可。"
658677,https://home.meishichina.com/recipe-658677.html,红烧牛肉,牛肉：500克,开水：1000毫升,山楂：7片 | 葱：1棍 | 姜：3片 | 草果：2个 | 香叶：适量 | 卤料汁：|包,"1 牛肉切大块。
2 锅里烧水开后放葱姜料酒。
3 及料酒下入牛肉焯水。
4 牛肉捞出用温水洗净备用。
5 料酒备用。
6 料包备用。
7 松茸卤料包一包备用。
8 锅里放油热后放冰糖开小火化开变色。
9 下入牛肉翻炒。
10 加入开水适量。
11 倒入一包卤料汁。
12 倒入材料炒炒。
13 倒入开水。
14 慢火炖一个半小时。
15 直到汤汁收干。
16 葱花切碎备用。
17 放在牛肉上面。"
658668,https://home.meishichina.com/recipe-658668.html,泡椒牛蛙,牛蛙：6只,泡椒：1碗,蒜：1个 | 菜油：200ml | 花椒：1把 | 淀粉：2勺 | 料酒：2勺 | 酱油：1勺 | 剁椒酱：1勺 | 食盐：1勺 | 味精：半勺,"1 牛蛙去皮去内脏剪去脚趾和嘴清洗干净。
2 抓一把老坛泡椒泡花椒泡姜适量。
3 牛蛙切块备用泡椒切段，泡姜切丝，拍蒜清洗干净放一起备用。
4 牛蛙里倒入2勺淀粉。
5 再倒入2勺料酒混合均匀。
6 热锅烧油。
7 放一把花椒。
8 倒入牛蛙翻炒至水干炒香。
9 放入一勺剁椒酱。
10 倒入一勺酱油翻炒均匀。
11 倒入备用泡椒蒜等佐料翻炒均匀放入一勺盐半勺味精。
12 5分钟左右柔嫩熟透装盘起锅。"
658666,https://home.meishichina.com/recipe-658666.html,冬菜蒸肉饼,刀肉：200g | 冬菜：50g,葱花：适量,油：1勺 | 蚝油：半勺 | 胡椒粉：1匙 | 淀粉：1勺,"1 刀肉一块。
2 自己做的冬菜。
3 把猪肉剁碎，倒入冬菜一起剁。
4 剁好的肉碎放入碗内。
5 冬菜比较咸不需放盐，放入蚝油、胡椒粉、淀粉拌匀。
6 最后加入花生油封住水分。
7 水开入锅蒸15分钟。
8 蒸好了。
9 成品。撒点小葱花点缀，特别下饭。"
658653,https://home.meishichina.com/recipe-658653.html,浇汁鲳鱼,鲳鱼：1条,,盐：适量 | 食用油：适量,"1 将鲳魚洗净去鳃，去内脏，切棱形刀以便入味。
2 鲳魚用料酒，蒸魚豉油、盐、腌制入味后，锅中水烧开，放入蒸魚盘子，放入葱段、盖盖蒸15分钟。
3 料汁:生抽、料酒、姜粉、盐、鸡精、淀粉、水搅拌均匀。
4 锅中放适量的食用油，倒入料汁烧开。
5 准备葱碎，红椒圈。
6 放入红椒圈。
7 将蒸魚的汤汁倒掉，捡出葱段，将魚放入另一个盘中，将刚刚制作的汤汁浇入魚上，撒入绿葱碎即可。"
658654,https://home.meishichina.com/recipe-658654.html,毛豆烧丝瓜,毛豆：适量 | 丝瓜：1根,腌菜：适量 | 肉丸：3个 | 蒜瓣：少许,盐：适量 | 蚝油：适量 | 醋：少许 | 生抽：1勺,"1 准备食材：毛豆去壳，腌菜是买好的，这种腌菜不咸，淡味的。丝瓜洗净去皮。
2 丝瓜去皮后切块状，用盐水浸泡一会儿，防止变色。
3 锅内倒油，油热后倒入毛豆翻炒断生。
4 然后放入腌菜和蒜瓣翻炒均匀，加入一勺生抽翻炒片刻。
5 再放入丝瓜翻炒，加适量盐，再倒入适量的热水。
6 最后放入肉丸，盖上锅盖焖3分钟。揭开锅盖后，倒入点蚝油和醋调味即可。
7 非常下饭又好吃的一道毛豆烧丝瓜就好了！"
658103,https://home.meishichina.com/recipe-658103.html,沙茶牛肉豆腐煲,牛肉：适量 | 潮汕白豆干：适量,红葱头：适量 | 葱花：适量,花生油：适量 | 玉米淀粉：适量 | 老抽：适量 | 蚝油：适量 | 沙茶酱：适量 | 盐：适量,"1 牛肉洗净切薄片。
2 牛肉加入玉米淀粉先抓匀。
3 加入老抽，蚝油，沙茶酱抓匀。
4 最后加入花生油抓匀锁住水份。
5 金针菇洗净切去根部。
6 白豆干改刀切小块（个人偏爱潮汕的这款豆腐）。
7 红葱头洗净切碎。
8 锅中热油放入豆腐。
9 煎至两面金黄。
10 碗中适量清水，加入蚝油，生抽，盐，沙茶酱，玉米淀粉拌匀。
11 锅中少量油炒香红葱头。
12 放上煎好的豆腐。
13 牛肉均匀铺在锅中，倒入料汁。
14 大火煮开至牛肉断生，洒上葱花即可。"
658487,https://home.meishichina.com/recipe-658487.html,油白菜炒香菇,香菇：50克,油白菜：适量,松茸调味料：1克,"1 香菇用温水泡发。
2 油白菜洗净备用。
3 锅里放油热了下入油白菜段翻炒加盐。
4 刮出装盘备用。
5 香菇用开水泡发洗净。
6 切成4半备用。
7 保元汤倒入锅里开后下香锅丁。
8 下入炒好的油白菜一起翻炒加盐。"
658633,https://home.meishichina.com/recipe-658633.html,香椿炒鸡蛋,香椿：50g | 鸡蛋：2个,,盐：1匙,"1 香椿洗干净。
2 开水下锅烫一下，10秒钟。
3 加一点点油，和盐焯水。
4 然后香椿就变色了，绿色了，切段，鸡蛋打碎。
5 鸡蛋和香椿段拌在一起。
6 锅里热油，鸡蛋香椿倒入，大火炒熟。
7 香椿的味道……有点像树叉子。"
658632,https://home.meishichina.com/recipe-658632.html,海参炒杂菇,海参：2根,白玉菇：1袋 | 蟹味菇：1袋 | 海鲜菇：半袋 | 尖椒：1个 | 小米辣：1个 | 蒜：半个,蚝油：1勺 | 酱油：1勺 | 盐：1匙,"1 准备食材。
2 海参泡发切丁，蒜切片，辣椒切末。
3 蘑菇洗干净，加一点盐焯水。
4 起锅热油，炒香蒜片。
5 放入蘑菇炒炒炒，加蚝油酱油。
6 放入海参。
7 炒炒炒。
8 好好吃。"
658631,https://home.meishichina.com/recipe-658631.html,腊肉炒青豆,青豆：200g | 腊肉：5-6片,蒜：3瓣 | 虾仁：5-6个,,"1 腊肉切丁，蒜切片，切丁。
2 青豆扒成粒，焯水煮熟。
3 腊肉炒出油，放入蒜片虾仁炒出香味炒熟，放入青豆炒炒炒。
4 出锅放一点点盐。"
658622,https://home.meishichina.com/recipe-658622.html,丝瓜炒鸡蛋,丝瓜：700g | 鸡蛋：3个,蒜末：10g,油：适量 | 盐：适量 | 蚝油：1勺,"1 丝瓜。
2 削去外皮，切滚刀块。
3 碗中打入三个鸡蛋。
4 适量的盐，调拌入味。
5 蒜末。
6 起锅热油，倒入蛋液。
7 煎至成块，盛出备用。
8 锅中再次热油，倒入蒜粒爆香。
9 倒入丝瓜。
10 丝瓜炒软，加入适量的盐调味。
11 再倒入鸡蛋，加入蚝油。
12 翻炒入味出锅。"
658591,https://home.meishichina.com/recipe-658591.html,茼蒿两吃,茼蒿：一把,玉米面：适量 | 杂粮面：适量,十三香：适量 | 菜油：适量 | 盐：适量 | 大蒜：适量 | 小米椒：一颗 | 白糖：适量,"1 茼蒿一把。
2 把茼蒿叶子和杆分别摘出。
3 茼蒿叶泡盐水清洗干净。
4 再切点香肠丁。
5 根据茼蒿叶的量，准备些玉米面和杂粮面，加点十三香（可以加自己喜欢的香料）、盐。
6 做一个自己喜欢吃的蘸料。
7 茼蒿叶冲洗干净，控净水分，先加点油拌匀。
8 再加入面粉和香肠丁与茼蒿叶翻拌。
9 蒸锅烧开水，笼屉上铺好拌好的茼蒿叶。
10 盖盖，大火蒸3分钟左右。
11 时间到，香喷喷的茼蒿叶就蒸好了。
12 装盘，加点自己喜欢的蘸料，真的很美味！
13 清洗好的茼蒿杆切段。
14 再准备点蒜末和小米椒圈。
15 炒锅热水，水开放入茼蒿杆汆烫半分钟左右捞出。
16 炒锅热油，爆香蒜米和小米椒。
17 放入茼蒿杆翻炒，加适量盐、白糖。
18 起锅装盘，香辣脆嫩的口感非常好吃。。
19 茼蒿两吃，可以试试??"
658614,https://home.meishichina.com/recipe-658614.html,瘦肉千张炒四季豆,瘦肉：120克 | 厚千张：135克 | 四季豆：180克,,料酒：适量 | 酱油：适量 | 盐：适量 | 味精：适量,"1 食材：瘦肉（已切成丝）、厚千张、四季豆（已清洗折段）。
2 将厚千张放在案板上切开。
3 接着，将切好的厚千张和四季豆下入沸水锅中焯开，5到6分钟后捞出。
4 起锅倒油烧热，下入瘦肉翻炒翻炒至变色。
5 然后，加适量的料酒。
6 加适量的酱油。
7 翻炒翻炒。
8 最后，合入焯好的四季豆和厚千张、加适量的盐。
9 调味翻炒翻炒即成。"
658615,https://home.meishichina.com/recipe-658615.html,蒜薹炒肉,蒜薹：适量,肉：适量,油：适量 | 十三香：适量 | 酱油：适量 | 盐：适量 | 鸡精：适量,"2 制作方法:蒜薹适量洗干净，改刀切小段。
3 蒜薹切好，备用。
4 猪肉适量，改刀切丝，备用。
5 锅里适量，姜爆锅，放入肉丝炒熟，放入蒜薹，加入适量十三，酱油，盐，大火翻炒。
6 蒜薹炒好，加入适量鸡精调味。"
658613,https://home.meishichina.com/recipe-658613.html,风味茄子,茄子：2个,葱：适量 | 蒜：适量 | 姜：适量 | 淀粉：适量,油：适量 | 十三香：适量 | 酱油：适量 | 盐：适量 | 鸡精：适量,"2 制作方法:茄子适量洗干净，去皮，切小块，备用。
3 容器中加入少许淀粉，均匀裹上一层。
4 六成油温下锅炸。
5 茄子炸熟，捞出。
6 锅里适量油，葱姜蒜干辣椒爆香。
7 放入芹菜炒几下。
8 放入茄子，加入适量盐，酱油，少许水淀粉。
9 大火翻炒，炒好，加入适量鸡精调味，出锅。"
658584,https://home.meishichina.com/recipe-658584.html,酱大骨头,猪棒骨：适量,葱：适量 | 姜：适量 | 陈皮：一块 | 八角：适量 | 香叶：适量,盐：适量 | 酱油：适量 | 老抽：适量 | 冰糖：少许 | 料酒：适量,"2 制作方法:猪棒骨适量，洗干净备用。
3 猪骨头放入高压锅中，加入适量八角，香叶，陈皮，葱姜。
4 加入适量清水，酱油，老抽，冰糖少许，盐，高压锅焖熟。
5 把煮熟的猪骨头放入锅中，大火收汁。
6 酱好猪骨头出锅。"
658593,https://home.meishichina.com/recipe-658593.html,香煎马鲛鱼,马鲛鱼：2块,料酒：适量 | 五香粉：适量 | 食用油：适量,盐：适量,"1 马鲛里洗净，放入料酒、盐、五香粉调匀后放入马鲛魚腌制入味（反复翻面)。
2 将马鲛魚均匀的沾满玉米淀粉。
3 锅中放入适量食用油（不心多），将马鲛魚放入锅中，中小火煎制。
4 勤翻面煎制，使其均匀受热。
5 取出煎好的马鲛魚装入盘中，魚鲜味美，外酥里嫩。
6 太极米饭，搭配焦嫩马鲛魚做为午餐。"
658582,https://home.meishichina.com/recipe-658582.html,芹菜炒粉,芹菜：适量,粉条：适量 | 肉：适量 | 葱：适量 | 姜：适量 | 蒜：适量,油：适量 | 十三香：适量 | 酱油：适量 | 盐：适量 | 鸡精：适量,"2 制作方法:粉条适量提前用清水泡软，备用。
3 芹菜适量，洗干净，改刀切小块，备用。
4 锅里适量油，葱姜蒜爆香。
5 放入适量肉丝，炒熟。
6 加入少许清水，十三香，酱油，粉条炖一会八成熟。
7 放入芹菜，加入适量盐，大火翻炒芹菜去生味。
8 炒好，加入适量鸡精调味，出锅。"
658578,https://home.meishichina.com/recipe-658578.html,素炒南瓜,香芋南瓜：1个,蒜末：10g,油：适量 | 盐：2g,"1 香芋南瓜。
2 去皮切厚块。
3 起锅烧油，爆香蒜末。
4 倒入南瓜翻炒2至3分钟。
5 炒至南瓜微微发软，放入适量的盐，继续翻炒入味。
6 加入清水，没过南瓜，焖6~7分钟。
7 时间到，水分收干，出锅。"
658577,https://home.meishichina.com/recipe-658577.html,蚝油豆腐,豆腐：500g | 肉末：50g,蒜末：10g | 葱花：10g,油：适量 | 盐：适量 | 蚝油：1勺 | 豆瓣酱：1勺 | 酱油：1勺 | 老抽：半勺 | 淀粉：2匙 | 胡椒粉：1匙 | 清水：适量,"1 豆腐切厚块。
2 肉末、蒜末、葱花。
3 碗中放入蚝油、豆瓣酱、酱油、老抽，加适量的清水拌匀。
4 淀粉、胡椒粉加适量清水调个芡汁。
5 起锅烧油，炒香蒜末和肉粒。
6 加入水煮开。
7 倒入豆腐，加入适量的盐入味。
8 倒入酱汁。
9 盖盖煮3分钟。
10 时间到，倒入芡汁。
11 汤汁煮至浓稠，加入葱花即可。"
658567,https://home.meishichina.com/recipe-658567.html,红椒炒五花肉,五花肉：300克 | 红尖椒：3个,姜：4片 | 蒜：2瓣 | 蒜苗：1棵 | 豆豉：40粒,盐：2克 | 鸡精：2克 | 生抽：1勺 | 老抽：几滴,"1 带皮五花肉入锅煮15分钟。
2 红尖椒去籽，斜切成片。
3 准备适量豆豉，蒜苗切段，姜切片，蒜拍扁。
4 煮熟的五花肉放凉切成薄片。
5 锅留底油，下五花肉小火煸炒出油，多余的油盛出。
6 下豆豉、姜片、蒜头炒出香味。
7 下红椒片大火翻炒断生。
8 加少量盐、鸡精，淋入一勺生抽、几滴老抽翻炒上色。
9 最后下蒜段翻炒几下即可。"
658566,https://home.meishichina.com/recipe-658566.html,拔丝土豆,土豆：适量,白糖：适量 | 清水：适量,油：适量,"2 制作方法:土豆适量，去皮洗干净，改刀切小块，备用。
3 土豆块加入少许玉米淀粉，均匀裹上。
4 锅里适量油，六成油温下锅炸。
5 炸制金黄酥脆，捞出。
6 锅里加入一勺清水，一勺白糖，小火熬制。
7 糖慢慢熬制香油色。
8 放入土豆，表面裹上糖汁，出锅。"
658563,https://home.meishichina.com/recipe-658563.html,韭菜炒鸡蛋,韭菜：适量,鸡蛋：4个 | 姜：适量,油：适量 | 十三香：适量 | 盐：适量 | 酱油：适量 | 鸡精：适量,"2 制作方法:韭菜适量洗干净，备用。
3 韭菜改刀切小段，备用。
4 锅里适量油，四个鸡蛋打散，油烧开，倒入鸡蛋液煎熟，鸡蛋盛出备用。
5 锅里少许油，加入姜爆锅，十三香，放入食材翻炒。
6 韭菜稍微蔫了，放入鸡蛋，加入适量酱油，盐，大火翻炒。
7 韭菜生味炒出来，加入适量鸡精调味，出锅。"
658562,https://home.meishichina.com/recipe-658562.html,照烧酱烤排骨,肋排：1大块,,,"1 把排骨底部的筋膜撕去，并一分为二，因为空气炸锅较小，只一块一块的烤；
2 置一碗，倒入照烧酱2大勺、生抽1大勺、老抽1/2大勺、黑椒粉1/3小勺、玫瑰露1大勺，搅拌均匀；
3 把排骨有肉的一面划成菠萝丁形状，深至骨头，以容易入味；
4 倒入调制好腌肉的汁，用手轻轻搓均匀；
5 用锥子在肉面扎密密的洞能更好地入味；
6 分别用锡纸包好肋排；
7 放入空气炸锅400°F，烤30分钟，再翻面烤10分钟，拆开锡纸，用烤肉温度计在肉最厚的地方插入，如果温度超过170°F和肉肉不渗血水即为熟透，肋骨太大，只能在空气炸锅逐块烤；
8 用饭碗，放入照烧酱1大勺、蜜糖1大勺、蚝油1/2大勺、生抽1大勺，调匀；
9 表面烤汁刷在肋骨的正面，肋排放入回空气炸锅，肉面朝上，设置400°F，6～8分钟，烤至偏红的古铜色，如果颜色尚浅，可再烧3～5分钟；
10 把肋骨翻转背面，在背面也涂一层烧汁，同样温度烤5～7分钟，烤至我们需要的成色；
11 置一小锅在炉上，加入用剩的表面烤汁，兑入清水2/3杯，加入生粉1/2大勺和芝麻油1小勺，升大火，不断搅拌，烧至汁起大泡，关火，将汁浇在肉面上，完成，请看成品图。"
658435,https://home.meishichina.com/recipe-658435.html,花甲焖鲈鱼,鲈鱼：适量 | 花甲：适量,生姜：适量 | 紫苏叶：适量,花生油：适量 | 蚝油：适量 | 老抽：适量,"1 花甲用盐水浸泡吐沙洗净。
2 生姜洗净切片。
3 紫苏叶清洗一下备用。
4 鲈鱼洗净下锅小火煎。
5 煎至两面金黄。
6 锅中热油炒香姜片。
7 放入煎好的鲈鱼。
8 加入适量蚝油，生抽。
9 加入清水。
10 大火煮开后转小火焖五分钟左右。
11 放入花甲。
12 煮至花甲开口。
13 放入紫苏叶，盖上焖30秒左右即可出锅。"
658553,https://home.meishichina.com/recipe-658553.html,豆芽炒韭菜,豆芽：适量 | 韭菜：适量,姜：适量,油：适量 | 十三香：适量 | 酱油：适量 | 鸡精：适量,"2 制作方法:韭菜适量洗干净，备用。
3 韭菜改刀切小段，备用。
4 豆芽适量，洗干净备用，
5 锅里适量油，姜爆香，加入十三香，放入豆芽大火翻炒。
6 加入韭菜，适量盐，酱油，翻炒断生。
7 炒好，加入适量鸡精调味，出锅。"
658552,https://home.meishichina.com/recipe-658552.html,西葫芦炒鸡蛋,西葫芦：1个 | 鸡蛋：4个,葱：适量 | 蒜：适量,油：适量 | 十三香：适量 | 盐：适量 | 鸡精：适量,"2 制作方法:西葫芦洗干净，改刀切片，备用。
3 锅里适量油，烧开，鸡蛋四个打散，放入锅中煎熟，盛出备用。
4 锅里少许油，葱姜蒜爆香，加入适量十三香，放入食材大火翻炒，翻炒去生味。
5 放入鸡蛋，加入适量盐，翻炒均匀。
6 炒好，加入适量鸡精调味，出锅。"
658549,https://home.meishichina.com/recipe-658549.html,木耳大葱炒肉片,水发木耳：1杯 | 竹笋：约1杯 | 乔州大葱：1大棵 | 红萝卜片：1把 | 猪肉：约100克,,蒜头：2粒 | 生姜：5片 | 精盐：1/2小勺 | 胡椒粉：1/2小勺 | 生抽：1/2大勺 | 白酒：1/2大勺,"1 把木耳水发后摘好蒂，太大块的撕成小片，大葱切段，把葱白部分破半，改刀红萝卜片，准备好罐头笋；
2 把蒜头和生姜改刀成片，取几段葱切丝，都用来炝锅；
3 瘦肉切片，加入生抽1小勺、精盐1/4小勺、胡椒粉1/3小勺、生粉小勺，用手抓匀，再加菜油1/2大勺，再抓匀；
4 把罐头竹笋焯一下水，捞起，留水不倒；
5 用刚才锅里的水焯木耳，烧约5分钟，让木耳软一些，捞起备用；
6 起锅放少量油，把肉炒至刚断生，拨在一边，让锅里的油流到中间，放入蒜头和生姜，爆香；
7 倒入红萝卜片、木耳和竹笋，点放精盐1/2小勺和胡椒粉1/2小勺，兜匀；
8 加入全部大葱，在锅边淋入生抽，洒入白酒1/2大勺，快速兜匀，出锅！"
658033,https://home.meishichina.com/recipe-658033.html,紫菜鱿鱼饼,鱿鱼：1个 | 紫菜：1个 | 鸡蛋：2个,番薯粉：2勺,花生油：适量 | 盐：适量 | 胡椒粉：适量,"1 锅加热放入紫菜将两面煎至绿色，煎好后放保鲜袋捏碎。
2 鱿鱼洗净撕去膜。
3 改刀切小丁。
4 放入捏碎的紫菜。
5 打入鸡蛋。
6 加入番薯粉，少许盐和胡椒粉调味。
7 抓拌均匀。
8 至无干粉状态。
9 锅中少许底油，舀入面糊。
10 小火慢煎至定型。
11 煎至两面金黄即可。"
658526,https://home.meishichina.com/recipe-658526.html,牛肉炖土豆,牛肉：适量 | 土豆：适量,胡萝卜：适量 | 葱：适量 | 姜：适量,油：适量 | 十三香：适量 | 酱油：适量 | 盐：适量,"2 制作方法:牛肉适量洗干净，改刀切小块，备用。
3 牛肉放入高压锅中，加入适量清水，一块陈皮，焖熟备用。
4 土豆胡萝卜适量去皮，改刀切小块，备用。
5 锅里适量油，葱姜爆锅，牛肉焖熟，汤汁放入锅中。
6 放入食材，加入适量盐，十三香，酱油，炖煮15分钟。
7 牛肉土豆炖好，加入适量鸡精调味，出锅。"
658525,https://home.meishichina.com/recipe-658525.html,香菇尖椒炒肉,香菇：适量 | 尖椒：适量,肉：适量 | 葱：适量 | 姜：适量 | 蒜：适量,油：适量 | 十三香：适量 | 酱油：适量 | 盐：适量,"2 制作方法:适量香菇尖椒洗干净，改刀切小块，备用。
3 香菇冷水下锅焯烫去生味，捞出，控干水分备用。
4 锅里适量油，葱姜蒜爆香，加入适量十三香，酱油，放入食材大火煸炒，加入适量的盐。
5 炒好，加入适量鸡精调味，出锅。"
658523,https://home.meishichina.com/recipe-658523.html,白豆角炒茄子,白豆角：400g | 茄子：2 根,蒜瓣：4 粒 | 葱：少许,食用油：少许 | 猪油：少许 | 盐：少许 | 生抽：少许 | 胡椒粉：少许,"1 所用食材。
2 茄子切滚刀块撒上盐杀水，然后用水泡一下挤干水分。
3 白豆角摘洗干净备用。
4 热锅凉油，锅中加少许猪油。
5 倒入豆角和茄子蒜瓣少许水一起大火颠炒。
6 翻炒片刻后加盐生抽调味，再沿锅边淋一些水煮一下即成，加入葱段。
7 摆盘。
8 成品图再来一张。"
658522,https://home.meishichina.com/recipe-658522.html,抖辣椒,红辣椒：3个 | 葱花：适量 | 姜粒：适量 | 蒜粒：适量,盐：适量 | 酱油：适量 | 湖南豆油：适量 | 味精：适量,,"1 锅中热油，将火调小，放红椒（洗净去蒂，切成圆圈状）翻炒至熟、变软（青椒要炒至焦白色）。注：不放水。
2 放切碎的姜和蒜，炒匀。
3 放盐、酱油炒匀。
4 放豆油炒匀。
5 撒上葱花炒匀，出锅。
6 一起放入椒钵中（安仁人做抖辣椒的专用器具，其他器具无法代替此好效果），用木槌抖烂辣椒。"
658302,https://home.meishichina.com/recipe-658302.html,双耳炒羊肉,银耳：50克,木耳：8O克 | 熟羊肉：少许,盐：少许 | 味极鲜：适量,"1 银耳用温水泡发。
2 木耳也泡发洗净备用。
3 熟羊肉备用。
4 锅里放油烧热放羊肉煸炒。
5 倒入黑白木耳及青椒块翻炒倒入调味品炒均匀。
6 出锅(成品图)。"
658520,https://home.meishichina.com/recipe-658520.html,葱烧豆腐,豆腐：200克,青辣椒：沂,葱：|根 | 油：适量 | 松茸鲜：1克 | 辣椒油：适量,"1 豆腐用手挷成小块。
2 放在盘子里备用。
3 大葱切成马踢状青辣椒切成小块。
4 锅里放油热后倒入豆腐。
5 炸成两面金黄装在盘子里备用。
6 锅里留底油下葱段煸炒出香味。
7 小碗里放松茸鲜。
8 辣椒油。
9 红烧酱油适量。
10 倒入少量开水搅匀。
11 倒入豆腐和调料及青辣椒块。
12 慢炖20分钟。"
658519,https://home.meishichina.com/recipe-658519.html,西葫芦蚕豆炒肉片,瘦肉：适量 | 西葫芦：适量 | 蚕豆：适量 | 胡萝卜：适量,淀粉：适量,盐：适量 | 料酒：适量 | 生抽：适量,"1 夹心瘦肉切薄片，加盐、料酒、生抽、水淀粉拌匀腌制约10分钟。
2 蚕豆下沸水中焯水2分钟捞出。
3 稍凉后去壳剥出豆瓣。
4 西葫芦、胡萝卜切片。
5 锅中放油烧热，放入肉片滑炒变色盛出。
6 锅中留余油，先放入胡萝卜和西葫芦翻炒一会。
7 放入蚕豆同炒至熟。
8 合入炒好的肉片，加盐、少许生抽调味炒匀。"
658514,https://home.meishichina.com/recipe-658514.html,清蒸鲈鱼,鲈鱼：1条,蒸魚豉油：适量 | 料酒：适量 | 葱段：适量 | 姜片：适量 | 小红椒片：适量 | 食用油：适量,盐：适量,"1 将鲈魚洗净去血鳃，鳞、魚内脏等，将魚两侧切斜刀以便入味。
2 将料酒，葱段、姜片、蒸魚豉油腌制20分钟，水烧开后将魚盘放入锅中盖盖，隔水蒸15分钟。
3 取出蒸好的鲈魚，捡出葱姜、倒出汤汁。
4 重新加入蒸魚豉油，葱花、小红椒片，烧开的热油浇入魚身即可。"
658510,https://home.meishichina.com/recipe-658510.html,水煮鱼片,草根鱼：适量,葱：适量 | 姜：适量 | 蒜：适量 | 花椒粒：适量 | 麻椒粒：适量 | 淀粉：适量 | 鸡蛋清：一个 | 干豆腐：适量 | 香菇：适量 | 豆芽：适量,油：适量 | 郫县豆瓣酱：适量 | 火锅底料：适量 | 盐：适量 | 料酒：适量 | 生抽：适量 | 胡椒粉：适量,"2 制作方法:草根鱼处理干净，备用。
3 鱼去头去尾，把鱼背上的肉从头到尾切下来，改刀切片。
4 鱼片放入清水中，加入适量的料酒，少许盐，葱姜蒜，浸泡半个小时，洗血水。
5 鱼骨头洗干净，备用。
6 鱼片洗干净，加入适量盐，鸡精，蛋清一个，料酒，淀粉，抓拌均匀入味。
7 配菜喜欢吃什么随意放，适量豆芽，香菇，干豆腐，备用。
8 配菜炒烫去生味，捞出，控干水分备用。
9 锅里适量油，把鱼骨头煎熟。
10 鱼骨头煎熟，盛出备用。
11 锅里适量油，葱姜蒜爆香，加入适量火锅底料，郫县豆瓣酱，炒出红油。
12 加入适量开水，捞出渣子倒掉。
13 配菜放入锅中入一味，捞出放入容器中，备用。
14 鱼骨头放入锅中，香菇放入锅边炖，顿煮15分钟，鱼骨头捞出。
15 小火放入鱼片，慢慢煮熟，出锅。
16 鱼片出锅，倒入容器中。
17 放入适量麻椒干椒段，锅烧热油，淋入上面，瞬间激出香味，即可食用。"
658509,https://home.meishichina.com/recipe-658509.html,松鼠鱼,草根鱼：适量,葱：适量 | 姜：适量 | 蒜：适量 | 淀粉：适量 | 番茄酱：适量,油：适量 | 白糖：适量 | 白醋：适量 | 生抽：适量 | 盐：适量,"2 制作方法:草根鱼处理干净，备用。
3 根鱼去头去尾，用刀把鱼背上的肉从头到尾切下来。鱼肉斜切改刀，不要把鱼皮切断。
4 鱼切完掉过来，斜切改刀。
5 鱼改刀完，放入清水浸泡半小时，加入适量料酒，盐少许，葱姜蒜，洗出血水。
6 鱼控干水分，用厨房巾把鱼表面水擦干，备用。
7 鱼表面均匀裹上淀粉，抖落抖落淀粉。
8 六成油温下锅炸，炸制金黄酥脆，捞出。
9 鱼炸好，摆入盘中，备用。用鱼肚肉，剪出松鼠头部，裹满淀粉下锅炸熟，捞出摆入盘中。
10 锅里适量油，加入适量的盐，白糖，白醋，生抽少许，番茄酱，水淀粉，熬煮酸奶糊状即可，关火。
11 料汁淋入鱼表面，即可食用。用花椒粒点缀眼睛鼻子，松树针点缀胡须。"
658020,https://home.meishichina.com/recipe-658020.html,松茸焖鸡,干松茸：适量 | 鸡肉：适量,姜片：适量,花生油：适量 | 蚝油：适量 | 老抽：适量 | 玉米淀粉：适量 | 盐：适量,"1 适量干松茸备用。
2 加入清水提前泡发洗净。
3 鸡肉斩块后擦干水份。
4 加入适量玉米淀粉，盐，蚝油，老抽。
5 抓拌均匀腌制半小时左右。
6 锅中热油放入鸡肉。
7 中小火煎至金黄。
8 放入松茸。
9 翻炒均匀炒出香味。
10 加入适量清水煮开。
11 盖上小火焖15至20分钟。
12 汤汁有多再适当收一下汁即可。"
658497,https://home.meishichina.com/recipe-658497.html,香酥鸡柳,鸡胸肉：适量,葱：适量 | 姜：适量 | 淀粉：适量 | 鸡蛋：1个 | 面包糠：适量,油：适量 | 孜然粉：适量 | 料酒：适量 | 辣椒面：适量 | 鸡精：适量 | 盐：适量 | 胡椒粉：适量,"2 制作方法:鸡胸肉洗干净，改刀切小条，用水浸泡出血水，控干水分备用。
3 容器中加入适量盐，料酒，胡椒粉，葱姜水少许，辣椒面，孜然粉，鸡蛋一个，淀粉，搅拌均匀入味。
4 鸡柳每一根表面都裹上面包糠。
5 鸡柳全部裹满面包糠，备用。
6 锅里适量油，中火炸制，食材放入锅中定型一会，晃动食材。
7 炸制金黄酥脆，捞出。"
658496,https://home.meishichina.com/recipe-658496.html,酸菜炒粉,酸菜：适量 | 粉条：适量,肉：适量,油：适量 | 十三香：适量 | 生抽：适量 | 盐：适量 | 鸡精：适量,"2 制作方法:适量酸菜改刀切丝，用清水洗两次，攥出多余水分，备用。
3 粉条适量，提前用水泡软，备用。
4 锅里适量油，葱姜蒜爆香，放入适量肉丝炒熟。
5 锅中放入少许清水，放入食材，加入适量十三香，酱油，盐，食材翻炒都吸满汤汁，粉条熟了。
6 加入适量水淀粉勾薄欠，加入适量鸡精调味，出锅。"
658501,https://home.meishichina.com/recipe-658501.html,酸梅排骨,排骨：700克,姜：少许 | 蒜：少许 | 红葱头：少许 | 酸梅：适量,油：适量 | 酱油：少许 | 老抽：少许 | 香醋：适量 | 糖：少许,"1 清洗干净的排骨(用盐和面粉清洗)。
2 准备:姜，蒜，红葱头。
3 酸梅。
4 需要捏碎易出味。
5 热锅放少许油，把排骨放下去中火煎。
6 反面煎至两面稍微焦香。
7 放入姜蒜红葱头炒香。
8 调适量的酱油，老抽，糖翻炒均匀。
9 把酸梅放入。
10 添加与食材平面的开水。
11 大火烧开。
12 转中小火，盖上盖子焖煮30分钟以上(软烂程度视各人喜爱)。
13 这是焖煮了二十五分钟左右的样子加入一勺香醋继续煮十分钟左右。
14 最后大火收汁即可。
15 收汁后色泽红亮很有食欲。"
658255,https://home.meishichina.com/recipe-658255.html,炖地三鲜,茄子：|个 | 胡萝卜：|个,土豆：|个 | 青椒：1个 | 开水：少许,酱油：适量 | 松茸鲜调味品：|克 | 油：适量 | 腐乳汁：适量,"1 胡萝卜1个去皮洗净。
2 切成三角块备用.
3 茄子也切成三角块放在碗里放点盐洗净备用。
4 锅里倒油烧热。
5 下入茄子油炸一下。
6 捞出备用。
7 倒入胡萝卜块炒一下。
8 炒匀加土豆块炒匀。
9 青辣椒洗净切块备用。
10 锅里加少量开水。
11 碗里倒入腐乳汁。
12 酱油及盐搅匀。
13 倒入开水。
14 倒在锅里慢火炖10分钟。"
658489,https://home.meishichina.com/recipe-658489.html,酸甜猪脚,猪脚：2只,,盐：8克 | 料酒：30克 | 生抽：20克 | 老抽：10克 | 镇江醋：40克 | 冰糖：60克 | 姜：1块 | 八角：1颗 | 丁香：5颗 | 草果：2颗,"1 准备食材。
2 猪脚焯水后洗净倒入锅中，依次加入所有的调味料。
3 再倒入两大碗清水没过猪脚。
4 开大火煮开。
5 然后将生姜切块加入锅中，转小火煮一个半小时至猪脚软烂。
6 然后转大火收汁，装盘即可。"
658488,https://home.meishichina.com/recipe-658488.html,茭白烧肉骨,茭白：4株 | 肉骨：530克,,料酒：适量 | 酱油：适量 | 盐：适量 | 零卡糖：适量,"1 食材：茭白（已剥壳清洗）、肉骨（已清洗焯水）。
2 将茭白放在案板上切成滚刀块。
3 起锅倒油烧热，下入肉骨翻炒翻炒。
4 接着，加适量的料酒。
5 加适量的开水。
6 烧煮15分钟。
7 然后，合入切好的茭白加适量的酱油。
8 加适量的盐。
9 加适量的零卡糖。
10 调味继续烧煮。
11 最后，烧煮至汤汁差不多了即成。"
658482,https://home.meishichina.com/recipe-658482.html,黑木耳红肠炒茭白,红肠：120克 | 茭白：2株 | 黑木耳：25克,,酱油：适量 | 盐：适量,"1 食材：红肠、茭白（已剥壳清洗）、黑木耳（已泡发洗净）。
2 将茭白放在案板上切成片。
3 将红肠放在案板上切成片。
4 将切好的茭白和黑木耳下入沸水锅中焯上2分钟后捞出。
5 起锅倒油烧热，下入焯好的黑木耳茭白和切好的红肠翻炒翻炒。
6 然后，加适量的酱油。
7 加适量的盐。
8 调味炒匀即成。"
658470,https://home.meishichina.com/recipe-658470.html,蚝油西兰花,西兰花：1颗,蒜头：2瓣,蚝油：1勺 | 盐：2克 | 鸡精：1克 | 芝麻油：几滴,"1 西兰花切小成小朵，清洗干净。
2 蒜头拍扁剁碎，蚝油一勺备用。
3 锅里烧开水淋入几滴油，下西兰花焯水15秒。
4 焯过水的西兰花，盛出控水。
5 锅加底油，小火下蒜末爆香。
6 加入一勺蚝油翻炒几下，少量鸡精，几滴芝麻油，再淋入适量淀粉水。
7 下西兰花翻炒均匀。"
658467,https://home.meishichina.com/recipe-658467.html,蒜香鲫鱼籽,鲫鱼籽：适量,花椒粒：适量 | 蒜：适量,油：适量 | 盐：适量 | 香油：适量 | 鸡精：适量,"2 鲫鱼适量，鲫鱼籽去掉黑衣，烹饪不会发苦。
3 鲫鱼籽适量，挑出黑衣，洗干净备用。
4 锅里适量，花椒粒扁香捞出，放入适量蒜蓉，扁香，捞出渣子。
5 放入鲫鱼籽，翻炒，加入适量的盐，炒好，加入几滴香油，适量鸡精调味，出锅。
6 粒粒蒜香味十足，香醇饱满，下饭又美味。"
658466,https://home.meishichina.com/recipe-658466.html,干炸鲫鱼,鲫鱼：适量,葱：适量 | 姜：适量 | 蒜：适量,料酒：适量 | 盐：适量 | 鸡精：适量,"2 制作方法:鲫鱼处理干净，鱼肚子里的黑衣洗干净，备用。
3 鲫鱼处理干净，加入适量，盐，料酒去腥，十三香，葱姜蒜，搅拌均匀，腌制入味。
4 六成油温下锅炸鱼，下锅快速盖好锅盖，防止溅油，炸制一会水分挥发差不多，开锅盖，中火慢慢炸制。
5 鱼慢慢炸制金黄。
6 鲫鱼表面金黄酥脆，捞出。
7 香酥美味，好吃下饭。"
658465,https://home.meishichina.com/recipe-658465.html,腰缠万贯虾,大虾：适量,面包丝：适量 | 葱：适量 | 鸡蛋液：适量,料酒：适量 | 盐：是啊,"2 制作方法:大虾适量，去皮挑出虾线，处理干净，备用。大虾一字用牙签穿入大虾里。
3 大虾冷水下锅，加入适量料酒，葱，盐少许，煮熟。
4 大虾煮熟，捞出沥干水分备用。
5 面包丝适量铺平整，刷一层蛋液。
6 大虾放入边缘，从一边卷起来。
7 全部做好，备用。
8 中火炸制，用勺子淋上热油定型。
9 放入锅中炸制金黄。
10 炸制表面都金黄，捞出。
11 外酥里嫩，可以蘸番茄酱吃，别有一番风味。"
658463,https://home.meishichina.com/recipe-658463.html,芥兰牛肉饼,芥兰：适量 | 牛肉：适量,生抽：适量 | 胡椒粉：适量 | 黑椒粉：适量 | 姜：适量 | 洋葱：适量 | 糖：适量,盐：适量,"1 芥兰梗切花刀，泡水十分钟。
2 飞水备用。
3 摆盘。
4 牛肉剁碎，加入适量生抽胡椒粉糖盐拌匀。
5 加入适量洋葱碎拌匀。
6 锅子烧热放入肉饼，压平，煎熟。
7 码盘，撒上黑椒粉。
8 开动了。"
658264,https://home.meishichina.com/recipe-658264.html,咖喱鸡,鸡块：适量 | 猪肉：适量,卷心菜：适量 | 胡萝卜：适量 | 洋葱：适量 | 芹菜：适量 | 土豆：适量 | 咖喱：适量 | 椰浆：适量 | 生抽：适量,盐：适量,"1 鸡块飞水。
2 卷心菜洗净。
3 胡萝卜切斜刀。
4 洋葱斜切。
5 芹菜切段。
6 土豆切块浸水。
7 锅子烧热放入鸡块。
8 放入胡萝卜。
9 放入咖喱粉。
10 放入椰浆煮半小时。
11 放入土豆。
12 放入卷心菜。
13 放入洋葱翻炒入味。
14 放入芹菜炒熟，调味即可。
15 开动了。"
658047,https://home.meishichina.com/recipe-658047.html,八宝菜炒肉片,八宝菜：适量 | 瘦肉：适量,大葱：适量 | 生抽：适量 | 生粉：适量 | 胡椒粉：适量,盐：适量,"1 八宝菜。
2 大葱切小粒。
3 瘦肉切片。
4 加入适量生抽胡椒粉糖盐拌匀。
5 锅子烧热放入肉片。
6 放入八宝菜翻炒。
7 加入大葱，调味即可。
8 开动了。"
658347,https://home.meishichina.com/recipe-658347.html,青椒洋葱炒腊肠,青椒：适量 | 洋葱：适量 | 腊肠：适量,大蒜：适量 | 生抽：适量,盐：适量,"1 灯笼椒切丝。
2 洋葱切丝。
3 腊肠切片。
4 锅子烧热放入腊肠煎香。
5 放入青椒丝。
6 放入洋葱翻炒。
7 调味即可。
8 开动了。"
658019,https://home.meishichina.com/recipe-658019.html,酸豆角炒鸡蛋,酸豆角：适量 | 鸡蛋：适量,蒜头：适量,花生油：适量 | 蚝油：适量,"1 酸豆角洗净切碎。
2 鸡蛋打入碗中搅拌均匀。
3 蒜头切碎备用。
4 锅中热油倒入鸡蛋液。
5 将鸡蛋炒至金黄后盛出。
6 热油放入蒜末。
7 放入酸豆角翻炒。
8 炒过的鸡蛋回锅。
9 加入适量蚝油。
10 大火快速翻炒均匀即可。"
658451,https://home.meishichina.com/recipe-658451.html,泡椒笋炒牛肉,牛肉：350g | 泡椒笋：300g,香菜：2根 | 蒜：3瓣,蚝油：1勺 | 胡椒粉：3匙 | 酱油：1匙 | 盐：1匙 | 淀粉：1匙,"1 牛肉泡出血水，抓匀码低味腌制10分钟。
2 泡椒笋捞出来。
3 起锅热油。
4 把牛肉炒变色，盛出来备用。
5 一丢丢的油，小火煸炒泡椒笋，炒出香味。
6 放入牛肉，大火翻炒几下。
7 脆嫩好吃。"
658441,https://home.meishichina.com/recipe-658441.html,红烧日本豆腐,日式豆腐：4条,干木耳：若干片 | 青红辣椒：各1个,蚝油：少许,"1 日式豆腐中间用刀切段，两边倒出，再次段成小段。
2 黑木耳用水泡发开。把豆腐依次放入淀粉中打滚。
3 逐个放油锅中炸成金黄色。
4 锅里放油烧热下入大蒜粒，青红辣椒翻炒香。
5 倒入黑木耳和日本豆腐翻炒，酱油，盐，蚝油，放水焖。
6 焖一小会儿入味。
7 最后勾芡出锅即可，简单易学的家常菜出锅了，就着这个菜可以吃两碗米饭。"
657630,https://home.meishichina.com/recipe-657630.html,虾牛烩,牛肉：适量 | 虾：适量 | 莲藕：适量,蒜末：适量 | 干辣椒：适量 | 葱花：适量,花生油：适量 | 海底捞火锅底料：适量 | 玉米淀粉：适量 | 老抽：适量 | 蚝油：适量,"1 牛肉洗净切薄片。
2 加入生抽，蚝油，老抽，玉米淀粉。
3 抓拌均匀后加入花生油拌匀静置20分钟。
4 鲜虾剪去虾枪虾须后开背去虾线，再洗净。
5 莲藕洗净去皮切薄片。
6 蒜头剁碎，干辣椒切碎，香葱洗净切葱花备用。
7 锅中热油放入火锅底料。
8 翻炒均匀炒香。
9 加入适量清水。
10 放入莲藕。
11 大火煮开将莲藕煮至断生捞出。
12 放入牛肉。
13 虾也一起下锅（喜欢香一点的可以把虾油炸一下）。
14 大火煮开至牛肉和虾断生捞出装盘。
15 放上芥末和干辣椒，淋上热油，放入葱花即可。"
658449,https://home.meishichina.com/recipe-658449.html,炸藕盒,藕：适量 | 肉馅：适量,葱：适量 | 姜：适量 | 淀粉：适量 | 面粉：适量,油：适量 | 十三香：适量 | 生抽：适量 | 香油：适量 | 鸡精：适量,"2 制作方法:藕去皮洗净干净，备用。
3 藕切薄片，两片一组，不要切断。
4 藕片用清水洗出淀粉，冷水下锅焯烫去生味，捞出，过凉水，控干水分备用。
5 肉馅选择猪前槽肉七分瘦三分肥，肉馅适量，加入适量的盐，香油，十三香，鸡精，鸡蛋一个，淀粉少许，葱花适量，姜水少许，油适量，顺一个方向搅拌均匀入味，备用。
6 藕片中间夹入适量肉馅，全部做好，备用。
7 玉米淀粉100克，面粉50克，鸡蛋一个，盐少许，清水适量，顺一个方向搅拌均匀，加入少许油，调成酸奶糊状即可。
8 耦盒放入面糊里，表面都裹满面糊。
9 锅里适量油，六成油温下锅炸耦盒。
10 耦盒第一遍炸熟，捞出。
11 第二遍复炸，油温烧热炸30秒，耦盒捞出。
12 耦盒外酥里香，口感鲜嫩可口。"
658447,https://home.meishichina.com/recipe-658447.html,香酥茄盒,茄子：适量 | 肉馅：适量,葱：适量 | 姜：适量 | 淀粉：适量 | 面粉：适量,油：适量 | 十三香：适量 | 鸡精：适量 | 生抽：适量 | 香油：适量 | 盐：适量,"2 制作方法:茄子适量，洗干净备用。
3 猪前槽肉馅适量，加入适量盐，十三香，鸡精，香油，生抽，从花，鸡蛋一个，姜水少许，油适量，淀粉少许，顺一个方向搅拌均匀入味，备用。
4 茄子改刀切片，两片一组，不要切断。
5 茄子中加入适量肉馅，全部做好备用。
6 淀粉100克，面粉50克，盐少许，鸡蛋一个，清水适量，搅拌均匀，加入少油，泡打粉3克，搅拌酸奶糊状即可。
7 茄盒表面裹适量玉米淀粉。
8 茄盒表面均匀的裹上面糊。
9 锅里适量油，六成油温下锅炸，第一遍炸熟，捞出。
10 第二遍复炸，油温烧热，炸制30秒，金黄捞出。
11 鲜嫩多汁，美味可口。"
658434,https://home.meishichina.com/recipe-658434.html,番茄菠萝肉,猪肉：300g,菠萝：1个 | 番茄：5个 | 胡萝卜：1个 | 青椒：2个,淀粉：6勺 | 盐：2勺 | 味精：半勺 | 食用油：250ml,"1 番茄洗净切丁。
2 菠萝去皮。
3 切块后用清水冲洗一遍。
4 盐水浸泡备用。
5 胡萝卜切条，青椒切块备用。
6 猪肉切2厘米左右正方形。
7 加入6勺淀粉。
8 一勺食盐。
9 半勺味精。
10 加少许水混合均匀。
11 倒入250ml热锅烧油。
12 放入猪肉，炸至金黄。
13 变焦黄后捞出。
14 倒入青椒和胡萝卜20秒捞出热油另外用碗倒出装好。
15 番茄入锅，加水煮水没过西红柿。
16 煮软烂后捞出皮和渣。
17 放2勺白糖。
18 熬成番茄酱。
19 倒入炸好的肉和胡萝卜和青椒。
20 再放进盐水泡好的菠萝。
21 再放一勺盐。
22 翻炒均匀收汁出锅。
23 酸甜可口，开胃必备。"
658428,https://home.meishichina.com/recipe-658428.html,葱姜炒蛏子,蛏子王：适量,葱：适量 | 姜：适量,盐：适量 | 白砂糖：适量 | 料酒：适量 | 白酒：适量 | 淀粉：适量,"1 蛏子王洗净放入水中加盐、清油浸泡三小时吐沙。
2 捞出沥干水分。
3 锅中烧水加入葱姜和料酒。
4 水烧开后下入蛏子王焯水三分钟。
5 水再次烧开捞出蛏子王。
6 清洗干净去掉外卖和脏东西。
7 最好把这个沙囊剪掉。
8 准备两份葱姜，一小碗水淀粉。
9 锅中倒油开中小火下入一份葱姜煸炒。
10 葱姜炒蔫后捞出开大火。
11 开大火。
12 下入蛏子王翻炒几下。
13 加入一点白酒翻炒均匀。
14 加入盐、白砂糖翻炒均匀至汤汁变多。
15 加入第二份葱姜翻炒至葱姜变蔫。
16 沿锅边倒入水淀粉翻炒至汤汁浓缩变亮关火装盘。"
658420,https://home.meishichina.com/recipe-658420.html,芦笋虾仁炒玉米,芦笋：适量,玉米粒：适量 | 虾仁：适量 | 葱：适量 | 蒜：适量 | 姜：适量,油：适量 | 盐：适量,"2 制作方法:芦笋适量，清洗干净备用。
3 芦笋冷水下锅焯烫去生味，捞出过凉水，控干水分备用。虾仁冷水下锅，加入少许盐，炒熟捞出备用。
4 玉米粒适量，冷水下锅，水开焯烫30秒捞出，控干水分备用。
5 芦笋改刀切小段，备用。
6 锅里适量油，葱姜蒜爆香，放入食材翻炒，加入适量盐，翻炒均匀。
7 炒好，加入几滴香油调味，出锅。"
658415,https://home.meishichina.com/recipe-658415.html,豇豆炒鸡蛋,大鸡蛋：2枚 | 豇豆：约200克,,精盐：1/2小勺 | 胡椒粉：1/3小勺 | 菜油：1大勺,"1 把豇豆切成粒，鸡蛋打散，加入精盐1/3小勺、胡椒粉1/4小勺、菜油1大勺，在碗里用叉子打均匀；
2 锅置炉上，开中火，倒入豇豆，慢慢翻炒，煸至刚刚断生；
3 煸好后倒在蛋液里，翻拌几下；
4 锅置炉上开中大火，锅热放底油，倒入蛋液；
5 锅里的蛋液稍凝固，用铲子捣成块，翻炒至微焦，出锅享用。"
658412,https://home.meishichina.com/recipe-658412.html,蒜白煎鸡蛋,蒜白：1小把 | 土鸡蛋：5个,,油：1勺 | 盐：2g,"1 蒜白。
2 切细粒。
3 碗里打入5个土鸡蛋。
4 加入盐调味。
5 搅拌均匀。
6 起锅烧油，倒入蒜粒炒至变色。
7 倒入鸡蛋液。
8 中小火煎制。
9 煎至两面定型成块即可。"
657913,https://home.meishichina.com/recipe-657913.html,上汤豆苗,豆苗：适量,鸡蛋：适量 | 瘦肉：适量 | 生抽：适量 | 生粉：适量 | 胡椒粉：适量 | 姜：适量 | 糖：适量,盐：适量,"1 肉切片放入适量生抽胡椒粉糖盐拌匀。
2 锅子烧热放入肉片。
3 另起锅煎蛋。
4 放入肉片汤。
5 豆角放入开水中。
6 断生后捞出来。
7 加入肉片蛋汤。
8 开动了。"
658381,https://home.meishichina.com/recipe-658381.html,腊肠炒小香芹,小香芹：适量 | 腊肠：适量,大蒜：适量 | 生抽：适量,,"1 小香芹洗净。
2 切段。
3 腊肠切厚片。
4 锅子烧热放入腊肠。
5 放入芹菜翻炒。
6 调味即可。
7 开动了。"
658400,https://home.meishichina.com/recipe-658400.html,红焖牛软骨,牛软骨：适量,洋葱：适量 | 黄豆酱：适量 | 生抽：适量 | 老抽：适量 | 黄冰糖：适量 | 姜：适量 | 大葱：适量,盐：适量,"1 牛软骨洗净飞水。
2 锅子烧热放入牛软骨。
3 加入适量黄豆酱。
4 放入姜葱。
5 加入适量开水后分别加入适量生抽老抽焖2个小时。
6 洋葱切小块。
7 待收汁后加入洋葱翻炒。
8 调味即可。
9 开动了。"
658399,https://home.meishichina.com/recipe-658399.html,芦笋炒肉,芦笋：适量,里脊肉：适量 | 葱：适量 | 姜：适量 | 蒜：适量 | 干椒段：适量,油：适量 | 十三香：适量 | 生抽：适量 | 盐：适量 | 鸡精：适量,"2 制作方法:芦笋适量，洗干净，备用。
3 芦笋把根部切断，去皮，备用。
4 芦笋改刀切切小段，备用。
5 猪里脊肉适量，改刀切片。
6 食材冷水下锅，搭配一点胡萝卜，炒烫去生味。
7 食材捞出，过凉水，控干水分备用。
8 锅里适量油，葱姜蒜干辣椒爆香。
9 放入肉炒熟，加入适量十三香，生抽。
10 放入食材翻炒，加入适量盐，翻炒均匀。
11 炒好，加入适量鸡精调味，出锅。"
658398,https://home.meishichina.com/recipe-658398.html,蒜香芦笋,芦笋：适量,蒜：适量,油：适量 | 生抽：适量,"1 制作方法:芦笋适量，清洗干净，备用。
2 芦笋把根部切断，用削皮刀去皮。
3 芦笋冷水下锅，加入少许盐，油几滴，炒烫去生味，捞出。
4 芦笋捞出，过冷水，控干水分备用。
5 锅里适量油，放入适量蒜蓉，小火扁香，加入适量生抽，激出香味，关火。
6 食材摆去盘中，淋汁，即可食用。蒜香芦笋，口感清脆爽口，蒜香味十足，清香四溢，美味独特。"
658397,https://home.meishichina.com/recipe-658397.html,韭菜炒面线,面线：200g | 韭菜：1把 | 瘦肉：50g,蒜末：10g,油：适量 | 酱油：适量 | 胡椒粉：1匙,"1 面线是熟的，还带有咸味。
2 先放入清水中浸泡半个小时，把咸味泡淡。
3 韭菜清洗干净。
4 切成段，备用。
5 猪肉切成丝，用酱油、淀粉、油拌均。
6 准备适量的蒜末。
7 起锅热油，倒入肉丝。
8 炒熟铲出。
9 倒入蒜末炒香。
10 倒入面线。
11 两面炒至焦香。
12 倒入韭菜翻炒。
13 韭菜炒至断生，加入肉丝。
14 淋入酱油，撒入胡椒粉，炒出香味出锅。"
657901,https://home.meishichina.com/recipe-657901.html,紫菜虾滑肉饼,虾滑：（安井虾滑）适量 | 肉丸酱：适量,紫菜：适量,花生油：适量,"1 热锅放入紫菜，将紫菜两面烘至变绿色。
2 烘过的紫菜放入保鲜袋，把它捏碎。
3 碗中放入生的肉丸酱。
4 加入虾滑。
5 加入紫菜。
6 混合抓拌均匀。
7 取一小部分肉酱捏圆后再按压成饼状。
8 锅中热油放入肉饼。
9 小火将两面煎至金黄即可。
10 煎好的肉饼一口咬下爆汁。"
658387,https://home.meishichina.com/recipe-658387.html,水煮肉片,里脊肉：适量,豆芽：适量 | 金针菇：适量 | 木耳：适量 | 干豆丝：适量 | 葱：适量 | 姜：适量 | 蒜：适量 | 花椒：适量 | 麻椒：适量 | 干椒段：适量,油：适量 | 郫县豆瓣酱：适量 | 火锅底料：适量 | 盐：适量 | 生抽：适量 | 鸡精：适量 | 胡椒粉：适量,"2 制作方法:猪里脊肉适量，改刀切片，备用。
3 肉片切好，容器中加入少许盐，料酒，搅拌均匀入味。
4 加入适量清水，清洗出腥味，水倒掉。
5 肉水分控干，加入适量淀粉，盐，料酒，蛋清一个，搅拌均匀入味，备用。
6 配菜根据自己喜好添加，准备适量金针菇，干豆丝。
7 适量豆芽和木耳，备用。
8 锅里适量的清水，加入少许盐，放入食材，炒烫食材去生味，捞出。
9 不用过凉水，控干水分备用。
10 锅里适量油，葱姜蒜爆锅，放入适量花椒和干椒丝，煸炒香味。
11 加入适量郫县豆瓣酱，火锅底料，炒出红油。
12 加入适量的清水，煮开，捞出渣子倒掉。加入适量盐，胡椒粉，生抽调味。
13 炒烫好的食材放入锅中，入味即可捞出。
14 捞出食材放入容器中，备用。
15 肉片放入锅中，小火煮熟即可，不宜煮时间长了，肉口感不好。
16 肉煮熟，汤汁放入容器中。
17 煮好肉片，加入适量干椒段，麻椒粒，锅里烧热油，淋入干椒段麻椒粒上面，瞬间激出香味。"
658386,https://home.meishichina.com/recipe-658386.html,菠萝咕咾肉,菠萝：1个 | 猪里脊肉：适量,淀粉：适量 | 番茄酱：适量 | 胡萝卜：适量 | 青椒：1个,油：适量 | 盐：适量 | 料酒：适量 | 白糖：适量 | 白醋：适量,"2 制作方法:菠萝一个去皮，改刀切小块，菠萝放入容器中，清水中加入少许盐，浸泡10分钟，去涩味，菠萝口感更甜。
3 选择猪里脊肉，口感鲜嫩，肉适量，改刀切小块。
4 用清水把肉清洗出血水去腥，控干水分备用。
5 肉一半，土豆淀粉一半，加入少许水，搅拌均匀。
6 加入适量油，搅拌酸奶糊状即可，静止30分钟左右。
7 适量青椒胡萝卜，改刀切小块，备用。
8 锅里适量油，五成油温下肉块，稍微定型，用容器轻轻晃动。
9 第一遍炸熟，捞出。
10 第二次复炸，油温烧热，放入肉块，炸制30秒捞出，复炸口感更酥脆。
11 炸完肉块，把胡萝卜青椒过油10秒捞出。
12 调料汁，锅里少许油，葱姜蒜爆香，捞出渣子，加入适量番茄酱，白醋，白糖，少许水淀粉，盐，勾芡酸奶糊状。
13 放入食材翻炒均匀，表面都裹满汁，即可出锅。"
658380,https://home.meishichina.com/recipe-658380.html,笋子木耳炒牛肉,泡发的木耳：适量 | 笋子：|根,熟牛肉：适量,辣椒：|根 | 盐：少许,"1 笋子去皮洗净。
2 切片备用。
3 保元汤里加入熟牛肉倒入锅里。
4 泡发木耳。
5 倒入笋片。
6 倒入木耳翻炒。
7 炒匀加点盐可以出锅。"
658367,https://home.meishichina.com/recipe-658367.html,小酥肉,里脊肉：适量 | 鸡胸肉：适量 | 食用油：适量（炸制用）,,,"1 家里现有两种肉，红色是里脊肉，白色是鸡胸肉，洗干净切成条状。
2 加入一勺盐，一勺面粉适的清水，抓匀并反复洗净至水清。
3 洗净去除水份，加入葱、姜、生抽、盐1勺、生抽、蚝油1勺、胡椒粉适量。
4 拌至均匀，静置20分钟使其入味。
5 调个脆炸糊:面粉2大勺，红薯淀粉1大勺、鸡蛋2个、盐2小勺搅拌均匀后，再加入30度的适量清水。
6 搅拌至酸奶状即可，再加入1大勺食用油搅拌均匀。
7 此状态即可。
8 将腌好的肉中捡出葱、姜。
9 将脆炸糊倒入肉条中。
10 拌至均匀即可。
11 锅中放入适量的食用油烧至5层热，逐条将肉下入锅中炸制。
12 第一遍炸好后捞出放入盆中。
13 第二遍再复炸一次，使其酥脆。
14 将炸好的小酥肉装入盘中，小酥肉口感鲜香、酥脆。"
658374,https://home.meishichina.com/recipe-658374.html,韭菜炒豆芽,绿豆芽：400g,韭菜：少许,蒜瓣：3 粒 | 食用油：少许 | 野葱：少许 | 醋：少许 | 生抽：少许 | 盐：少许 | 胡椒：少许 | 猪油：少许,"1 绿豆芽野葱摘洗干净备用，蒜瓣切片备用。
2 几根韭菜摘洗干净备用。
3 锅烧热，加少许油润锅。
4 加入食用油和少许猪油，倒入豆芽韭菜野葱蒜片一起大火颠炒十几秒。转小火沿锅边加入醋生抽，再加盐胡椒调味关火。
5 成品图一。
6 成品图二。
7 成品图三。"
658362,https://home.meishichina.com/recipe-658362.html,香煎小平鱼,小平鱼：多条,料酒：适量 | 五香粉：适量 | 淀粉：适量 | 食用油：适量,盐：适量,"1 小平魚洗净去鳃去内脏处理干净，再将魚正反两面切斜刀，加入适量的料酒、盐、五香粉反复拌匀，静置入味。
2 取一条平魚沾满淀粉，逐条沾满淀粉备用。
3 锅中放适量油烧热，放入小平魚煎制。
4 炸制金黄酥脆时捞出控油。
5 装盘上桌，小平魚颜色金黄、酥脆、做为早餐的一道菜，还炒了蔬菜搭配。"
658360,https://home.meishichina.com/recipe-658360.html,香椿炒蛋,香椿：适量 | 鸡蛋：适量,,油：适量 | 盐：适量 | 料酒：适量,"1 香椿洗净。
2 下沸水中焯水去除草酸，捞出过凉。
3 攥干水分切细。
4 鸡蛋磕在碗中，加盐、料酒打成蛋液。
5 放入香椿末拌匀。
6 锅中放油烧热，倒入香椿蛋液炒熟。
7 成品，春天的味道。"
657520,https://home.meishichina.com/recipe-657520.html,鸭肉花菜饭,花菜：300g | 鸭胸脯肉：200g,小米辣：3个,榨菜：20g | 老干妈：1勺 | 盐：适量,"1 花菜用清水浸泡。
2 放入锅中煮开。
3 煮到变色变软。
4 捞出花菜。
5 切碎。
6 小米辣切碎。
7 用煮花菜的水煮鸭胸脯肉煮熟。
8 捞出切成小丁。
9 把所有食材和调料放入大盆中抓拌均匀。
10 充分入味。
11 即可食用。"
658352,https://home.meishichina.com/recipe-658352.html,酸辣土豆丝,土豆：1个,青椒：0.5个 | 红椒：0.5个 | 香菜：2颗,盐：0.5g | 鸡精：0.5g | 醋：0.5g | 酱油：0.5g | 食用油：5g | 蒜米：2g,"1 准备一个土豆青红椒各半个香菜少许。
2 青红椒切丝香菜切段蒜切米干辣椒少量。
3 3.用蒜米干辣椒爆锅。
4 土豆切丝青椒切丝香菜切段备用。
5 土豆切丝放锅里焯水。
6 焯熟。
7 将土豆丝焯熟后在锅内控干水分。
8 调料倒入翻炒。
9 装盘。
10 装盘效果。"
658343,https://home.meishichina.com/recipe-658343.html,炒五彩蔬菜,土豆：半个 | 木耳：适量 | 胡萝卜：半个,保元汤：一碗 | 青辣椒：半个,辣椒面：少许 | 酱油：少许 | 盐：少许,"1 将胡萝卜土豆青辣椒切成小抉。
2 锅里放油下胡萝卜及木耳。
3 倒入其它材料翻炒。
4 翻炒均匀倒入皮芽子。
5 倒入酱油翻炒加盐及辣椒面拌匀。"
658304,https://home.meishichina.com/recipe-658304.html,蒸苜蓿,苜蓿：200克,水：600毫升 | 玉米面：适量,祘末：4个 | 醋：适量 | 油：少许 | 盐：适量,"1 苜蓿去掉杂质放入盆子里。
2 水里放盐泡5分钟洗净。
3 控水备用。
4 加包谷面粉。
5 拌匀。
6 上锅蒸熟(10分钟后)关火。
7 拌个料汁沾着吃。"
658340,https://home.meishichina.com/recipe-658340.html,咸肉豆干炒豇豆,豇豆：约300克 | 咸肉：约50克 | 豆干：约300克,青椒：1/2条 | 蒜头：1瓣,生抽：1大勺 | 精盐：1/3小勺 | 白糖：1/4小勺 | 胡椒粉：1/3勺 | 白酒：1/2大勺,"1 清洗刚摘下的豇豆；
2 豆干和咸肉改刀成条状、豇豆改成为段、蒜头切片、辣椒切圈；
3 咸肉入锅，升中火，煸出油后盛起咸肉，锅底留油；
4 加入豆腐干，煸成浅金黄色，出锅备用；
5 锅放底油，加入蒜片和辣椒圈，爆香；
6 倒入豇豆，炒至断生；
7 倒入豆干和咸肉，点入精盐1/3小勺、白糖1/4小勺、胡椒粉1/3小勺，翻炒几下；
8 再在锅边淋入生抽1大勺和白酒1/2大勺，快速兜匀，出锅、开饭。"
658330,https://home.meishichina.com/recipe-658330.html,葱油鸡,土鸡：500g,沙姜：1小块 | 红葱头：30g | 姜：几片,热油：1勺 | 盐：2匙 | 酱油：1勺 | 香油：适量,"1 用到的主要食材半只鸡，先用盐腌半个小时。
2 放入几片姜。
3 入锅蒸25分钟。
4 接下来做葱油，准备红葱头和沙姜。
5 剁碎，放入碗内。
6 浇入热油。
7 再加入酱油和香油，葱油就做好了。
8 时间到，鸡肉蒸好出锅。
9 斩件装盘。
10 浇入葱油。"
658124,https://home.meishichina.com/recipe-658124.html,橄榄油拌菠菜,菠菜：300g,橄榄油：1勺,盐：适量 | 菜籽油：半勺,"1 菠菜洗净。
2 水烧开以后，放入半勺油和盐，可以保证煮出菠菜的又绿又嫩。
3 水开以后放入菠菜煮。
4 再次煮开后用筷子搅拌一下，让菠菜均匀受热。
5 捞出菠菜切成小段。
6 加入橄榄油和盐拌匀。
7 装盘。"
658123,https://home.meishichina.com/recipe-658123.html,烧牛肉,牛肉：800g,八角：2个 | 三奈：2块 | 陈皮：1块 | 花椒：1勺 | 十三香：1勺 | 干辣椒：1勺,盐：适量 | 料酒：2勺,"1 牛肉洗净切成块。
2 用清水反复清洗后，放入料酒浸泡30分钟。
3 浸泡后再次清水清洗沥水捞出备用。
4 放入高压锅，加入十三香，花椒，陈皮，八角，三奈等调料。
5 放入干辣椒段和清水，高压锅30分钟。
6 再焖30分钟后开盖。
7 加入盐调味。
8 出锅。"
658319,https://home.meishichina.com/recipe-658319.html,辣炒鸡心,鸡心：50g,青椒块：10g | 香菜段：0.5g,盐：0.2g | 鸡精：0.2g | 醋：0.2g | 酱油：0.2g,"1 准备青椒块香菜段。
2 鸡心切薄片。
3 用油煎炸后放锅里焖煮。
4 炒好后倒入青红辣椒块香菜段。
5 炒好后盛出装盘。"
658313,https://home.meishichina.com/recipe-658313.html,蒸紫藤花,紫藤花：400克,面粉：适量 | 蒜：1头,盐：2勺 | 食用油：2勺 | 五香粉：2勺 | 辣椒粉：1勺,"1 人间四月，紫藤飘香，以花入食，秀色可餐。
2 紫藤花除了用来观赏，也可以入食。
3 取紫藤花瓣，淡盐水浸泡30分钟。
4 洗净，放漏筐里，晾干水分。
5 洗净的紫藤花放入大一点的容器里，加入食用油、五香粉。
6 根据自家口味放盐，拌匀。
7 分次加入面粉，拌匀。
8 让每朵小花都均匀的裹上一层薄薄的干面粉，整个是散散的状态。
9 拌好的紫藤花平铺在蒸盘里，放入蒸箱蒸20分钟。
10 蒸好后倒入盆中，泼热油，拌匀。
11 将辣子蒜泥拌入菜中，享用吧。
12 既有花的清香，还有丝丝嚼劲，味道好极了。
13 用这个方法还可以蒸槐花、榆钱、苜蓿等等春菜。
14 我要开动啦。"
658308,https://home.meishichina.com/recipe-658308.html,茄汁酸甜豆腐,硬豆腐：约450克（北豆腐）,红萝卜粒：1/2杯 | 青豆：1/2杯 | 葱头：1个 | 蒜头：2瓣,,"1 豆腐改刀为条或块，倒入烧开加了盐1小勺的开水，滚片刻捞起滤水；
2 把玉米淀粉2大勺、生粉1大勺调匀后加入豆腐里，轻轻搅拌均匀；
3 把葱头1个、蒜瓣2粒剁碎备用；
4 准备一碗，把茄汁2大勺、白醋2大勺、白糖2+1/2大勺、生粉2/3大勺、芝麻油/2大勺、清水1杯搅拌均匀；
5 把红萝卜粒和青豆解冻；
6 把豆腐入锅浅炸，浅炸意为不用炸得太深色，炸的温度不要太高，中小火即可；
7 开大火再把油温提高，把豆腐炸得深色一些，快快捞起沥油；
8 把红萝卜粒和青豆粒过一过油；
9 锅置炉上，大火，锅热加底油，倒入葱末和蒜末，爆香；
10 倒入碗汁，烧至起大泡，有泡顶勺的感觉，熄火；
11 倒入豆腐、青豆红萝卜粒，翻拌均匀，出锅。OK，Enjoy！"
658285,https://home.meishichina.com/recipe-658285.html,回锅肉炒油菜心,熟五花肉：适量 | 油菜心：适量,姜：适量,油：适量 | 盐：适量 | 料酒：适量 | 生抽：适量,"1 嫩油菜心洗净切成段。
2 熟五花肉切片，姜切丝。
3 五花肉片放入锅中小火煸炒出油，加少许生抽提鲜。
4 放入油菜翻炒变软，加盐调味炒匀。
5 简单快手，很美味。"
658039,https://home.meishichina.com/recipe-658039.html,哈尔滨红肠炒大葱,红肠：适量 | 大葱：适量,香菜：适量 | 豆豉：适量 | 生抽：适量,盐：适量,"1 红肠切碎。
2 大葱切碎。
3 香菜切碎。
4 锅子烧热放入豆豉。
5 放入红肠。
6 放入葱花。
7 放入香菜翻炒调味即可。
8 开动了。"
658299,https://home.meishichina.com/recipe-658299.html,咸菜蛤蜊煮豆腐,咸菜：125克 | 老豆腐：260克 | 蛤蜊：250克,,料酒：适量,"1 食材：咸菜（已清洗切碎）、老豆腐、蛤蜊（已养吐完泥沙清洗）。
2 将老豆腐放在案板上切成块。
3 起锅倒油烧热，下入切好的老豆腐翻炒翻炒微微发黄。
4 接着，合入咸菜、加适量的开水。
5 烧煮5分钟左右。
6 然后，合入蛤蜊、加适量的料酒。
7 翻动翻动烧煮蛤蜊开口即成。"
657884,https://home.meishichina.com/recipe-657884.html,咖喱牛仔骨,牛仔骨：适量,土豆：适量 | 胡萝卜：适量,花生油：适量 | 咖喱：适量 | 椰汁：适量,"1 牛仔骨擦干水份备用。
2 胡萝卜土豆去皮切滚刀块。
3 锅中热油放入牛仔骨。
4 煎至两面金黄后盛出。
5 锅中底油放入土豆和胡萝卜翻炒。
6 加入适量清水。
7 放入咖喱块，大火煮开搅拌均匀。
8 放入牛仔骨。
9 煮开盖上中小火焖。
10 焖至入味加入适量椰汁。
11 翻炒均匀大火收一下汁即可。"
658290,https://home.meishichina.com/recipe-658290.html,咸肉烩春笋,春笋：2个 | 咸肉：100克,,油：适量 | 料酒：适量 | 姜：适量 | 青蒜：适量 | 生抽：适量 | 胡椒粉：适量,"1 孙女旅游带回来的春笋。
2 春笋去壳，洗净，切滚刀块。
3 咸肉切厚片，用温水漂净。
4 锅里水开，放入春笋焯一下捞出，可以去掉一些草酸与苦涩味。
5 把咸肉也焯一下，去掉些咸味。
6 锅里油热，放入姜末爆香，放入咸肉煸炒一下。
7 加些料酒去腥增香。
8 放入春笋煸炒匀。
9 淋些生抽，一点点即可，加点胡椒粉。
10 加小半碗清水，中火煮开，小火焖煮20分钟左右。
11 放入青蒜，煸炒匀，即可盛出上桌享用。"
658287,https://home.meishichina.com/recipe-658287.html,红烧沟鲜,鲫鱼：2条 | 白条鱼：1条,,油：适量 | 盐：适量 | 料酒：适量 | 生抽：适量 | 老抽：适量 | 胡椒粉：适量 | 姜：适量 | 葱：适量 | 蒜：适量 | 辣椒酱：适量,"1 把鱼去鳞，去鳃，去肚，洗净沥干。
2 锅里油热，把鱼逐条放入，煎至两面金黄色。
3 把煎好的鱼放入炒锅，淋些料酒，加一碗清水。
4 放入姜，蒜，葱，适量胡椒粉。
5 放入适量生抽，老抽，半勺辣椒酱，中火煮开8-10分钟。
6 加一点点盐，大火收汁。
7 撒些葱花，即可盛出。
8 这个鱼汤味道浓郁，拌饭非常好吃。"
658284,https://home.meishichina.com/recipe-658284.html,蒜蓉生菜,生菜：适量,蒜：适量 | 葱白：适量,油：适量 | 蚝油：适量 | 料酒：适量 | 生抽：适量,"1 生菜清洗干净。
2 锅中放水烧开，放入生菜，焯烫变色即可捞出，无需过凉水。
3 大蒜、葱白切碎末。
4 炒锅中倒少许油，放入葱蒜蓉小火煸炒出香味。
5 加料酒、生抽、蚝油，混合均匀。
6 放入生菜炒匀出锅。
7 低脂清淡可口！"
658280,https://home.meishichina.com/recipe-658280.html,白菜炒豆结,白菜：100克,豆结：50克,盐：少许 | 油：少许 | 酱油：适量 | 青辣椒：|根,"1 豆结用开水泡发。
2 锅热倒入保元汤下入白菜丝。
3 下入青椒丝翻炒。
4 倒入泡好的豆结翻炒。
5 加入少许辣椒面。
6 调料拌匀开大火收干汤汁。"
657786,https://home.meishichina.com/recipe-657786.html,钵仔肉,五花肉：适量,蒜头：适量 | 小米辣：适量 | 豆豉：适量 | 八角：适量 | 桂皮：适量 | 香叶：适量,花生油：适量 | 盐：适量 | 老抽：适量 | 生抽：适量,"1 焯过水的五花肉放入珐琅锅中。
2 放入八角，桂皮，香叶。
3 加入适量生抽，老抽，盐。
4 加入适量清水。
5 盖上大火煮开转小火煲40分钟左右。
6 蒜头和小米辣切碎。
7 碗中放入切碎的小米辣和蒜头，再来一点豆豉。
8 淋上热油激发出香味。
9 搅拌均匀即可。
10 卤煮好的肉切薄片。
11 将肉片摆放在碗里。
12 铺上豆豉蒜头小米辣。
13 锅中加入足够的水，将五花肉上锅蒸。
14 大火煮开转小火蒸30分钟左右。"
658279,https://home.meishichina.com/recipe-658279.html,红烧带鱼,带鱼：涤,开水：500亳升,葱：一根 | 祘：适量 | 干辣椒：3个,"1 带鱼洗净去内脏去头。
2 装盘备用。
3 锅里放油烧热炸带鱼。
4 下带鱼两边炸成金黄色倒入开水加入调料。
5 盖上盖子小火炖半小时。"
657488,https://home.meishichina.com/recipe-657488.html,四季豆烧土鸡,土鸡：1000g | 四季豆：500g,青椒：300g,葱：50g | 姜：5片 | 豆瓣酱：2勺 | 盐：适量 | 菜籽油：5勺,"1 鸡肉洗净，煸炒出水分捞出。
2 油热以后，放入鸡肉块煸炒到金黄。
3 加入姜块，豆瓣酱，蒜炒香，再加入清水淹没鸡块，大火烧开。
4 放入葱和青椒的一半烧30分钟。
5 四季豆去掉筋洗净后折成段。
6 放入锅中，加入剩下的一半青椒段再烧30分钟。
7 加入盐调味，大火收汁。
8 出锅。"
658038,https://home.meishichina.com/recipe-658038.html,哈尔滨红肠蒸蛋,哈尔滨红肠：适量 | 鸡蛋：适量,西红柿：适量 | 大葱：适量 | 香菜：适量 | 牛奶：适量,盐：适量,"1 红肠切小粒。
2 蕃茄去皮切片。
3 葱花备好。
4 鸡蛋打散。
5 加入适量牛奶蒸八分钟。
6 锅子烧热放入红肠炒香。
7 加入蕃茄。
8 炒融调味，码在蒸蛋上即可。
9 开动了。"
658258,https://home.meishichina.com/recipe-658258.html,大烩菜,山药：1根 | 白菜叶：适量,青莱：适量 | 保元汤：|碗 | 豆腐：适量,酱油：少许 | 盐：少许,"1 山药洗净去皮备用。
2 白莱切粗丝备用。
3 豆腐切成小方块备用。
4 锅里加入保元汤烧开。
5 下入豆腐煮开。
6 下入青菜白莱煮5分钟加调料关火。"
658268,https://home.meishichina.com/recipe-658268.html,野生小葱炒鸡蛋,野生小葱：1把 | 鸡蛋：3个,油：适量 | 盐：适量,,"1 野生小葱。
2 用锄头连根挖出来的野生小葱。
3 清洗干净。
4 切小段。
5 鸡蛋打散。
6 锅里放油。
7 放进锅里炒几下。
8 撒入一点盐，继续翻炒几下。
9 炒至便软，倒入蛋液，蛋液凝固，再加入适量盐，翻炒。
10 一盘没化肥、没农药的野生小葱炒鸡蛋就美味上桌了。"
657813,https://home.meishichina.com/recipe-657813.html,贡菜毛肚,毛肚：适量 | 贡菜：适量,蒜头：适量 | 干辣椒：适量,花生油：适量 | 牛油火锅底料：适量 | 盐：适量,"1 贡菜清水泡发一下。
2 毛肚清水洗净。
3 泡软的贡菜剪短。
4 毛肚改刀切细。
5 锅中热油，放入火锅底料炒融化。
6 加入适量清水。
7 大火煮开后少许盐调味。
8 放入贡菜，煮开1分钟左右捞出。
9 毛肚下锅大火煮开后立刻捞出。
10 放入蒜末和干辣椒。
11 淋上热油激发出香味。"
657973,https://home.meishichina.com/recipe-657973.html,蘑菇炒牛肉,牛肉：300g | 蘑菇：300g,香菜：50g,鸡蛋：1个 | 红薯粉：1勺 | 姜碎：5g | 蒜碎：5g | 小米辣碎：1勺 | 菜籽油：3勺 | 盐：适量 | 胡椒粉：1勺,"1 蘑菇剪掉根部洗净。
2 切成片。
3 放入清水煮。
4 煮到变软捞出沥水。
5 牛肉切片够放入鸡蛋抓匀，再放入胡椒粉和要抓匀去腥入味。
6 油热以后，放入牛肉片翻炒。
7 放入香菜段炒香入味。
8 加入煮好的蘑菇翻炒。
9 放入姜碎，蒜碎和小米辣翻炒入味。
10 加入盐调味。
11 出锅。"
658254,https://home.meishichina.com/recipe-658254.html,麻婆豆腐,豆腐：100克,豆辩辣酱_：适量,保元汤：适量 | 酱油：1勺,"1 豆腐冲洗一下切成长条。
2 保元汤倒入锅里。
3 下入豆腐。
4 倒入一勺豆瓣辣。
5 红烧酱油一勺。
6 大火烧开转小火慢炖10分钟。"
658257,https://home.meishichina.com/recipe-658257.html,蒸芦笋槐花,嫩芦笋：1捆 | 槐花：100g,小葱：1根 | 小米辣：1根,盐：2匙 | 生抽：4勺 | 蚝油：1勺 | 麻油：1/2勺 | 苹果醋：1勺 | 凉白开：适量 | 白糖：少许 | 生粉：4匙,"1 嫩芦笋切掉最底部的老根，切一半，洗净沥干。
2 槐花洗净，挑出粗梗，沥水备用。
3 小米辣、小葱去蒂，洗净却末。
4 嫩芦笋和槐花，均匀地撒上盐。
5 槐花和嫩芦笋，均匀撒上生粉。
6 摆盘。
7 大火烧开水，同时将生抽、蚝油、麻油、白糖、苹果醋和凉白开调成蘸料。
8 水烧开后，隔水蒸5分钟。
9 关火后，立即打开锅盖，以免变黄。
10 吃的时候，把蘸料浇在蔬菜上，吃起来方便。"
658253,https://home.meishichina.com/recipe-658253.html,蒜香黄油虾,虾：700克,蒜末：适量 | 姜末：适量,黄油：适量 | 料酒：适量 | 辣椒粉：适量 | 胡椒粉：适量,"1 准备食材：将虾去头去虾线，开背，黄油切一块备用。
2 虾用蒜末，胡椒粉，白酒（或料酒）和辣椒粉腌制20分钟。
3 锅内倒入适量的油，放入腌制好的虾，再撒入些姜末，翻炒片刻至虾两面都变色。
4 炒至金黄。
5 此刻再放入黄油至融化。
6 最后可撒点白糖提味，也可不加。
7 直接倒入盘中的，没有刻意摆盘，形象差点，但丝毫不妨碍虾的美味??。"
658249,https://home.meishichina.com/recipe-658249.html,肉片拌蔬菜,肉片：200g | 菠菜：200g,笋子：100g | 金针菇：100g,小米辣：2个 | 姜碎：1勺 | 盐：适量 | 橄榄油：1勺 | 红薯粉：1勺 | 胡椒粉：5g,"1 肉片切好备用。
2 放入盐和胡椒粉拌匀。
3 加入红薯粉拌匀。
4 笋子切成片放入开水中煮开。
5 水开以后，放入菠菜茎煮变色。
6 放入菠菜叶再次煮开。
7 金针菇去掉根部放入水中煮开。
8 红薯粉和肉片拌匀。
9 清水开以后，放入肉片煮烫。
10 所有煮好的蔬菜捞出沥水。
11 放入煮好的肉片，加入小米辣丝和姜碎盐和橄榄油拌匀。
12 装盘。"
658248,https://home.meishichina.com/recipe-658248.html,青椒炒牛肉,青椒：300g | 牛肉：300g,小米辣：3个 | 姜丝：1勺,盐：适量 | 红薯粉：1勺 | 鸡蛋：1个 | 菜籽油：5勺,"1 牛肉切成片。
2 加入鸡蛋一个搅拌均匀。
3 青椒去掉头部切成小块。
4 放入锅里煸炒，放入盐拌匀。
5 捞出备用。
6 肉片放入红薯粉抓匀包裹住肉片。
7 油热以后，放入小米辣丝和姜丝爆香。
8 再放入牛肉片定型一下。
9 翻炒均匀变色。
10 放入煸炒过的青椒丝翻炒。
11 加入盐翻炒均匀。
12 出锅。
13 出锅。"
658242,https://home.meishichina.com/recipe-658242.html,牛肉炖土豆,熟牛肉：适量 | 士豆：|个,白莱邦子：3片 | 保元汤：|碗,葱花：适量 | 香莱：少许,"1 锅里倒入保元汤和熟牛肉块。
2 白菜邦子洗净切成长条。
3 切成小块。
4 放入锅里10分钟关火。"
658240,https://home.meishichina.com/recipe-658240.html,土豆烧茄子,土豆：1个 | 茄子：1个,保元汤：少许,小葱：适量 | 小米椒：2棵 | 油：适量,"1 土豆洗净去皮切成小块。
2 茄子切成小块。
3 小葱和小米椒切小丁。
4 加盐和味极鲜。
5 电饭锅里加油适量。
6 下小米椒和葱炒香。
7 下入茄子翻炒。
8 倒入土豆块。
9 翻炒均匀盖上盖子接这炖10分钟。"
658238,https://home.meishichina.com/recipe-658238.html,当归姜母麻油鸡,鸡小腿：8只 | 生姜片：1杯,,,"1 把鸡小腿斩两段，入一碗，加入精盐1/3小勺、胡椒粉1/3小勺、白兰地1大勺、生粉1/2大勺，手抓均匀，静置20分钟；
2 把生姜连皮切成片待用，生姜也可以多放点，怕辣的适当减量，但不能太少，否则就失去这汤的意义了；
3 把黑杞籽冷水泡洗；
4 锅放底油，加入姜片，升中火，把生姜煎至微焦，盛起备用；
5 把鸡小腿的下部分两边煎至金黄色，出锅备用；
6 也把鸡小腿的上部分也煎至金黄色，出锅备用；
7 生姜和鸡腿共一锅，加入黑杞籽1大满勺、当归4片、党参1尾指量、黄芪4片；
8 加麻油3大勺，兜几下，倒白兰地1/4杯，加入清水没食材面，放红枣4枚，大火烧滚汤汁；
9 改小火，盖上锅盖，炖20分钟，开盖，点入精盐1小勺、撒胡椒粉1/2小勺，稍搅拌后可供享用。"
658231,https://home.meishichina.com/recipe-658231.html,土豆烧鸡,鸡肉：500g | 土豆：500g,裙子：100g | 白蘑菇：200g,姜片：1勺 | 蒜：3个 | 小米辣：5个 | 豆瓣酱：2勺 | 盐：适量 | 菜籽油：5勺 | 八角：1个 | 三奈：1个,"1 土鸡砍成块洗净。
2 油热以后，放入姜片爆香。
3 加入鸡肉煸炒。
4 煸炒到两面金黄。
5 放入豆瓣酱翻炒。
6 让豆瓣酱和鸡肉充分融合。
7 炒到每一块鸡肉上都上了酱色。
8 加入清水淹没鸡肉，放入八角，三奈和蒜瓣大火烧开。
9 等待烧开的过程中，土豆去皮切成块。
10 锅中放入白蘑菇一起烧开。
11 再放入笋子一起小火烧30分钟。
12 加入土豆一起烧。
13 小米辣切成段。
14 放入锅中一起烧10分钟。
15 加入盐调味，大火收汁。
16 出锅。
17 鸡肉鲜香，土豆软糯，美味呀！"
658230,https://home.meishichina.com/recipe-658230.html,酱油生菜,生菜：200g,酱油：1勺,盐：适量 | 橄榄油：1勺,"1 菠菜洗净。
2 放入锅中煸炒。
3 炒到变色变软出水。
4 一片一片加入盘中。
5 在炒出水的锅里放入一勺酱油和一勺橄榄油拌匀。
6 淋在生菜上即可。"
658226,https://home.meishichina.com/recipe-658226.html,沙茶牛肉蒸腐竹,牛肉：200g | 腐竹：适量,姜末：适量 | 蒜末：适量 | 葱花：适量,热油：1勺 | 沙茶酱：1勺 | 蚝油：1勺 | 淀粉：2匙 | 盐：1g,"1 腐竹用温水泡软。
2 碗中放入姜末、蒜末、沙茶酱、蚝油。
3 呛入热油。
4 再加入适量的盐搅拌均匀。
5 把拌好的酱汁倒入切好的牛肉片内，再加入淀粉拌均匀。
6 腐竹摊入碗底。
7 表面放入牛肉片。
8 水开入锅蒸七八分钟即可。
9 时间到，撒入小葱。"
658225,https://home.meishichina.com/recipe-658225.html,白菜炒粉条,粉条：适量 | 瘦肉：60g,蒜末：适量 | 葱段：适量,油：适量 | 盐：2g | 酱油：1勺 | 老抽：少量 | 蚝油：1勺 | 淀粉：1匙 | 胡椒粉：适量,"1 白菜清洗后手撕成块。
2 泡好的粉条，瘦肉切片，用酱油、蚝油、淀粉腌入味，再准备适量的蒜末和葱段。
3 粉条加入1勺酱油和少量老抽。
4 拌匀上色。
5 起锅烧油，炒香蒜末。
6 倒入肉片翻炒。
7 炒至变色。
8 倒入白菜翻炒片刻。
9 再倒入粉条。
10 加入适量的盐翻炒入味。
11 倒入适量的清水盖盖焖上两分钟。
12 时间到，倒入葱段。
13 加入适量的蚝油和胡椒粉，翻拌入味即可。"
658224,https://home.meishichina.com/recipe-658224.html,白灼包菜,包菜：300g,蒜末：适量 | 小米椒：1个,油：适量 | 盐：1g | 酱油：2勺 | 陈醋：1勺 | 白糖：1匙,"1 包菜。
2 手撕成块，再清洗干净。
3 碗中放入蒜末和小米椒丝。
4 浇入热油。
5 倒入酱油、陈醋、白糖，调成白灼汁备用。
6 锅中水烧开，加入油和盐。
7 倒入包菜焯水2分钟。
8 捞出装盘，浇入白灼汁即可。"
658223,https://home.meishichina.com/recipe-658223.html,韭菜炒豆腐,韭菜：250g | 豆腐：500g,,油：适量 | 盐：2g | 酱油：1勺,"1 春天的韭菜最为鲜嫩，清洗干净。
2 韭菜切段。
3 豆腐切成块。
4 锅中热油，撒入薄盐。
5 豆腐入锅煎。
6 煎至两面金黄至。
7 铲出装盘备用。
8 接着炒韭菜。
9 菜炒至半熟，放入豆腐。
10 倒入酱油，翻拌入味出锅。"
658220,https://home.meishichina.com/recipe-658220.html,捞汁生菜,生菜：适量,蒜末：适量 | 小米椒：1个,油：适量 | 酱油：2勺 | 陈醋：1勺 | 白糖：1匙 | 小磨香油：适量,"1 我家勤劳大姑姐种的绿色生菜。
2 碗中放入适量的蒜末和小米椒丝。
3 烧入热油，呛出香气。
4 加入酱油、陈醋、白糖和小磨香油拌匀，捞汁做好了。
5 锅中水烧开，倒入适量的油和盐，放入生菜。
6 焯水30秒关火。
7 生菜捞出装盘，表面浇入捞汁即可。"
658214,https://home.meishichina.com/recipe-658214.html,丝瓜炒牛肉,熟牛肉：少许 | 丝瓜：1根,保元汤：适量,盐油：少许 | 油：少许,"1 丝瓜去皮切片备用。
2 锅里放油烧热。
3 下入丝瓜片翻炒加入保元汤。
4 倒入熟牛肉翻炒匀加盐。"
658122,https://home.meishichina.com/recipe-658122.html,番茄蘑菇炖牛肉,牛肉：500g | 番茄：800g,蘑菇：200g,盐：适量 | 姜片：2片 | 冰糖：2颗 | 橄榄油：2勺,"1 番茄洗净去掉皮。
2 橄榄油热以后，放入汆烫过的牛肉块翻炒，加入姜片去腥。
3 番茄切成块。
4 番茄放入牛肉里翻炒。
5 加入适量清水烧开。
6 蘑菇去掉头洗净。
7 一个蘑菇切成四块。
8 放入番茄里翻炒，加入冰糖烧1小时。
9 焖烧1小时候，加入盐调味。
10 出锅。
11 牛肉软糯，番茄酸甜可口。"
657725,https://home.meishichina.com/recipe-657725.html,金针菇拌牛肉,牛肉：300g | 金针菇：300g,豆芽儿：100g,小米辣：5个 | 蒜碎：1勺 | 姜碎：1勺 | 盐：适量 | 醋：1勺 | 生抽：1勺,"1 金针菇去掉根部洗净。
2 放入锅中煮开。
3 豆芽儿洗净。
4 把豆芽儿放入金针菇中一起煮5分钟。
5 牛肉切成片，用姜碎和蒜碎拌匀。
6 小米辣切成小段。
7 放入搅拌器打碎。
8 煮熟的金针菇和豆芽儿捞出，用煮菜的水煮牛肉。
9 水再次煮开。
10 捞出牛肉沥水。
11 放入装了煮熟的金针菇和豆芽儿大盆中。
12 加入各种调料拌匀。
13 装盘即可。"
641044,https://home.meishichina.com/recipe-641044.html,酸辣土豆丝,土豆：一个,干辣椒：二只 | 小葱：适量 | 蒜瓣：2—3个 | 花椒：适量,盐：适量 | 白醋：适量 | 胡椒粉：适量 | 味精：适量 | 食用油：少许,"1 一只土豆，削皮切丝备用。
2 切好的土豆丝泡水冲洗几遍，沥干水份备用。蒜瓣切片备用。
3 干辣椒备用，小葱切碎备用。
4 热锅凉油，大火倒入土豆丝，花椒，蒜片，干辣椒颠炒。
5 依次加入白醋，盐，胡椒，味精，装盘加入小葱。
6 美图了一下才像炒出来的效果，黄心土豆炒出来黄橙橙的。"
641176,https://home.meishichina.com/recipe-641176.html,青椒榨菜肉丝,青椒：四只 | 肉丝：150g,榨菜：200g,盐：适量 | 胡椒粉：适量 | 味精：适量 | 老抽：适量 | 生粉：适量 | 蒜片：3瓣 | 生姜：8g | 食用油：少许,"1 肉丝加入老抽，生粉，少量生水上浆，加入切碎的蒜片生姜腌几分钟。
2 青椒切丝备用。
3 榨菜我用的减盐榨菜，三包。
4 热锅凉油，肉丝下入锅中猛火快速翻炒，盛入碗中备用。
5 锅中倒入青椒大火炝炒。
6 加入榨菜。
7 再倒入炒好的肉丝一起颠锅炝炒。
8 盛入盘中。
9 来张近景。"
658200,https://home.meishichina.com/recipe-658200.html,菠萝鸡翅,鸡翅中：适量 | 菠萝：半个,蒜末：适量,生抽：适量 | 老抽：少许 | 蚝油：适量 | 蜂蜜：1勺 | 胡椒粉：适量 | 料酒：适量,"1 准备食材：冰鲜翅中洗净，菠萝去皮洗净备用。
2 将菠萝剁成果粒放进鸡翅中，用蒜末，蚝油，老抽，料酒生抽，蜂蜜，胡椒粉腌制1小时。
3 腌过的鸡翅放入烤架上，每块鸡翅上放一小块菠萝，放入烤箱，上下火，190度烤30分钟左右即可。
4 烤好了，特别爽口，外焦里嫩，还多汁呢！"
658045,https://home.meishichina.com/recipe-658045.html,金雀花炒蛋,金雀花：100g,鸡蛋：2 只 | 牛奶：少许,盐：适量 | 味精：适量 | 胡椒：适量 | 食用油：少许,"1 团购上买到的金雀花，好香。
2 金雀花洗净沥干水分，鸡蛋打散加入牛奶备用。
3 热锅凉油，倒入鸡蛋，加了牛奶的鸡蛋不易炒老，而且有奶香味。
4 快速倒入金雀花大火翻炒，拍照的功夫，鸡蛋底部有点糊了。加入盐味精胡椒调味即可。
6 成品图近景。
7 再来一张近景。"
658170,https://home.meishichina.com/recipe-658170.html,凤梨炒莴笋,莴笋：1 根,凤梨：100g,盐：适量 | 胡椒：适量 | 生抽：适量 | 蒜瓣：3 粒 | 食用油：少许,"1 削完皮挖好眼的凤梨备用。
2 莴笋去皮切丝，凤梨切块备用。。
3 热锅凉油倒入莴笋大火翻炒片刻，再倒入凤梨块一起颠炒。
4 颠炒出水后加盐胡椒生抽调味即成。
5 成品图一。
6 成品图二，这个菜，酸甜清爽，既有凤梨的酸甜味，又有莴笋的爽脆感，很好吃。"
658199,https://home.meishichina.com/recipe-658199.html,炝生菜,生菜：一颗,蒜瓣：5 粒,食用油：少许 | 盐：少许 | 辣椒：2 根 | 生抽：2 勺 | 醋：2 勺 | 花椒：几颗 | 味精：少许 | 胡椒：少许,"1 生菜洗净，用白开水浸泡几分钟，沥干水分备用。
2 拿个小碗调个料汁，减少炝生菜时给调料的时间。小碗里依次加入盐，辣椒，蒜粒，生抽，醋，花椒。
3 锅中加入食用油，边加温边向小碗里分次滋入热油，直到油冒烟关火。
4 乘锅还有温度，迅速把生菜倒入锅中，加少量盐翻炒生菜。
5 把浇了热油的调料倒入锅中翻拌生菜，使生菜叶子均匀裹上调料。
6 装盘。
8 成品图二。"
658087,https://home.meishichina.com/recipe-658087.html,土豆洋葱焖鸡,鸡肉：适量 | 土豆：适量 | 洋葱：适量,芹菜：适量 | 大蒜：适量 | 姜：适量 | 生抽：适量 | 老抽：适量 | 黄豆酱：适量 | 胡椒粉：适量,盐：适量,"1 鸡块飞水备用。
2 土豆切块。
3 洋葱切块。
4 锅子烧热放入鸡块炒香。
5 加入开水，放入适量生抽老抽胡椒粉焖煮。
6 放入土豆。
7 放入洋葱和芹菜叶翻炒。
8 开动了。"
658153,https://home.meishichina.com/recipe-658153.html,小香芹炒哈尔滨红肠,小香芹：适量 | 红肠：适量,大蒜：适量 | 生抽：适量,,"1 红肠切片。
2 小香芹洗净。
3 切段。
4 锅子烧热放入红肠。
5 放入芹菜翻炒。
6 调味即可。
7 开动了。"
657783,https://home.meishichina.com/recipe-657783.html,蒜香猪脚,猪脚：适量,蒜头：适量 | 红葱头：适量 | 香葱：适量,花生油：适量 | 生抽：适量 | 老抽：适量 | 蚝油：适量 | 盐：适量,"1 猪脚冷水下锅焯烫出血水后洗净。
2 蒜头和红葱头切碎备用。
3 切好的蒜头和红葱头淋上热油激发出香味。
4 加入适量蚝油，老抽，生抽，盐。
5 搅拌均匀。
6 洗净的猪脚擦干水份放入盆中。
7 加入调好的酱汁。
8 抓拌均匀腌制半小时左右入味。
9 电饭煲放入香葱。
10 猪脚摆放入锅，加入少量清水。
11 按一个煮饭程序至结束即可，煮的过程中满屋飘香。"
658190,https://home.meishichina.com/recipe-658190.html,野芹菜炒鸡蛋,野芹菜：适量 | 鸡蛋：适量,蒜子：适量 | 小米椒：适量,生抽：适量 | 盐：适量,"1 鸡蛋搅散，锅里热油。放入鸡蛋煎熟。盛出备用。
2 锅里热油。油热后放入蒜末，小米辣。爆香放入芹菜。炒一会儿。
3 放入鸡蛋。放生抽，盐搅拌均匀，放味精出锅。"
657743,https://home.meishichina.com/recipe-657743.html,香菇焖鸡,鸡翅：4个 | 香菇：适量,蒜苗：适量 | 生姜：适量,花生油：适量 | 老抽：适量 | 生抽：适量 | 蚝油：适量 | 盐：适量 | 玉米淀粉：适量,"1 香菇提前适量清水泡发一下。
2 全鸡翅洗净备用。
3 将全翅改刀斩块。
4 斩好的全翅放入盘中，加入姜片。
5 加入适量蚝油，老抽，玉米淀粉，生抽。
6 抓拌均匀腌制20分钟左右。
7 锅中热油放入鸡肉。
8 将鸡肉中小火煎炒。
9 放入香菇翻炒。
10 加入泡香菇的水。
11 加入少量盐，大火煮开后中小火焖。
12 将鸡肉焖入味收汁。
13 放入蒜苗。
14 翻炒至蒜苗断生即可。"
658128,https://home.meishichina.com/recipe-658128.html,香煎鸡块,鸡块：适量,洋葱：适量 | 生抽：适量 | 生粉：适量 | 胡椒粉：适量 | 姜：适量,盐：适量,"1 洋葱切丝。
2 鸡块加入适量盐生抽胡椒粉。
3 拌匀腌制15分钟。
4 锅子烧热放入鸡块。
5 两面煎至金黄色。
6 放入洋葱丝翻炒。
7 码盘即可。
8 开动了。"
658085,https://home.meishichina.com/recipe-658085.html,蒜香八宝菜,八宝菜：适量 | 大蒜：适量,生抽：适量 | 豆豉：适量,盐：适量,"1 豆豉洗净。
2 八宝菜。
3 大蒜。
4 锅子烧热放入豆豉。
5 放入大蒜。
6 放入八宝菜翻炒。
7 加入适量生抽。
8 加入适量盐即可。
9 开动了。"
658160,https://home.meishichina.com/recipe-658160.html,秋葵煎鸡蛋,鸡蛋：3个,秋葵：适量 | 料酒：适量,盐：少许,"1 鸡蛋打散。
2 秋葵切片状焯水过凉，放入鸡蛋液中。
3 放入适量料酒盐，将其搅拌均匀。
4 锅中倒入少许油，刷匀四周，倒入鸡蛋液小火煎。
5 煎好的从一侧卷起，再倒入剩余的蛋液继续慢煎。
6 取出秋葵煎鸡蛋，切成条状便于食用。"
658151,https://home.meishichina.com/recipe-658151.html,青椒蒜苔炒肉丝,里脊肉：适量 | 蒜苔：适量 | 青椒：适量 | 胡萝卜：适量,淀粉：适量 | 姜：适量 | 蒜：适量 | 葱白：适量,油：适量 | 盐：适量 | 料酒：适量 | 生抽：适量,"1 里脊肉切丝，加盐、料酒、生抽、水淀粉拌匀腌制约10分钟。
2 蒜苔、青椒、胡萝卜、葱白、姜、蒜切好备用。
3 锅中放油烧热，放入肉丝滑炒变色盛出。
4 锅中留余油、放入葱姜蒜炒香后放入胡萝卜、蒜苔、青椒翻炒变软。
5 合入炒好的肉丝，加盐调味炒匀。"
658159,https://home.meishichina.com/recipe-658159.html,烤蒜香抱子甘蓝,抱子甘蓝：约400克,蒜头：8~10瓣,黄油：2大勺（2格） | 精盐：1小勺 | 胡椒粉：1小勺 | 白糖：2/3小勺,"1 把抱子甘蓝外围的枯叶黄叶剥去，切去凸出来多余的底部，洗净后沥水，如果个头较大可以竖切一分为四，稍小的一分为三，再小一点的可一分为二，总之破开比较容易烤和入味，看看图就明白了；
2 把蒜头剁碎成米状大，不用太细，放入装抱子甘蓝的碗中，加入胡椒粉、精盐和白糖；
3 用两大勺搅拌均匀，可以避免用手来拌，调料就不会进手指缝了；
4 把混合好的材料平铺入烤盘，设置华氏450度（摄氏约232度），预热够了入烤箱30分钟，时间够后拿出来翻翻材料，再进烤箱烤10分钟，再看看烤至金黄色否，如果尚末，再烤，这东西很耐烤，也难说出很准确的时间，逐渐递增时间5~10分钟，总之就要看着实际情况来烤；
5 烤至金黄色就可以了，出烤箱时香喷喷的哦。"
658156,https://home.meishichina.com/recipe-658156.html,香椿煎蛋,香椿：200g | 鸡蛋：2颗,葱花：少许,盐：5g,"1 香椿焯水1分钟捞出。
2 切碎，太硬的梗不要，打入2颗鸡蛋，葱花，盐，搅匀。
3 热锅热油，倒入锅中。
4 两面煎黄定型。
5 装盘，完成。"
658154,https://home.meishichina.com/recipe-658154.html,木耳鸡胸肉焖老豆腐,老豆腐：400g | 干木耳：适量 | 蒜苗：150g | 鸡胸肉：200g,,生抽：1勺 | 盐：1匙 | 鸡粉：1匙 | 胡椒粉：少许,"1 老豆腐切小块。
2 蒜苗切段备用。
3 干木耳泡发洗净备用。
4 鸡胸肉切条，用少许生粉、生抽，腌制15分钟。
5 锅中倒入适量油，下如蒜苗的茎爆香。
6 再倒入鸡胸肉，翻炒一下。
7 然后倒入木耳及蒜苗叶，继续翻炒。
8 再加入老豆腐。
9 撒入盐和鸡粉。
10 还有胡椒粉，翻炒一下。
11 最后滴入生抽，翻拌均匀后倒入一碗清水，小火焖煮10分钟即可。"
658148,https://home.meishichina.com/recipe-658148.html,鸡爪烧大头菜,鸡爪：315克 | 大头菜：1777克,,料酒：适量 | 酱油：适量 | 盐：适量 | 零卡糖：适量,"1 食材：鸡爪（已清洗焯水）、大头菜（已洗净切成块）。
2 将鸡爪放在案板上剁开。
3 起锅倒油烧热，下入剁好的鸡爪翻炒翻炒。
4 接着，合入大头菜、加适量的料酒。
5 加适量的酱油。
6 加适量的盐。
7 加适量的零卡糖。
8 加适量的清水。
9 调味烧煮开。
10 然后，烧煮至汤汁差不多了大头菜熟软即成。"
658150,https://home.meishichina.com/recipe-658150.html,灯椒虾仁炒鞭笋,鞭笋：3株 | 灯椒：1只 | 虾仁：100克,,料酒：适量 | 酱油：适量 | 盐：适量,"1 食材：鞭笋、灯椒、虾仁（已清洗）。
2 在虾仁里加适量的料酒。
3 拌匀。
4 将灯椒去蒂去籽，鞭笋剥壳两样食材一道清洗清洗捞出。
5 鞭笋放在案板上切成片，柿子椒切成块。
6 将切好的鞭笋下入清水锅中焯开5——6分钟后捞出。
7 起锅倒油烧热，下入切好的灯椒翻炒翻炒。
8 接着，合入焯好的鞭笋和虾仁翻炒翻炒。
9 然后，加适量的酱油。
10 加适量的盐。
11 调味炒匀即成。"
658147,https://home.meishichina.com/recipe-658147.html,黑木耳青椒烧雷笋,黑木耳：10克 | 青椒：2个 | 雷笋：2株,,酱油：适量 | 盐：适量 | 零卡糖：适量,"1 食材：黑木耳（已提前泡发清洗）、青椒（已去蒂去籽清洗）、雷笋（已剥壳清洗）。
2 将雷笋放在案板上切成段。
3 将青椒放在案板上切成段。
4 接着，将切好的雷笋下入清水锅中焯开捞出。
5 起锅倒油烧热，下入焯好的雷笋和切好的青椒翻炒翻炒。
6 然后，合入黑木耳、加适量的酱油。
7 加适量的盐。
8 加适量的零卡糖。
9 加适量的清水。
10 调味烧煮开。
11 最后，烧煮至汤汁差不多了即成。"
658145,https://home.meishichina.com/recipe-658145.html,黑木耳咸肉雷笋焖油豆腐,油豆腐：200克 | 咸肉：125克 | 黑木耳：10克 | 雷笋：1株,,料酒：适量 | 味精：适量,"1 食材：油豆腐、咸肉（已切片并在清水中浸泡30分钟去除一部分咸味）、黑木耳（已泡发洗净）、雷笋（已剥壳清洗）。
2 将雷笋放在案板上切成滚刀块。
3 随后，将切好的雷笋下入清水锅中焯开捞出。
4 起锅倒油烧热，下入焯好的雷笋和咸肉、加适量的料酒。
5 翻炒翻炒。
6 接着，将油豆腐拆开包装取出撕一个口子和黑木耳一起合入、加适量的清水。
7 翻动翻动盖上盖焖煮8到10分钟。
8 然后，开盖、加适量的味精。
9 翻匀即成。"
658144,https://home.meishichina.com/recipe-658144.html,咸菜炒三鲜,咸菜：110克 | 笋尖：2根 | 鱿鱼：2个 | 毛豆：215克,姜片：适量,料酒：适量,"1 食材：咸菜（已清洗）、笋尖（已焯水）、鱿鱼、毛豆、姜片。
2 将毛豆剥壳淘洗干净。
3 将鱿鱼去除牙齿和内脏洗净捞出。
4 将鱿鱼放在案板上切开。
5 将咸菜放在案板上切碎。
6 将笋尖放在案板上切成片。
7 将姜片搁入清水锅中煮开。
8 接着，下入切好的鱿鱼，加适量的料酒。
9 焯上30秒到40秒，捞出。
10 起锅倒油烧热，下入切好的笋尖、咸菜和毛豆翻炒翻炒。
11 然后，加适量的焯鱿鱼的汁水。
12 翻动翻动烧煮5到6分钟。
13 最后，合入焯好的鱿鱼翻炒翻炒即成。"
658142,https://home.meishichina.com/recipe-658142.html,蒸鸡腿,鸡腿：4个,姜：4片,生抽：2勺 | 蚝油：2勺 | 老抽：1勺 | 胡椒粉：适量 | 小米辣：1个 | 料酒：1勺,"1 鸡腿正反面划几刀。
2 加上姜片，小米辣，生抽，蚝油，料酒腌40分钟。
3 盘子放蒸屉上。
4 盖上保鲜膜，上锅蒸35分钟左右。
6 很嫩。"
658143,https://home.meishichina.com/recipe-658143.html,油麦菜炒海鲜菇,油麦菜：1株 | 海鲜菇：80克,蒜：适量,盐：适量,"1 食材：油麦菜、海鲜菇（已清洗）、蒜（已切碎）。
2 将油麦菜掰开洗净，捞出。
3 放在案板上切开。
4 将海鲜菇放在案板上切开。
5 起锅倒油烧热，下入蒜炒香。
6 接着，合入切好的海鲜菇翻炒翻炒。
7 然后，合入切好的油麦菜翻炒翻炒。
8 最后，加适量的盐。
9 调味炒匀即成。"
653396,https://home.meishichina.com/recipe-653396.html,煮蛋,鸡蛋：适量,辣椒：适量 | 葱：适量,味极鲜：适量 | 油：适量 | 盐：适量,"1 热油，放盐炒，放水烧开，把蛋打下去煮熟。
2 碗里放味极鲜，小米椒，葱。
3 把煮好的蛋和汤盛入。"
658138,https://home.meishichina.com/recipe-658138.html,香肠炒蕨菜,蕨菜：适量 | 香肠：适量,蒜子：适量 | 小米辣：适量,盐：适量 | 味精：适量 | 辣椒粉：适量,"1 蕨菜摘掉花洗干净，多洗几遍，锅里烧开水，把切好的蕨菜焯水。
2 锅里热油放入小米辣蒜子炒香放入香肠炒香。
3 放入蕨菜。炒一会儿放生抽，盐，辣椒粉翻炒均匀放味精出锅。"
658117,https://home.meishichina.com/recipe-658117.html,金雀花炒鸡蛋,金雀花：100g,草鸡蛋：4个,色拉油：2大勺 | 盐：1.5匙,"1 金雀花清水洗干净。
2 金雀花沥干后，撒上1匙盐，用手轻轻抓匀。
3 草鸡蛋打成蛋液，加入半匙盐，搅拌均匀。
4 另加一勺油，热了后放入金雀花，调中火，加盐翻炒。
5 再加入分开炒的鸡蛋，拌炒均匀。
6 春天的美食，简单清爽。"
658126,https://home.meishichina.com/recipe-658126.html,鸡腿肉丁炒扁豆,鸡腿肉丁：300克 | 扁豆：225克,,料酒：适量 | 酱油：适量 | 盐：适量 | 蚝油：适量,"1 食材：鸡腿肉丁、扁豆（已去筋清洗）。
2 将鸡腿肉丁拆开包装，清洗清洗捞出。
3 放入盘中，加适量的料酒。
4 加适量的酱油。
5 加适量的盐。
6 调味抓匀腌制20分钟。
7 随后，将扁豆下入清水锅中焯开，2到3分钟后捞出。
8 起锅倒油烧热，下入腌制好的鸡腿肉丁翻炒翻炒。
9 接着，合入焯好扁豆翻炒翻炒。
10 然后，加适量的盐。
11 加适量的蚝油。
12 调味炒匀即成。"
658121,https://home.meishichina.com/recipe-658121.html,小土豆烧猪肉,猪肉：685克 | 小土豆：565克,桂皮：适量 | 八角：适量,料酒：适量 | 酱油：适量 | 盐：适量 | 零卡糖：适量,"1 食材：猪肉（已清洗切块焯水）、小土豆（已洗净）、桂皮、八角。
2 起锅倒油烧热，下入猪肉翻炒翻炒。
3 随后，搁入桂皮和八角、加适量的料酒。
4 加适量的开水。
5 烧煮10分钟。
6 接着，合入小土豆、加适量的酱油。
7 加适量的盐。
8 加适量的零卡糖。
9 调味继续烧煮。
10 然后，烧煮至汤汁差不多了小土豆熟软即成。"
658118,https://home.meishichina.com/recipe-658118.html,笋干菜蒸油面筋塞肉,肉末：250克 | 油面筋：13个 | 笋干菜：25克,,料酒：适量 | 盐：适量,"1 食材：肉末、油面筋、笋干菜。
2 将笋干菜倒入碗中用清水淘洗干净。
3 随后，用清水浸泡30分钟。
4 接着，在肉末里加适量的料酒。
5 加适量的酱油。
6 加适量的盐。
7 加适量的清水。
8 调味拌匀。
9 然后，将油面筋戳一个洞，把拌好的肉末塞进去。
10 放入盘中。
11 合入泡好的笋干菜、加适量的泡笋干菜的汁水。
12 最后，放入炒锅里盖上盖、开锅搁水蒸15分钟关火。
13 开盖取出。"
658114,https://home.meishichina.com/recipe-658114.html,野芹菜炒腊肉,鲜野芹菜：适量 | 腊肉：适量,蒜蓉：适量,蚝油：1勺,"1 地里新鲜采摘的野芹菜很嫩啊，洗净备用。
2 焯水捞出备用。
3 切成小段备用。
4 少油把腊肉煎香，放入蒜米，喜欢辣的就放辣椒。
5 加入焯水后切段的芹菜，加入一勺蚝油后拌匀出锅。"
658097,https://home.meishichina.com/recipe-658097.html,黄金鱿鱼圈,新鲜鱿鱼：300克 | 鸡蛋：2颗,面包糠：适量 | 淀粉：适量,料酒：2勺 | 胡椒粉：少许 | 盐：少许,"1 取新鲜鱿鱼，去除内脏洗净后剪成圈状，沥干水分后撒少许盐、料酒放置腌制。
2 鸡蛋打好，淀粉、面包糠分开盛好备用。
3 鱿鱼圈先裹匀淀粉，再蘸鸡蛋液，最后裹上面包糠。
4 取锅倒油加热，放入裹好的鱿鱼圈，小火炸至金黄即可。
5 起锅前撒上胡椒粉，或另外准备番茄酱蘸碟，控油后摆盘。"
658095,https://home.meishichina.com/recipe-658095.html,生蚝鸡煲,鸡：半只,腐竹：适量 | 生蚝：适量 | 姜蒜：适量,蚝油：适量 | 酱油：适量 | 胡椒粉：适量 | 鸡精：适量,"1 鸡肉切小块洗净滤干水份。
2 腐竹泡发洗净备用。
3 鸡肉下锅炒至金黄，不需要下油，鸡肉本身有油，直接炒干更香2砂锅加热下一点点油，姜蒜爆香，依次放入鸡肉和泡发的腐竹，加水焖10分钟后加入生蚝和酱料（蚝油，生抽，胡椒粉，鸡精，水调酱）。"
658099,https://home.meishichina.com/recipe-658099.html,菠菜烘蛋,鸡蛋：2只 | 菠菜：83克,,料酒：适量 | 盐：适量,"1 食材：鸡蛋、菠菜（已去根洗净）。
2 将菠菜下入沸水锅中焯一下捞出。
3 用清水过过凉捞出挤干水分。
4 放在案板上切碎。
5 接着，将鸡蛋打入碗中，加适量的料酒。
6 打散成蛋液。
7 然后，合入切碎的菠菜、加适量的盐。
8 调味拌匀。
9 起锅倒油烧热，下入菠菜蛋液煎制。
10 翻面继续煎熟即成、出锅装盘。"
658079,https://home.meishichina.com/recipe-658079.html,油炸多春鱼,多春鱼：适量 | 食用油：适量(炸魚用),料酒：适量 | 五香粉：适量 | 玉米淀粉：适量,盐：适量,"1 多春魚洗净用料酒，五香粉、盐适量腌制入味，再每条魚沾满淀粉。
2 锅中油烧至五层热，将多春魚逐条放入锅中炸制。
3 多春魚炸制金黄时控油捞出。
4 将炸好的多春魚放入盘中，鲜咸适口，口感酥脆。"
658041,https://home.meishichina.com/recipe-658041.html,酸菜炒肥肠,肥肠：2条 | 酸菜：100g,姜丝：适量 | 小米辣：1个 | 小葱：2根,油：适量 | 黄豆酱：1勺 | 蚝油：半勺 | 酱油：1勺 | 料酒：适量 | 淀粉：1匙,"1 肥肠用盐和面粉抓洗干净。
2 酸菜切片。
3 准备适量的葱花、姜丝和小米辣。
4 用黄豆酱、蚝油、酱油、淀粉和小半碗水，调一个酱汁。
5 锅内煮开水，放入葱、姜、料酒，肥肠焯水5分钟左右。
6 捞出。
7 切成小段。
8 起锅烧油，放入酸菜翻炒，炒熟铲出备用。
9 锅中再次热油，放入姜丝和小米椒。
10 倒入肥肠翻炒，放少许盐入味。
11 倒入料酒。
12 倒入酸菜翻炒。
13 倒入酱汁。
14 大火收汁。
15 最后放入葱花增鲜即可。"
658064,https://home.meishichina.com/recipe-658064.html,鱼笃鲜,蛤蜊：10只 | 鲈鱼：1条 | 江白虾：155克 | 咸肉：96克 | 雷笋：1株,姜片：适量,料酒：适量 | 白胡椒粉：适量,"1 食材：蛤蜊（已清洗）、鲈鱼（已洗净）、江白虾（已去虾须清洗）、咸肉（已清洗切成片并在清水中浸泡30分钟）、雷笋（已剥壳清洗）、姜片。
2 将雷笋放在案板上切成滚刀块。
3 随后，将切好的雷笋下入清水锅中焯开捞出。
4 起锅倒油烧热，下入鲈鱼两面煎一下。
5 接着，合入咸肉、搁入姜片、加适量的料酒。
6 加适量的开水。
7 再合入切好的雷笋烧煮8到10分钟。
8 然后，合入江白虾和蛤蜊烧煮2分钟。
9 最后，加适量的白胡椒粉。
10 翻匀即成。"
656607,https://home.meishichina.com/recipe-656607.html,什锦蔬菜炒牛肉,牛里脊肉：适量 | 儿菜：适量 | 胡萝卜：适量 | 酸菜：适量 | 洋葱：适量,香葱：适量 | 淀粉：适量,油：适量 | 盐：适量 | 料酒：适量 | 生抽：适量 | 蚝油：适量,"1 牛里脊肉切丝，加盐、料酒、生抽、水淀粉拌匀后加一勺油拌匀放置10分钟。
2 儿菜切丝。
3 胡萝卜、酸菜切丝。
4 洋葱切丝、香葱切段。
5 锅中放油烧热，放入牛肉丝滑炒变色盛出。
6 锅中留余油，放入葱白、洋葱丝、胡萝卜丝翻炒。
7 放入酸菜、儿菜翻炒变软。
8 合入炒好的牛肉和葱叶。
9 加盐、蚝油调味炒匀。
10 炒好的合菜卷饼吃最佳了。"
658054,https://home.meishichina.com/recipe-658054.html,红烧蹄髈,蹄髈：1个,菜心：适量 | 咸肉：50克,料酒：适量 | 盐：适量 | 冰糖：适量 | 生抽：适量 | 老抽：适量 | 姜：适量 | 葱：适量 | 香叶：适量 | 八角：适量 | 桂皮：适量 | 味精：适量 | 胡椒粉：适量,"1 .蹄髈去杂质漂净，用刀切开（容易煮熟）。
2 咸肉切厚片，用温水漂净。
3 蹄髈冷水下锅，加些料酒，把咸肉也放入，焯开，捞出漂净。
4 把蹄髈与咸肉，放入高压锅，加盖过食材的清水。
5 加些姜，葱，香叶，八角桂皮，料酒，大火煮开。
6 小火慢炖50分钟，等稍微冷却些，打开锅盖，用筷子插一下，猪皮已经酥了。
7 把高压锅里的食材全部放入炒锅，加生抽，老抽，胡椒粉，冰糖，盐（盐要做2次放，先放一点，最后大火收汁时，品尝一下，不够咸再加盐）。
8 中小火炖20分钟，加些味精，再用大火收汁，当汤汁浓稠时即可关火。
9 青菜苔洗净，放入开水焯熟，捞出，开水里要加点盐与植物油，这样焯熟的青菜颜色碧绿。放入大盆。
10 当中放入红烧蹄髈，再浇上红烧汤汁，一盘色香味俱全的大菜就做好了。口感咸鲜有味，香酥却又肥而不腻，好吃的都忘记减肥了。"
658053,https://home.meishichina.com/recipe-658053.html,红汤老豆腐炖鲢鱼头,鲢鱼头：1个,老豆腐：1块,油：适量 | 盐：适量 | 料酒：适量 | 老抽：适量 | 生抽：适量 | 胡椒粉：适量 | 辣椒酱：适量 | 红乳汁：适量 | 姜：适量 | 葱：适量 | 蒜：适量,"1 鲢鱼去鳞，去鳃，去肚，洗净沥干。
2 把鲢鱼头对半切开，尾巴用盐腌制一下，明天吃，今天就用鱼头做菜。
3 准备一块老豆腐，红烧，还是用老豆腐比较好，有嚼劲，又不容易碎。
4 锅里油热，放入老豆腐煎至两面金黄色，盛出。
5 锅里油热，放入鱼头剪一下，加料酒去腥。
6 加与食材持平的清水，放入姜，葱。
7 加些老抽，生抽，胡椒粉。
8 加4勺红乳汁，我用的是香醇玫瑰腐乳汁。
9 加半勺辣椒酱，我们家不怎么吃辣，喜欢吃辣的可以多放。
10 大火煮开，中火炖20分钟。
11 放入老豆腐。
12 加些盐，注意要少放些，因为红乳汁也有咸味，中火炖10分钟。
13 加1勺蒜蓉酱，没有可以放些蒜末，大火煮开。
14 撒些葱花即可盛出。"
656954,https://home.meishichina.com/recipe-656954.html,菜脯焖河豚鱼,河豚鱼：4个 | 五花肉：适量 | 菜脯：适量（萝卜干）,生姜：适量 | 香葱：适量,花生油：适量,"1 生姜洗净切细，菜脯干切块。
2 河豚鱼处理好的洗净。
3 适量五花肉切薄片。
4 锅中热油放入五花肉。
5 煸炒出油脂。
6 放入姜丝。
7 放入菜脯一起炒香。
8 放入河豚鱼。
9 加入适量清水。
10 盖上中小火焖15分钟左右入味。
11 出锅前放入香葱段即可。"
657993,https://home.meishichina.com/recipe-657993.html,豉味肉丝四季豆,猪肉：150克 | 四季豆：约200克,,,"1 把猪肉切条，放生抽1/2大勺、胡椒粉1/3小勺、玉米淀粉1小勺，抓腌均匀；
2 把四季豆摘成段，洗净吸水，过油，捞起；
3 起锅，锅热加底油，倒入肉条，炒至断生；
4 把肉拨在一边，把锅的油流入另一边，加入剁碎的蒜头、豆瓣酱1小勺、豆豉酱1小勺，用铲子拨开几下，把酱炒一炒；
5 倒入四季豆，加白糖1/2小勺、白酒1/2大勺，兜匀即可出锅。"
658016,https://home.meishichina.com/recipe-658016.html,煎豆腐,大豆腐：少半块,油：适量,生抽：1勺 | 蚝油：少许 | 醋：多半勺 | 烧烤料：多半勺 | 白糖：多半勺 | 葱蒜末：适量,"1 豆腐切块。
2 调料中食材放一起。
3 拌匀成料汁。
4 油热下豆腐大火煎。
5 至两面金黄。
6 倒入料汁。
7 加一点水炖一下关火。"
658008,https://home.meishichina.com/recipe-658008.html,肉末焖土豆,土豆：适量 | 肉末：适量,蒜：适量,油：适量 | 生抽：适量 | 老抽：适量 | 白糖：适量 | 蚝油：适量,"1 土豆去皮切块，可以不用切那么大块，切的时候尽量切大小均匀一点，我这是自家种的，不知道为啥很多都是绿绿的。
2 准备好肉末，要有部分肥的，纯瘦的不好吃。我平时都是每次买肉买多点，切的切剁的剁，分好一顿一份冻冰箱，吃之前拿出来解冻。免得每次买肉只买那么一点点也要走完买肉、洗肉、切肉、洗刀、洗砧板一系列流程。我怕麻烦又觉得占用太多时间了。
3 备点蒜。
4 烧一些水，水开后把土豆块放下去煮两分钟左右，目的是把土豆刚好煮熟或者准备熟，等下焖的时候就熟得均匀，不用久煮。也可以跳过这步，后面直接下锅活生生的把土豆焖熟。
5 煮过的土豆捞出来放盘子里。
6 热锅下油。
7 倒入肉末后关火，利用余热迅速把肉末拨拉散。余热会把肉末表面烫熟，不那么容易粘成团，这样炒法比较容易炒散肉末。
8 肉末炒出一部分油后把蒜放下去，继续小火炒香。
9 蒜炒出香味后加入生抽、老抽，炒匀。
10 把土豆放下去，加点盐和糖，盐的量参照土豆需要的咸度，因为肉末刚刚已经放了生抽老抽，差不多够味了。
11 加盐后把肉末和土豆翻炒均匀，这个时候可以用中火或以上了。
12 加点水，盖上锅盖中小火焖几分钟，这个时候主要目的是为了让土豆混入肉味以及让土豆软熟，刚刚煮的时候土豆仅仅熟或者基本熟，还没开始软。个人觉得软而不烂的土豆比较好吃。
13 土豆焖得合适了，就收汁，出锅前加点蚝油，炒匀即可关火。
14 蚝油我以前是不喜欢用的，自从用了某锦记的旧庄蚝油后就喜欢上了。"
658010,https://home.meishichina.com/recipe-658010.html,黑白菜炒豆腐,黑白菜：一把 | 豆腐：一块,,花生油：适量 | 盐：适量,"1 择好的黑白菜，洗净，沥干水分，放入盆中，备用。
2 豆腐切块，备用。
3 锅烧热放适量油，倒入豆腐，翻炒至金黄色，再倒入黑白菜加适量盐调味，翻炒几下即可。
4 出锅装盘即食。
5 美味可口。"
658009,https://home.meishichina.com/recipe-658009.html,牛肉味葱炒素鸡,卤素鸡：100克,卤汤：Ⅰ00毫升,大葱：一棵,"1 卤素鸡用手拜开小块。
2 放在碗里。
3 大葱切成小段。
4 锅里加热放入素菜块翻炒。
5 倒入卤汤。
6 炒5分钟关火。"
658006,https://home.meishichina.com/recipe-658006.html,红烧牛肉,牛肉：200克,开水：适量,姜：3片 | 黄豆酱：2大勺,"1 牛肉化开切成小块放碗里备用。
2 把大葱放入大碗里。
3 红烧酱油放在碗里。
4 放干辣椒及盐备用。
5 锅里放油烧热后倒入牛肉快速翻炒。
6 倒入黄豆酱。
7 倒入碗料汁搅匀。
8 加入开水盖上盖子慢炖半小时后倒入电饭锅。
9 加入茶叶少许一起炖。
10 放入素鸡一起炖。
11 一小时后牛肉炖熟。
12 凉凉放入瓶里放在冰箱随吃随取。"
658005,https://home.meishichina.com/recipe-658005.html,红菜苔炒豆腐,红菜苔：一把 | 豆腐：一块,,花生油：适量 | 盐：适量 | 十三香：少许,"1 红菜苔，备用。
2 择好的红菜苔，洗净，沥干水分，切寸段，备用。
3 豆腐切块，备用。
4 锅烧热放适量油，倒入豆腐，翻炒至金黄色，再倒入红菜苔加适量盐和少许十三香调味，翻炒几下即可。
5 出锅装盘即食。
6 美味可口。"
656932,https://home.meishichina.com/recipe-656932.html,糯米蒸排骨,排骨：适量 | 糯米：适量,葱花：适量 | 蒜头：适量,花生油：适量 | 老抽：适量 | 生抽：适量 | 蚝油：适量 | 玉米淀粉：适量,"1 排骨斩块后清水泡发出血水洗净备用。
2 蒜头拍扁剁碎。
3 糯米清水泡发2小时左右。
4 排骨加入适量玉米淀粉。
5 加入蚝油，生抽，老抽。
6 加入蒜末抓拌均匀。
7 适量花生油拌匀腌制1小时入味。
8 排骨均匀裹上糯米。
9 将排骨糯米冷水上锅。
10 大火煮开转中火蒸40分钟左右。
11 出锅前洒上葱花即可。"
657997,https://home.meishichina.com/recipe-657997.html,葱油焖鸡,鸡翅根：10个,土豆：1只,盐：适量 | 胡椒粉：适量 | 味精：适量 | 酱油：适量 | 耗油：适量 | 菜油：适量 | 葱：1根 | 姜：1块 | 蒜：1头 | 香叶：2片 | 八角：1颗 | 桂皮：一小截,"1 切两截3CM长的葱，2CM厚的姜，在案板拍扁用纯净水浸泡备用（50ml左右）。
2 提前解冻的鸡翅根用淘米水浸泡20分钟（可以更有效的去除血水），洗干净控水。
3 脱骨，在这之前先把菜刀磨一下，不然不好用。
4 脱骨后顺便切成大一点的丁（比丁大，比块小）。
5 切成丁的鸡块加入半勺胡椒粉，一小勺盐，两喷嘴蚝油，一喷嘴酱油，1/4勺味精搅拌，搅拌均匀后再加入一勺油，继续搅拌。静置10分钟后分两次加入泡好的葱姜水备用（泡水的葱姜不要扔，还有用）。
6 锅中起油（热锅凉油）将切好的土豆块放入锅中炸，土豆大小与鸡块大小差不多即可。
7 土豆炸出的颜色不够好看可以捞出待油温升高后再复炸一次。
8 锅中留底油，加入香叶、八角、桂皮、葱、姜（泡葱姜水只用了一小部分，其余的姜切成薄片，葱切成长段）炒出香味，将以上调料捞出。
9 放入腌制好的鸡肉翻炒，待鸡肉完全变色后放入蒜瓣继续翻炒。
10 将鸡肉水分炒干后加入前面炸过的葱姜调料翻炒，后加入刚好没过鸡肉的热水，大火烧开后转小火盖上锅盖焖15分钟，放入少许的盐和酱油调味，再加入炸好的土豆块大火收汁。
11 铛铛铛铛，收汁出锅，盛盘上桌（就不撒芝麻葱花那些花里胡哨的东西了）。"
657990,https://home.meishichina.com/recipe-657990.html,红烧乌青中段,乌青鱼中段：700克,,油：适量 | 盐：适量 | 糖：适量 | 料酒：适量 | 老抽：适量 | 胡椒粉：适量 | 姜：适量 | 葱：适量 | 辣椒酱：适量,"1 乌青中段，去鳞去肚，不用洗，在鱼面划上几刀。
2 撒点盐，搓揉几下，腌制20分钟，这样口感更紧实。
3 用清水漂净，用厨房低擦干水份。
4 锅里油热，放入鱼块，两面煎成金黄色。
5 放入适量的姜，葱，胡椒粉，料酒。
6 放小半碗清水，放些老抽，糖。
7 加些辣椒酱，中火煮开10分钟，再加点盐，大火收斗。
8 撒些葱花即可盛出。"
657986,https://home.meishichina.com/recipe-657986.html,海参炒鱿鱼,干鱿鱼：适量 | 干海参：适量,葱姜蒜末：适量 | 清油：适量 | 淀粉：适量 | 猪油：适量,盐：适量 | 味精：适量 | 生抽：适量,"1 干鱿鱼泡发好，清洗干净，具体泡发方法前面介绍过，往前爬楼可得。
2 干海参泡好。
3 泡发海参方法:1.用冷水清洗几遍海参后放在冰箱保鲜层用冷水泡48小时（中间要换水）2.泡够48小时后用锅煮，煮开后慢火煮十来分钟，关火。就水焖到第二天早上，换水3.继续放冰箱保鲜层浸泡，泡12小时后（中间要换水）用手捏下海参，泡软了的拿出来放在冰箱保鲜层继续泡，不软的继续煮开然后慢火煮十来分钟到，关火，就水焖到第二天早上换水4.把海参表面的泥尘刷干净，用剪刀剖开海参的肚子，拉肠子出来，把海参再清洗下就好了切记泡发海参的容器不能沾油。
4 泡发前后对比。
5 海参鱿鱼切成适中大小。
6 葱姜蒜切末，准备猪油、水淀粉。
7 锅中加入清油、猪油，开中火。
8 等到猪油化开。
9 下入葱姜蒜末。
10 下入海参鱿鱼翻炒。
11 加入盐翻炒均匀。
12 加入适量生抽翻炒匀。
13 加入味精翻炒均匀。
14 加入一点水翻炒一到两分钟。
15 淀粉加一点水，沉淀后把上面的清水倒掉一些，和匀后加入锅中翻炒。
16 翻炒至汤汁收稠变亮后出锅。"
657908,https://home.meishichina.com/recipe-657908.html,胡萝卜菜花炒腊肉,胡萝卜：适量 | 菜花：适量 | 腊肉：适量,姜：适量 | 蒜：适量 | 糖：适量 | 生抽：适量,盐：适量,"1 腊肉切片飞水。
2 菜花洗净。
3 胡萝卜切片。
4 锅子烧热放入腊肉。
5 放入胡萝卜翻炒。
6 放入菜花。
7 调味即可。
8 开动了。"
657909,https://home.meishichina.com/recipe-657909.html,清蒸鲩鱼腩,鲩鱼：适量,大葱：适量 | 香菜：适量 | 姜：适量 | 生抽：适量 | 胡椒粉：适量,盐：适量,"1 鲩鱼。
2 鱼腩洗净。
3 取鱼腩加适量盐。
4 加入适量胡椒粉。
5 大火蒸八分钟。
6 另起锅烧油放入香菜葱丝，关火后淋上生抽。
7 码在鱼腩上。
8 开动了。"
657972,https://home.meishichina.com/recipe-657972.html,土豆粉火锅,土豆粉：适量,千张丝：1包 | 蔬荣包：1包 | 油麦菜：|棵 | 韭菜段：少许,鲜香酱包：1包 | 浓愈骨汤：|包,"1 炒锅里加水烧开。
2 砂锅土豆粉放入锅里。
3 放入千张包。
4 放入双蔬包。
5 放入鲜香酱料。
6 放入浓郁骨汤。
7 放入油麦菜。
8 放入韭菜段调色。
9 最后盛碗里。"
657969,https://home.meishichina.com/recipe-657969.html,蒜苗炒火腿肠,火腿肠：一根 | 蒜苗：一把,,花生油：适量 | 盐：少许,"1 择好的蒜苗，洗净，沥干水分。
2 切寸段，备用。
3 火腿肠斜切片，备用。
4 锅烧热放适量油，倒入蒜苗加少许盐调味，大火炒香，再倒入火腿肠，翻炒拌匀即可。
5 出锅装盘即食。
6 蒜香可口。"
657957,https://home.meishichina.com/recipe-657957.html,猪脚姜,猪脚：四分之一个 | 鸡蛋：数个,姜醋：1.9l | 老姜：半斤,料酒：适量,"1 老姜干锅炒一会。
2 猪脚飞水去沫用温水洗净放入一起炒一会。
3 放入砂锅，倒入所有的姜醋煮开后关小火。
4 煮半小时以后，将蒸熟的鸡蛋剥壳放入，一起再小火慢煮一个半小时。
5 很香，女人坐月子或者调理身体都可以吃。
6 每天吃一小碗，连续吃几天。"
657956,https://home.meishichina.com/recipe-657956.html,烤鱼,鲤鱼：1个,姜：一块 | 葱：1颗 | 蒜：6瓣 | 豆芽：适量 | 金针菇：适量 | 洋葱：半个 | 香菜：少许,黄豆酱：一大勺 | 郫县豆瓣酱：一大勺 | 火锅底料：半块 | 料酒：3勺 | 花椒粒：一勺 | 孜然粒：一勺 | 胡椒粉：3勺 | 油：透量 | 干辣椒：适量 | 白糖：半勺 | 盐：3勺,"1 豆芽，金针菇焯水30秒，控水捞出，放入盘中。
2 洋葱切了放入盘子底部。
3 备好调料。
4 鱼让卖鱼的商家帮忙收拾的，从背部划开的，抹2勺盐清洗。
5 打上花刀。
6 撒上胡椒粉，盐1勺，葱姜，料酒腌20分钟。
7 用厨房纸擦净鱼身，一会煎不会粘锅。
8 锅烧热，再放入油晃动，加入姜片。
9 把鱼放入，等定形再晃动锅体，省掉皮。
10 翻面煎，没有煎好鱼破皮了煎，盛出。
11 油热下入花椒粒小火炒出香味。
12 加入干红椒炒，再放入葱姜蒜片炒出香味。
13 放入孜然粒炒香。
14 最后放入酱炒香。
15 洋葱也放了点炒香。
16 加入啤酒，再加水，胡椒粉1勺，糖半勺提鲜。
17 鱼放入炖6分钟左右。
18 盛出，放上香菜。
19 吃起来。"
657888,https://home.meishichina.com/recipe-657888.html,春菜苗炒腊肠,春菜苗：适量 | 腊肠：适量,糖：适量 | 白酒：适量 | 大蒜：适量,盐：适量,"1 腊肠切片。
2 大蒜切碎。
3 春菜切段。
4 锅子烧热放入腊肠。
5 放入春菜翻炒。
6 加入适量白酒。
7 调味即可。
8 开动了。"
657950,https://home.meishichina.com/recipe-657950.html,猪手炒秋香苔,秋香苔：适量 | 猪手：适量,生抽：适量 | 大蒜：适量 | 糖：适量,盐：适量,"1 秋香苔洗净。
2 猪手。
3 分段备用。
4 飞水取出来。
5 锅子烧热放入猪手。
6 放入青菜翻炒。
7 调味即可。
8 装盘。
9 开动了。"
656521,https://home.meishichina.com/recipe-656521.html,蜂蜜芥末虾球,虾：适量 | 蜂蜜芥末酱：适量,葱花：适量 | 蛋黄：适量,花生油：适量 | 盐：适量 | 胡椒粉：适量 | 玉米淀粉：适量,"1 虾去壳去虾线洗净。
2 把虾开背方便入味。
3 加入适量盐，胡椒粉。
4 加入一个蛋黄，先抓匀。
5 加入玉米淀粉。
6 抓拌均匀裹上淀粉。
7 热锅加入花生油。
8 放入虾仁。
9 中小火炸至金黄。
10 炸好后盛出，把剩下的虾仁一起炸好。
11 炸好的虾球加入蜂蜜芥末酱，搅拌均匀即可。"
656388,https://home.meishichina.com/recipe-656388.html,冬笋蒸酱肉,酱肉：适量 | 冬笋：适量,姜：适量 | 葱：适量,料酒：适量 | 生抽：适量,"1 冬笋去壳，酱肉清洗后在水里煮5分钟捞出。
2 冬笋切片。
3 冷水下锅焯水3分钟捞出。
4 沥去水放在盘中。
5 酱肉切片。
6 放在笋片上。
7 放上姜片和葱结，淋上料酒。
8 上锅蒸15分钟。
9 捡去葱姜，另撒上葱花，出锅。
10 咸香不腻，非常美味。"
657949,https://home.meishichina.com/recipe-657949.html,生蚝煎蛋,生蚝肉：适量 | 鸡蛋：4个,葱花：适量 | 火腿肠：1根,盐：适量 | 胡椒粉：适量 | 水淀粉：适量,"1 准备食材：生蚝去壳洗净沥干水分备用，鸡蛋打入碗中，小葱洗净。
2 将鸡蛋划散，加入葱花和适量水淀粉搅拌均匀，再放入盐和胡椒粉拌匀。
3 锅中倒油，油热后放入生蚝，煎至两面金黄。
4 再将火腿肠倒入油中煎一下，最后倒入蛋液。
5 将蛋液定型后翻面继续定型。
6 最后用锅铲将其划散即可。
7 装盘开吃，简单美味又营养的生蚝滑蛋就好了！"
657948,https://home.meishichina.com/recipe-657948.html,红菜苔炒火腿肠,红菜苔：一把 | 马可波罗双汇火腿肠：两根,蒜：少许,花生油：适量 | 盐：少许,"1 择好的红菜苔，备用。
2 淘洗干净，沥干水分。
3 切寸段。
4 马可波罗双汇火腿肠，备用。
5 打开。
6 火腿肠斜切片。
7 蒜切片，备用。
8 锅烧热放适量油，倒入蒜炒香，再倒入红菜苔加少许盐调味，翻炒几下，继续倒入火腿肠，翻炒拌匀即可。
9 出锅装盘即食。
10 美味可口。"
657946,https://home.meishichina.com/recipe-657946.html,莴笋炒肉,莴笋：2根 | 芹菜：几根 | 肉片：150g,蒜末：适量 | 小米辣：1颗,油：适量 | 盐：1g | 酱油：半勺 | 蚝油：1勺 | 胡椒粉：1匙 | 淀粉：1匙,"1 莴笋。
2 切片。
3 芹菜。
4 切段。
5 猪肉切片后放入酱油、蚝油、胡椒粉、淀粉，腌制入味
6 准备适量的蒜末和小米辣。
7 起锅热油，倒入肉片。
8 炒至变色，铲出备用。
9 爆香蒜末和小米辣。
10 倒入莴笋和芹菜，加适量的盐炒至断生。
11 倒入肉片，加入适量的蚝油。
12 翻炒入味出锅。"
657033,https://home.meishichina.com/recipe-657033.html,柠檬可乐鸡翅,鸡中翅：适量,柠檬：适量,花生油：适量 | 老抽：适量 | 可乐：适量,"1 鸡中翅洗净备用。
2 柠檬用盐搓洗。
3 洗净的柠檬切薄片后挑去籽。
4 锅中热油放入鸡中翅。
5 中小火将两面煎至金黄。
6 放入柠檬片。
7 加入适量老抽和可乐。
8 大火煮开转中小火焖。
9 将鸡翅焖入味后大火收汁即可。"
657933,https://home.meishichina.com/recipe-657933.html,焦香土豆,土豆：2个,食用油：适量 | 料酒：少许 | 红辣椒圈：适量 | 葱花：适量,盐：适量,"1 2个大土豆洗净去皮。
2 用淀粉混匀（无需加水）。
3 土豆我分两部分炸制。
4 另一部分土豆下锅炸制金黄。
5 捞出炸好的土豆。
6 再分别复炸一遍。
7 控油捞出至另一个不粘锅中。
8 锅中加入少许料酒、盐、红椒圈、葱花翻炒。
9 翻炒出锅，囗感焦香。"
657939,https://home.meishichina.com/recipe-657939.html,蒜蓉蒸虾,虾：10条（天然虾最好）,粉丝：1捆 | 蒜蓉：1个,蒜蓉：适量 | 葱花：适量,"1 生抽，蚝油，糖，鸡精，油，盐。
2 虾：虾开两边（尾部保留）去除虾脑和虾线。
3 粉丝浸泡好后垫底。
4 将虾均匀摆于盘中。
5 水开，上锅蒸1分钟后接下一步。
6 将调好的蒜蓉酱涂抹均匀。
7 再继续蒸5分钟，即可。"
657937,https://home.meishichina.com/recipe-657937.html,清蒸白刀鱼,白刀鱼：1条,,油：适量 | 盐：适量 | 料酒：适量 | 姜：适量 | 葱：适量 | 蒸鱼豉油：适量,"1 白刀鱼去鳞去鳃，去肚，洗净沥干，在鱼的两面撒点点盐搓揉几下。
2 在鱼的两面各划几刀，因为鱼比较大，所以对半切开，在鱼肚鱼背放入姜片，放入大盘。
3 淋些料酒，锅里水开，放入鱼盘。
4 大火蒸5分钟，把鱼盘里的汤汁倒掉，继续蒸5分钟。
5 关火，焖3分钟，取出鱼盘，撒上葱花，浇上热油。
6 再浇上蒸鱼豉油，注意不要淋在鱼上，影响卖相。"
657914,https://home.meishichina.com/recipe-657914.html,小炒牛肉,牛肉：300g | 芹菜：1把,姜丝：适量 | 小米椒：1个,油：适量 | 盐：适量 | 酱油：1勺 | 蚝油：1勺 | 淀粉：2匙,"1 牛肉一块。
2 芹菜。
3 牛肉切片。
4 放入盐、酱油、淀粉、油拌匀。
5 姜丝、小米椒。
6 起锅烧油，芹菜入锅炒。
7 加适量盐炒至断生，铲出备用。
8 净锅后再次热油，炒香姜丝。
9 牛肉入锅。
10 炒至变色，放入小米椒。
11 倒入芹菜翻炒。
12 最后加入蚝油调味即可。
13 成品。鲜嫩好吃又下饭。"
657934,https://home.meishichina.com/recipe-657934.html,麻辣拌菜,蔬菜：（以自己喜欢的根茎类为主） | 午餐肉：适量 | 蟹肉：适量,干辣椒：适量 | 花椒：适量 | 粗辣椒面：适量 | 细辣椒面：适量 | 桂皮：适量 | 八角：适量 | 香叶：适量 | 白寇：适量 | 香砂：适量 | 花椒面：适量 | 菜籽油：适量 | 小茴香：适量,盐：适量 | 鸡精：适量,"1 蔬菜洗净。
2 菜切好，准备干辣椒切段、姜片、葱段、花椒和小茴香颗粒装入调料盒、一颗白寇、一颗香砂、一颗八角，一片桂皮。
3 锅中加入适量水（不要太多），倒入所有调料和盐开火煮开。
4 煮料时将蒜打成蒜蓉。
5 煮开后再煮两分钟出味。
6 依次将蔬菜食材下入锅中，煮熟捞出装入大碗。
7 将煮完食材剩下的汤汁倒入碗中。
8 在食材上放粗辣椒面，细辣椒面、花椒粉，盐、鸡精，蒜蓉。
9 锅中加入菜籽油烧开。
10 将油泼入碗中调料上面。
11 趁着锅热将所有食材和汤汁倒入烧油的锅中。
12 用炒菜铲将食材和调料拌匀。
13 出锅装碗。"
657918,https://home.meishichina.com/recipe-657918.html,豆腐酿,豆腐果：适量 | 猪肉沫：适量,,生抽：适量 | 老抽：适量 | 耗油：适量 | 胡椒粉：适量 | 白糖：适量 | 生粉：适量 | 葱花：适量 | 玉米：适量,"1 所有调料和肉沫拌匀。
2 把肉塞进豆腐果里。
3 准备一碗调料汁:生抽，蚝油，淀粉，水，搅拌均匀。
4 平底锅少油，把豆腐酿肉面朝下，四面煎一下，倒入调好的料汁，焖五分钟即可。或者蒸十分钟淋上生抽水也可。
5 出锅了，很香哦。"
